connection_id,changelog_id,field,item_index,field_type,field_id,from_value,from_string,to_value,to_string,_raw_data_params,_raw_data_table,_raw_data_id,_raw_data_remark
2,10645,Rank,0,custom,customfield_10019,,,,Ranked lower,"{""ConnectionId"":2,""BoardId"":8}",_raw_jira_api_issues,12445,
2,10646,Fix Version,0,jira,fixVersions,,,10008,v2.7.0,"{""ConnectionId"":2,""BoardId"":8}",_raw_jira_api_issues,12442,
2,10647,Fix Version,0,jira,fixVersions,,,10008,v2.7.0,"{""ConnectionId"":2,""BoardId"":8}",_raw_jira_api_issues,12443,
2,10648,Fix Version,0,jira,fixVersions,,,10008,v2.7.0,"{""ConnectionId"":2,""BoardId"":8}",_raw_jira_api_issues,12444,
2,10649,Fix Version,0,jira,fixVersions,,,10008,v2.7.0,"{""ConnectionId"":2,""BoardId"":8}",_raw_jira_api_issues,12446,
2,10650,Fix Version,0,jira,fixVersions,,,10008,v2.7.0,"{""ConnectionId"":2,""BoardId"":8}",_raw_jira_api_issues,12445,
2,10655,Fix Version,0,jira,fixVersions,,,10008,v2.7.0,"{""ConnectionId"":2,""BoardId"":8}",_raw_jira_api_issues,12449,
2,10656,Fix Version,0,jira,fixVersions,,,10008,v2.7.0,"{""ConnectionId"":2,""BoardId"":8}",_raw_jira_api_issues,12447,
2,10657,Fix Version,0,jira,fixVersions,,,10008,v2.7.0,"{""ConnectionId"":2,""BoardId"":8}",_raw_jira_api_issues,12448,
2,10659,Epic Link,0,custom,customfield_10014,,,10073,EE-11,"{""ConnectionId"":2,""BoardId"":8}",_raw_jira_api_issues,12441,
2,10660,Epic Link,0,custom,customfield_10014,,,10073,EE-11,"{""ConnectionId"":2,""BoardId"":8}",_raw_jira_api_issues,12442,
2,10661,Epic Link,0,custom,customfield_10014,,,10073,EE-11,"{""ConnectionId"":2,""BoardId"":8}",_raw_jira_api_issues,12443,
2,10662,Epic Link,0,custom,customfield_10014,,,10073,EE-11,"{""ConnectionId"":2,""BoardId"":8}",_raw_jira_api_issues,12444,
2,10665,Epic Link,0,custom,customfield_10014,,,10074,EE-12,"{""ConnectionId"":2,""BoardId"":8}",_raw_jira_api_issues,12446,
2,10667,Epic Link,0,custom,customfield_10014,,,10073,EE-11,"{""ConnectionId"":2,""BoardId"":8}",_raw_jira_api_issues,12445,
2,10669,Epic Link,0,custom,customfield_10014,,,10069,EE-7,"{""ConnectionId"":2,""BoardId"":8}",_raw_jira_api_issues,12449,
2,10670,Epic Link,0,custom,customfield_10014,,,10069,EE-7,"{""ConnectionId"":2,""BoardId"":8}",_raw_jira_api_issues,12447,
2,10671,Epic Link,0,custom,customfield_10014,,,10069,EE-7,"{""ConnectionId"":2,""BoardId"":8}",_raw_jira_api_issues,12448,
2,10679,Epic Link,0,custom,customfield_10014,,,10075,EE-13,"{""ConnectionId"":2,""BoardId"":8}",_raw_jira_api_issues,12450,
2,10680,Epic Link,0,custom,customfield_10014,,,10075,EE-13,"{""ConnectionId"":2,""BoardId"":8}",_raw_jira_api_issues,12451,
2,10681,Epic Link,0,custom,customfield_10014,,,10075,EE-13,"{""ConnectionId"":2,""BoardId"":8}",_raw_jira_api_issues,12452,
2,10682,Epic Link,0,custom,customfield_10014,,,10075,EE-13,"{""ConnectionId"":2,""BoardId"":8}",_raw_jira_api_issues,12453,
2,10686,Sprint,0,custom,customfield_10020,,,7,Sprints Sprint 1,"{""ConnectionId"":2,""BoardId"":8}",_raw_jira_api_issues,12447,
2,10687,Sprint,0,custom,customfield_10020,,,7,Sprints Sprint 1,"{""ConnectionId"":2,""BoardId"":8}",_raw_jira_api_issues,12442,
2,10688,Sprint,0,custom,customfield_10020,,,7,Sprints Sprint 1,"{""ConnectionId"":2,""BoardId"":8}",_raw_jira_api_issues,12444,
2,10689,Sprint,0,custom,customfield_10020,,,7,Sprints Sprint 1,"{""ConnectionId"":2,""BoardId"":8}",_raw_jira_api_issues,12446,
2,10690,Sprint,0,custom,customfield_10020,,,7,Sprints Sprint 1,"{""ConnectionId"":2,""BoardId"":8}",_raw_jira_api_issues,12441,
2,10691,Sprint,0,custom,customfield_10020,,,7,Sprints Sprint 1,"{""ConnectionId"":2,""BoardId"":8}",_raw_jira_api_issues,12448,
2,10692,Sprint,0,custom,customfield_10020,,,7,Sprints Sprint 1,"{""ConnectionId"":2,""BoardId"":8}",_raw_jira_api_issues,12443,
2,10693,Sprint,0,custom,customfield_10020,,,7,Sprints Sprint 1,"{""ConnectionId"":2,""BoardId"":8}",_raw_jira_api_issues,12445,
2,10694,Sprint,0,custom,customfield_10020,,,7,Sprints Sprint 1,"{""ConnectionId"":2,""BoardId"":8}",_raw_jira_api_issues,12450,
2,10695,Sprint,0,custom,customfield_10020,,,7,Sprints Sprint 1,"{""ConnectionId"":2,""BoardId"":8}",_raw_jira_api_issues,12452,
2,10696,Sprint,0,custom,customfield_10020,,,7,Sprints Sprint 1,"{""ConnectionId"":2,""BoardId"":8}",_raw_jira_api_issues,12449,
2,10697,Sprint,0,custom,customfield_10020,,,7,Sprints Sprint 1,"{""ConnectionId"":2,""BoardId"":8}",_raw_jira_api_issues,12454,
2,10698,Sprint,0,custom,customfield_10020,,,7,Sprints Sprint 1,"{""ConnectionId"":2,""BoardId"":8}",_raw_jira_api_issues,12453,
2,10699,Sprint,0,custom,customfield_10020,,,7,Sprints Sprint 1,"{""ConnectionId"":2,""BoardId"":8}",_raw_jira_api_issues,12451,
2,10702,Epic Link,0,custom,customfield_10014,,,10083,EE-21,"{""ConnectionId"":2,""BoardId"":8}",_raw_jira_api_issues,12455,
2,10707,Rank,0,custom,customfield_10019,,,,Ranked higher,"{""ConnectionId"":2,""BoardId"":8}",_raw_jira_api_issues,12457,
2,10709,Parent,0,jira,,,,10063,EE-1,"{""ConnectionId"":2,""BoardId"":8}",_raw_jira_api_issues,12458,
2,10711,Parent,0,jira,,,,10063,EE-1,"{""ConnectionId"":2,""BoardId"":8}",_raw_jira_api_issues,12459,
2,10713,Parent,0,jira,,,,10063,EE-1,"{""ConnectionId"":2,""BoardId"":8}",_raw_jira_api_issues,12460,
2,10715,Parent,0,jira,,,,10063,EE-1,"{""ConnectionId"":2,""BoardId"":8}",_raw_jira_api_issues,12461,
2,10716,status,0,jira,status,10000,To Do,3,In Development,"{""ConnectionId"":2,""BoardId"":8}",_raw_jira_api_issues,12459,
2,10717,status,0,jira,status,3,In Development,5,Resolved,"{""ConnectionId"":2,""BoardId"":8}",_raw_jira_api_issues,12459,
2,10718,assignee,0,jira,assignee,,,5ecfbd0a47d31e0c2a15fd87,yuxiang,"{""ConnectionId"":2,""BoardId"":8}",_raw_jira_api_issues,12459,
2,10719,assignee,0,jira,assignee,5ecfbd0a47d31e0c2a15fd87,yuxiang,5ecfbd0ba04d9c0c220c18d8,yanghui,"{""ConnectionId"":2,""BoardId"":8}",_raw_jira_api_issues,12459,
2,10720,assignee,0,jira,assignee,5ecfbd0ba04d9c0c220c18d8,yanghui,5ecfbd0a47d31e0c2a15fd87,yuxiang,"{""ConnectionId"":2,""BoardId"":8}",_raw_jira_api_issues,12459,
2,10721,status,0,jira,status,10000,To Do,5,Resolved,"{""ConnectionId"":2,""BoardId"":8}",_raw_jira_api_issues,12458,
2,10722,status,0,jira,status,10000,To Do,3,In Development,"{""ConnectionId"":2,""BoardId"":8}",_raw_jira_api_issues,12460,
2,10723,assignee,0,jira,assignee,,,5ecfbd0c730ec90c1999cadf,Dingding Zhang,"{""ConnectionId"":2,""BoardId"":8}",_raw_jira_api_issues,12458,
2,10724,assignee,0,jira,assignee,,,5ecfbd0ba04d9c0c220c18d8,yanghui,"{""ConnectionId"":2,""BoardId"":8}",_raw_jira_api_issues,12460,
2,10725,assignee,0,jira,assignee,,,5ecfbd0c730ec90c1999cadf,Dingding Zhang,"{""ConnectionId"":2,""BoardId"":8}",_raw_jira_api_issues,12461,
2,10726,timeestimate,0,jira,timeestimate,,,14400,14400,"{""ConnectionId"":2,""BoardId"":8}",_raw_jira_api_issues,12458,
2,10726,timeoriginalestimate,0,jira,timeoriginalestimate,,,14400,14400,"{""ConnectionId"":2,""BoardId"":8}",_raw_jira_api_issues,12458,
2,10727,timeestimate,0,jira,timeestimate,,,39600,39600,"{""ConnectionId"":2,""BoardId"":8}",_raw_jira_api_issues,12460,
2,10727,timeoriginalestimate,0,jira,timeoriginalestimate,,,39600,39600,"{""ConnectionId"":2,""BoardId"":8}",_raw_jira_api_issues,12460,
2,10728,timeestimate,0,jira,timeestimate,,,21600,21600,"{""ConnectionId"":2,""BoardId"":8}",_raw_jira_api_issues,12461,
2,10728,timeoriginalestimate,0,jira,timeoriginalestimate,,,21600,21600,"{""ConnectionId"":2,""BoardId"":8}",_raw_jira_api_issues,12461,
2,10730,Parent,0,jira,,,,10064,EE-2,"{""ConnectionId"":2,""BoardId"":8}",_raw_jira_api_issues,12462,
2,10732,Parent,0,jira,,,,10064,EE-2,"{""ConnectionId"":2,""BoardId"":8}",_raw_jira_api_issues,12463,
2,10734,Parent,0,jira,,,,10064,EE-2,"{""ConnectionId"":2,""BoardId"":8}",_raw_jira_api_issues,12464,
2,10736,Parent,0,jira,,,,10064,EE-2,"{""ConnectionId"":2,""BoardId"":8}",_raw_jira_api_issues,12465,
2,10737,assignee,0,jira,assignee,,,5ecfbd0c730ec90c1999cadf,Dingding Zhang,"{""ConnectionId"":2,""BoardId"":8}",_raw_jira_api_issues,12462,
2,10738,assignee,0,jira,assignee,,,5ecfbd0a47d31e0c2a15fd87,yuxiang,"{""ConnectionId"":2,""BoardId"":8}",_raw_jira_api_issues,12463,
2,10739,assignee,0,jira,assignee,,,5ecfbd0ba04d9c0c220c18d8,yanghui,"{""ConnectionId"":2,""BoardId"":8}",_raw_jira_api_issues,12464,
2,10740,assignee,0,jira,assignee,,,5ecfbd0c730ec90c1999cadf,Dingding Zhang,"{""ConnectionId"":2,""BoardId"":8}",_raw_jira_api_issues,12465,
2,10741,status,0,jira,status,10000,To Do,5,Resolved,"{""ConnectionId"":2,""BoardId"":8}",_raw_jira_api_issues,12462,
2,10742,status,0,jira,status,10000,To Do,5,Resolved,"{""ConnectionId"":2,""BoardId"":8}",_raw_jira_api_issues,12463,
2,10743,status,0,jira,status,10000,To Do,3,In Development,"{""ConnectionId"":2,""BoardId"":8}",_raw_jira_api_issues,12464,
2,10744,timeestimate,0,jira,timeestimate,,,21600,21600,"{""ConnectionId"":2,""BoardId"":8}",_raw_jira_api_issues,12465,
2,10744,timeoriginalestimate,0,jira,timeoriginalestimate,,,21600,21600,"{""ConnectionId"":2,""BoardId"":8}",_raw_jira_api_issues,12465,
2,10745,timeestimate,0,jira,timeestimate,,,7200,7200,"{""ConnectionId"":2,""BoardId"":8}",_raw_jira_api_issues,12464,
2,10745,timeoriginalestimate,0,jira,timeoriginalestimate,,,7200,7200,"{""ConnectionId"":2,""BoardId"":8}",_raw_jira_api_issues,12464,
2,10746,timeestimate,0,jira,timeestimate,,,21600,21600,"{""ConnectionId"":2,""BoardId"":8}",_raw_jira_api_issues,12462,
2,10746,timeoriginalestimate,0,jira,timeoriginalestimate,,,21600,21600,"{""ConnectionId"":2,""BoardId"":8}",_raw_jira_api_issues,12462,
2,10748,Parent,0,jira,,,,10063,EE-1,"{""ConnectionId"":2,""BoardId"":8}",_raw_jira_api_issues,12466,
2,10749,assignee,0,jira,assignee,,,5ecfbd0984083c0c12e5af8f,lin.hao,"{""ConnectionId"":2,""BoardId"":8}",_raw_jira_api_issues,12466,
2,10751,Parent,0,jira,,,,10065,EE-3,"{""ConnectionId"":2,""BoardId"":8}",_raw_jira_api_issues,12467,
2,10753,Parent,0,jira,,,,10065,EE-3,"{""ConnectionId"":2,""BoardId"":8}",_raw_jira_api_issues,12468,
2,10755,Parent,0,jira,,,,10065,EE-3,"{""ConnectionId"":2,""BoardId"":8}",_raw_jira_api_issues,12469,
2,10757,Parent,0,jira,,,,10065,EE-3,"{""ConnectionId"":2,""BoardId"":8}",_raw_jira_api_issues,12470,
2,10763,assignee,0,jira,assignee,,,5ecfbd0c730ec90c1999cadf,Dingding Zhang,"{""ConnectionId"":2,""BoardId"":8}",_raw_jira_api_issues,12467,
2,10764,assignee,0,jira,assignee,,,5ecfbd0ba04d9c0c220c18d8,yanghui,"{""ConnectionId"":2,""BoardId"":8}",_raw_jira_api_issues,12468,
2,10765,timeestimate,0,jira,timeestimate,,,7200,7200,"{""ConnectionId"":2,""BoardId"":8}",_raw_jira_api_issues,12468,
2,10765,timeoriginalestimate,0,jira,timeoriginalestimate,,,7200,7200,"{""ConnectionId"":2,""BoardId"":8}",_raw_jira_api_issues,12468,
2,10766,assignee,0,jira,assignee,,,5ecfbd0ba04d9c0c220c18d8,yanghui,"{""ConnectionId"":2,""BoardId"":8}",_raw_jira_api_issues,12469,
2,10767,timeestimate,0,jira,timeestimate,,,7200,7200,"{""ConnectionId"":2,""BoardId"":8}",_raw_jira_api_issues,12469,
2,10767,timeoriginalestimate,0,jira,timeoriginalestimate,,,7200,7200,"{""ConnectionId"":2,""BoardId"":8}",_raw_jira_api_issues,12469,
2,10768,assignee,0,jira,assignee,5ecfbd0ba04d9c0c220c18d8,yanghui,5ecfbd0a47d31e0c2a15fd87,yuxiang,"{""ConnectionId"":2,""BoardId"":8}",_raw_jira_api_issues,12468,
2,10769,assignee,0,jira,assignee,,,5e9711ba34f7b90c0fbc37d3,Rankin Zheng,"{""ConnectionId"":2,""BoardId"":8}",_raw_jira_api_issues,12443,
2,10770,assignee,0,jira,assignee,5e9711ba34f7b90c0fbc37d3,Rankin Zheng,5ecfbd0c730ec90c1999cadf,Dingding Zhang,"{""ConnectionId"":2,""BoardId"":8}",_raw_jira_api_issues,12443,
2,10771,assignee,0,jira,assignee,5ecfbd0c730ec90c1999cadf,Dingding Zhang,,,"{""ConnectionId"":2,""BoardId"":8}",_raw_jira_api_issues,12443,
2,10772,assignee,0,jira,assignee,,,5ecfbd0c730ec90c1999cadf,Dingding Zhang,"{""ConnectionId"":2,""BoardId"":8}",_raw_jira_api_issues,12470,
2,10774,status,0,jira,status,10000,To Do,5,Resolved,"{""ConnectionId"":2,""BoardId"":8}",_raw_jira_api_issues,12467,
2,10775,timeestimate,0,jira,timeestimate,,,21600,21600,"{""ConnectionId"":2,""BoardId"":8}",_raw_jira_api_issues,12467,
2,10775,timeoriginalestimate,0,jira,timeoriginalestimate,,,21600,21600,"{""ConnectionId"":2,""BoardId"":8}",_raw_jira_api_issues,12467,
2,10776,timeoriginalestimate,0,jira,timeoriginalestimate,21600,21600,14400,14400,"{""ConnectionId"":2,""BoardId"":8}",_raw_jira_api_issues,12467,
2,10777,timeoriginalestimate,0,jira,timeoriginalestimate,7200,7200,,,"{""ConnectionId"":2,""BoardId"":8}",_raw_jira_api_issues,12468,
2,10778,status,0,jira,status,10000,To Do,5,Resolved,"{""ConnectionId"":2,""BoardId"":8}",_raw_jira_api_issues,12468,
2,10779,status,0,jira,status,10000,To Do,3,In Development,"{""ConnectionId"":2,""BoardId"":8}",_raw_jira_api_issues,12469,
2,10845,assignee,0,jira,assignee,,,5ecfbd0c730ec90c1999cadf,Dingding Zhang,"{""ConnectionId"":2,""BoardId"":8}",_raw_jira_api_issues,12441,
2,10846,assignee,0,jira,assignee,,,5ecfbd0c730ec90c1999cadf,Dingding Zhang,"{""ConnectionId"":2,""BoardId"":8}",_raw_jira_api_issues,12442,
2,10847,assignee,0,jira,assignee,,,5ecfbd0c730ec90c1999cadf,Dingding Zhang,"{""ConnectionId"":2,""BoardId"":8}",_raw_jira_api_issues,12443,
2,10848,assignee,0,jira,assignee,,,5ecfbd0c730ec90c1999cadf,Dingding Zhang,"{""ConnectionId"":2,""BoardId"":8}",_raw_jira_api_issues,12444,
2,10849,assignee,0,jira,assignee,,,5ecfbd0c730ec90c1999cadf,Dingding Zhang,"{""ConnectionId"":2,""BoardId"":8}",_raw_jira_api_issues,12446,
2,10850,assignee,0,jira,assignee,,,5ecfbd0c730ec90c1999cadf,Dingding Zhang,"{""ConnectionId"":2,""BoardId"":8}",_raw_jira_api_issues,12445,
2,10851,assignee,0,jira,assignee,,,5ecfbd0aaa47a00c1997ea8e,chao.cheng,"{""ConnectionId"":2,""BoardId"":8}",_raw_jira_api_issues,12454,
2,10852,assignee,0,jira,assignee,,,5ecfbd0aaa47a00c1997ea8e,chao.cheng,"{""ConnectionId"":2,""BoardId"":8}",_raw_jira_api_issues,12457,
2,10853,assignee,0,jira,assignee,,,5ecfbd0a47d31e0c2a15fd87,yuxiang,"{""ConnectionId"":2,""BoardId"":8}",_raw_jira_api_issues,12453,
2,10854,assignee,0,jira,assignee,,,5ecfbd0a47d31e0c2a15fd87,yuxiang,"{""ConnectionId"":2,""BoardId"":8}",_raw_jira_api_issues,12452,
2,10855,assignee,0,jira,assignee,,,5ecfbd0a47d31e0c2a15fd87,yuxiang,"{""ConnectionId"":2,""BoardId"":8}",_raw_jira_api_issues,12451,
2,10856,assignee,0,jira,assignee,,,5ecfbd0a47d31e0c2a15fd87,yuxiang,"{""ConnectionId"":2,""BoardId"":8}",_raw_jira_api_issues,12450,
2,10857,assignee,0,jira,assignee,,,5ecfbd0ba04d9c0c220c18d8,yanghui,"{""ConnectionId"":2,""BoardId"":8}",_raw_jira_api_issues,12449,
2,10858,assignee,0,jira,assignee,,,5ecfbd0ba04d9c0c220c18d8,yanghui,"{""ConnectionId"":2,""BoardId"":8}",_raw_jira_api_issues,12448,
2,10859,assignee,0,jira,assignee,,,5ecfbd0ba04d9c0c220c18d8,yanghui,"{""ConnectionId"":2,""BoardId"":8}",_raw_jira_api_issues,12447,
2,10860,assignee,0,jira,assignee,,,5ecfbd0a47d31e0c2a15fd87,yuxiang,"{""ConnectionId"":2,""BoardId"":8}",_raw_jira_api_issues,12456,
2,10876,timeestimate,0,jira,timeestimate,,,100800,100800,"{""ConnectionId"":2,""BoardId"":8}",_raw_jira_api_issues,12448,
2,10876,timeoriginalestimate,0,jira,timeoriginalestimate,,,100800,100800,"{""ConnectionId"":2,""BoardId"":8}",_raw_jira_api_issues,12448,
2,10885,timeestimate,0,jira,timeestimate,,,14400,14400,"{""ConnectionId"":2,""BoardId"":8}",_raw_jira_api_issues,12450,
2,10885,timeoriginalestimate,0,jira,timeoriginalestimate,,,14400,14400,"{""ConnectionId"":2,""BoardId"":8}",_raw_jira_api_issues,12450,
2,10886,status,0,jira,status,10000,To Do,5,Resolved,"{""ConnectionId"":2,""BoardId"":8}",_raw_jira_api_issues,12450,
2,10887,timeestimate,0,jira,timeestimate,,,14400,14400,"{""ConnectionId"":2,""BoardId"":8}",_raw_jira_api_issues,12451,
2,10887,timeoriginalestimate,0,jira,timeoriginalestimate,,,14400,14400,"{""ConnectionId"":2,""BoardId"":8}",_raw_jira_api_issues,12451,
2,10888,status,0,jira,status,10000,To Do,5,Resolved,"{""ConnectionId"":2,""BoardId"":8}",_raw_jira_api_issues,12451,
2,10889,status,0,jira,status,10000,To Do,5,Resolved,"{""ConnectionId"":2,""BoardId"":8}",_raw_jira_api_issues,12452,
2,10890,timeestimate,0,jira,timeestimate,,,21600,21600,"{""ConnectionId"":2,""BoardId"":8}",_raw_jira_api_issues,12453,
2,10890,timeoriginalestimate,0,jira,timeoriginalestimate,,,21600,21600,"{""ConnectionId"":2,""BoardId"":8}",_raw_jira_api_issues,12453,
2,10895,status,0,jira,status,10020,Inbox,6,Closed,"{""ConnectionId"":2,""BoardId"":8}",_raw_jira_api_issues,12457,
2,10898,status,0,jira,status,1,Open,3,In Development,"{""ConnectionId"":2,""BoardId"":8}",_raw_jira_api_issues,12456,
2,10899,status,0,jira,status,3,In Development,5,Resolved,"{""ConnectionId"":2,""BoardId"":8}",_raw_jira_api_issues,12456,
2,10900,status,0,jira,status,10020,Inbox,10029,Ready for Dev,"{""ConnectionId"":2,""BoardId"":8}",_raw_jira_api_issues,12441,
2,10901,status,0,jira,status,10020,Inbox,10029,Ready for Dev,"{""ConnectionId"":2,""BoardId"":8}",_raw_jira_api_issues,12442,
2,10902,status,0,jira,status,10020,Inbox,10029,Ready for Dev,"{""ConnectionId"":2,""BoardId"":8}",_raw_jira_api_issues,12443,
2,10903,status,0,jira,status,10020,Inbox,10029,Ready for Dev,"{""ConnectionId"":2,""BoardId"":8}",_raw_jira_api_issues,12444,
2,10904,status,0,jira,status,10020,Inbox,10029,Ready for Dev,"{""ConnectionId"":2,""BoardId"":8}",_raw_jira_api_issues,12446,
2,10905,status,0,jira,status,10020,Inbox,10029,Ready for Dev,"{""ConnectionId"":2,""BoardId"":8}",_raw_jira_api_issues,12454,
2,10906,status,0,jira,status,10029,Ready for Dev,3,In Development,"{""ConnectionId"":2,""BoardId"":8}",_raw_jira_api_issues,12454,
2,10907,status,0,jira,status,3,In Development,5,Resolved,"{""ConnectionId"":2,""BoardId"":8}",_raw_jira_api_issues,12454,
2,10908,status,0,jira,status,3,In Development,5,Resolved,"{""ConnectionId"":2,""BoardId"":8}",_raw_jira_api_issues,12460,
2,10909,status,0,jira,status,3,In Development,5,Resolved,"{""ConnectionId"":2,""BoardId"":8}",_raw_jira_api_issues,12464,
2,10910,status,0,jira,status,3,In Development,5,Resolved,"{""ConnectionId"":2,""BoardId"":8}",_raw_jira_api_issues,12469,
2,10911,status,0,jira,status,10029,Ready for Dev,3,In Development,"{""ConnectionId"":2,""BoardId"":8}",_raw_jira_api_issues,12441,
2,10914,Workflow,0,jira,,10358,Sprint Workflow for EE,10414,Software Simplified Workflow for Project EE,"{""ConnectionId"":2,""BoardId"":8}",_raw_jira_api_issues,12448,
2,10917,status,0,jira,status,5,Resolved,10000,To Do,"{""ConnectionId"":2,""BoardId"":8}",_raw_jira_api_issues,12451,
2,10917,Workflow,0,jira,,10364,Sprint Workflow for EE,10417,Software Simplified Workflow for Project EE,"{""ConnectionId"":2,""BoardId"":8}",_raw_jira_api_issues,12451,
2,10918,status,0,jira,status,5,Resolved,10000,To Do,"{""ConnectionId"":2,""BoardId"":8}",_raw_jira_api_issues,12452,
2,10918,Workflow,0,jira,,10365,Sprint Workflow for EE,10418,Software Simplified Workflow for Project EE,"{""ConnectionId"":2,""BoardId"":8}",_raw_jira_api_issues,12452,
2,10919,Workflow,0,jira,,10386,Sprint Workflow for EE,10419,Software Simplified Workflow for Project EE,"{""ConnectionId"":2,""BoardId"":8}",_raw_jira_api_issues,12470,
2,10921,status,0,jira,status,5,Resolved,10000,To Do,"{""ConnectionId"":2,""BoardId"":8}",_raw_jira_api_issues,12468,
2,10921,Workflow,0,jira,,10384,Sprint Workflow for EE,10421,Software Simplified Workflow for Project EE,"{""ConnectionId"":2,""BoardId"":8}",_raw_jira_api_issues,12468,
2,10922,Workflow,0,jira,,10354,Sprint Workflow for EE,10422,Software Simplified Workflow for Project EE,"{""ConnectionId"":2,""BoardId"":8}",_raw_jira_api_issues,12445,
2,10923,Workflow,0,jira,,10366,Sprint Workflow for EE,10423,Software Simplified Workflow for Project EE,"{""ConnectionId"":2,""BoardId"":8}",_raw_jira_api_issues,12453,
2,10924,Workflow,0,jira,,10359,Sprint Workflow for EE,10424,Software Simplified Workflow for Project EE,"{""ConnectionId"":2,""BoardId"":8}",_raw_jira_api_issues,12449,
2,10925,status,0,jira,status,5,Resolved,10000,To Do,"{""ConnectionId"":2,""BoardId"":8}",_raw_jira_api_issues,12459,
2,10925,Workflow,0,jira,,10375,Sprint Workflow for EE,10425,Software Simplified Workflow for Project EE,"{""ConnectionId"":2,""BoardId"":8}",_raw_jira_api_issues,12459,
2,10926,Workflow,0,jira,,10357,Sprint Workflow for EE,10426,Software Simplified Workflow for Project EE,"{""ConnectionId"":2,""BoardId"":8}",_raw_jira_api_issues,12447,
2,10927,status,0,jira,status,6,Closed,10000,To Do,"{""ConnectionId"":2,""BoardId"":8}",_raw_jira_api_issues,12457,
2,10927,Workflow,0,jira,,10373,Requirements Workflow for EE,10427,Software Simplified Workflow for Project EE,"{""ConnectionId"":2,""BoardId"":8}",_raw_jira_api_issues,12457,
2,10928,status,0,jira,status,5,Resolved,10000,To Do,"{""ConnectionId"":2,""BoardId"":8}",_raw_jira_api_issues,12458,
2,10928,Workflow,0,jira,,10374,Sprint Workflow for EE,10428,Software Simplified Workflow for Project EE,"{""ConnectionId"":2,""BoardId"":8}",_raw_jira_api_issues,12458,
2,10929,Workflow,0,jira,,10377,Sprint Workflow for EE,10429,Software Simplified Workflow for Project EE,"{""ConnectionId"":2,""BoardId"":8}",_raw_jira_api_issues,12461,
2,10932,status,0,jira,status,5,Resolved,10000,To Do,"{""ConnectionId"":2,""BoardId"":8}",_raw_jira_api_issues,12456,
2,10932,Workflow,0,jira,,10372,Bugs Workflow for EE,10432,Software Simplified Workflow for Project EE,"{""ConnectionId"":2,""BoardId"":8}",_raw_jira_api_issues,12456,
2,10933,status,0,jira,status,10029,Ready for Dev,10000,To Do,"{""ConnectionId"":2,""BoardId"":8}",_raw_jira_api_issues,12442,
2,10933,Workflow,0,jira,,10351,Requirements Workflow for EE,10433,Software Simplified Workflow for Project EE,"{""ConnectionId"":2,""BoardId"":8}",_raw_jira_api_issues,12442,
2,10935,status,0,jira,status,10029,Ready for Dev,10000,To Do,"{""ConnectionId"":2,""BoardId"":8}",_raw_jira_api_issues,12443,
2,10935,Workflow,0,jira,,10352,Requirements Workflow for EE,10435,Software Simplified Workflow for Project EE,"{""ConnectionId"":2,""BoardId"":8}",_raw_jira_api_issues,12443,
2,10936,status,0,jira,status,10029,Ready for Dev,10000,To Do,"{""ConnectionId"":2,""BoardId"":8}",_raw_jira_api_issues,12444,
2,10936,Workflow,0,jira,,10353,Requirements Workflow for EE,10436,Software Simplified Workflow for Project EE,"{""ConnectionId"":2,""BoardId"":8}",_raw_jira_api_issues,12444,
2,10937,status,0,jira,status,5,Resolved,10000,To Do,"{""ConnectionId"":2,""BoardId"":8}",_raw_jira_api_issues,12454,
2,10937,Workflow,0,jira,,10368,Requirements Workflow for EE,10437,Software Simplified Workflow for Project EE,"{""ConnectionId"":2,""BoardId"":8}",_raw_jira_api_issues,12454,
2,10938,status,0,jira,status,5,Resolved,10000,To Do,"{""ConnectionId"":2,""BoardId"":8}",_raw_jira_api_issues,12460,
2,10938,Workflow,0,jira,,10376,Sprint Workflow for EE,10438,Software Simplified Workflow for Project EE,"{""ConnectionId"":2,""BoardId"":8}",_raw_jira_api_issues,12460,
2,10939,status,0,jira,status,5,Resolved,10000,To Do,"{""ConnectionId"":2,""BoardId"":8}",_raw_jira_api_issues,12464,
2,10939,Workflow,0,jira,,10380,Sprint Workflow for EE,10439,Software Simplified Workflow for Project EE,"{""ConnectionId"":2,""BoardId"":8}",_raw_jira_api_issues,12464,
2,10940,status,0,jira,status,5,Resolved,10000,To Do,"{""ConnectionId"":2,""BoardId"":8}",_raw_jira_api_issues,12469,
2,10940,Workflow,0,jira,,10385,Sprint Workflow for EE,10440,Software Simplified Workflow for Project EE,"{""ConnectionId"":2,""BoardId"":8}",_raw_jira_api_issues,12469,
2,10943,status,0,jira,status,5,Resolved,10000,To Do,"{""ConnectionId"":2,""BoardId"":8}",_raw_jira_api_issues,12463,
2,10943,Workflow,0,jira,,10379,Sprint Workflow for EE,10443,Software Simplified Workflow for Project EE,"{""ConnectionId"":2,""BoardId"":8}",_raw_jira_api_issues,12463,
2,10944,Workflow,0,jira,,10381,Sprint Workflow for EE,10444,Software Simplified Workflow for Project EE,"{""ConnectionId"":2,""BoardId"":8}",_raw_jira_api_issues,12465,
2,10945,status,0,jira,status,5,Resolved,10000,To Do,"{""ConnectionId"":2,""BoardId"":8}",_raw_jira_api_issues,12462,
2,10945,Workflow,0,jira,,10378,Sprint Workflow for EE,10445,Software Simplified Workflow for Project EE,"{""ConnectionId"":2,""BoardId"":8}",_raw_jira_api_issues,12462,
2,10946,status,0,jira,status,10020,Inbox,10000,To Do,"{""ConnectionId"":2,""BoardId"":8}",_raw_jira_api_issues,12455,
2,10946,Workflow,0,jira,,10369,Requirements Workflow for EE,10446,Software Simplified Workflow for Project EE,"{""ConnectionId"":2,""BoardId"":8}",_raw_jira_api_issues,12455,
2,10948,Workflow,0,jira,,10382,Sprint Workflow for EE,10448,Software Simplified Workflow for Project EE,"{""ConnectionId"":2,""BoardId"":8}",_raw_jira_api_issues,12466,
2,10951,status,0,jira,status,5,Resolved,10000,To Do,"{""ConnectionId"":2,""BoardId"":8}",_raw_jira_api_issues,12467,
2,10951,Workflow,0,jira,,10383,Sprint Workflow for EE,10451,Software Simplified Workflow for Project EE,"{""ConnectionId"":2,""BoardId"":8}",_raw_jira_api_issues,12467,
2,10958,status,0,jira,status,5,Resolved,10000,To Do,"{""ConnectionId"":2,""BoardId"":8}",_raw_jira_api_issues,12450,
2,10958,Workflow,0,jira,,10363,Sprint Workflow for EE,10458,Software Simplified Workflow for Project EE,"{""ConnectionId"":2,""BoardId"":8}",_raw_jira_api_issues,12450,
2,10960,status,0,jira,status,10029,Ready for Dev,10000,To Do,"{""ConnectionId"":2,""BoardId"":8}",_raw_jira_api_issues,12446,
2,10960,Workflow,0,jira,,10355,Requirements Workflow for EE,10460,Software Simplified Workflow for Project EE,"{""ConnectionId"":2,""BoardId"":8}",_raw_jira_api_issues,12446,
2,10969,Workflow,0,jira,,10350,Requirements Workflow for EE,10469,Software Simplified Workflow for Project EE,"{""ConnectionId"":2,""BoardId"":8}",_raw_jira_api_issues,12441,
2,10978,status,0,jira,status,10000,To Do,1,Open,"{""ConnectionId"":2,""BoardId"":8}",_raw_jira_api_issues,12452,
2,10978,Workflow,0,jira,,10418,Software Simplified Workflow for Project EE,10478,jira,"{""ConnectionId"":2,""BoardId"":8}",_raw_jira_api_issues,12452,
2,10979,status,0,jira,status,10000,To Do,1,Open,"{""ConnectionId"":2,""BoardId"":8}",_raw_jira_api_issues,12470,
2,10979,Workflow,0,jira,,10419,Software Simplified Workflow for Project EE,10479,jira,"{""ConnectionId"":2,""BoardId"":8}",_raw_jira_api_issues,12470,
2,10980,status,0,jira,status,10000,To Do,1,Open,"{""ConnectionId"":2,""BoardId"":8}",_raw_jira_api_issues,12445,
2,10980,Workflow,0,jira,,10422,Software Simplified Workflow for Project EE,10480,jira,"{""ConnectionId"":2,""BoardId"":8}",_raw_jira_api_issues,12445,
2,10981,status,0,jira,status,10000,To Do,1,Open,"{""ConnectionId"":2,""BoardId"":8}",_raw_jira_api_issues,12448,
2,10981,Workflow,0,jira,,10414,Software Simplified Workflow for Project EE,10481,jira,"{""ConnectionId"":2,""BoardId"":8}",_raw_jira_api_issues,12448,
2,10982,status,0,jira,status,10000,To Do,1,Open,"{""ConnectionId"":2,""BoardId"":8}",_raw_jira_api_issues,12458,
2,10982,Workflow,0,jira,,10428,Software Simplified Workflow for Project EE,10482,jira,"{""ConnectionId"":2,""BoardId"":8}",_raw_jira_api_issues,12458,
2,10983,status,0,jira,status,10000,To Do,1,Open,"{""ConnectionId"":2,""BoardId"":8}",_raw_jira_api_issues,12442,
2,10983,Workflow,0,jira,,10433,Software Simplified Workflow for Project EE,10483,jira,"{""ConnectionId"":2,""BoardId"":8}",_raw_jira_api_issues,12442,
2,10985,status,0,jira,status,10000,To Do,1,Open,"{""ConnectionId"":2,""BoardId"":8}",_raw_jira_api_issues,12444,
2,10985,Workflow,0,jira,,10436,Software Simplified Workflow for Project EE,10485,jira,"{""ConnectionId"":2,""BoardId"":8}",_raw_jira_api_issues,12444,
2,10986,status,0,jira,status,10000,To Do,1,Open,"{""ConnectionId"":2,""BoardId"":8}",_raw_jira_api_issues,12454,
2,10986,Workflow,0,jira,,10437,Software Simplified Workflow for Project EE,10486,jira,"{""ConnectionId"":2,""BoardId"":8}",_raw_jira_api_issues,12454,
2,10987,status,0,jira,status,10000,To Do,1,Open,"{""ConnectionId"":2,""BoardId"":8}",_raw_jira_api_issues,12460,
2,10987,Workflow,0,jira,,10438,Software Simplified Workflow for Project EE,10487,jira,"{""ConnectionId"":2,""BoardId"":8}",_raw_jira_api_issues,12460,
2,10988,status,0,jira,status,10000,To Do,1,Open,"{""ConnectionId"":2,""BoardId"":8}",_raw_jira_api_issues,12464,
2,10988,Workflow,0,jira,,10439,Software Simplified Workflow for Project EE,10488,jira,"{""ConnectionId"":2,""BoardId"":8}",_raw_jira_api_issues,12464,
2,10989,status,0,jira,status,10000,To Do,1,Open,"{""ConnectionId"":2,""BoardId"":8}",_raw_jira_api_issues,12469,
2,10989,Workflow,0,jira,,10440,Software Simplified Workflow for Project EE,10489,jira,"{""ConnectionId"":2,""BoardId"":8}",_raw_jira_api_issues,12469,
2,10993,status,0,jira,status,10000,To Do,1,Open,"{""ConnectionId"":2,""BoardId"":8}",_raw_jira_api_issues,12465,
2,10993,Workflow,0,jira,,10444,Software Simplified Workflow for Project EE,10493,jira,"{""ConnectionId"":2,""BoardId"":8}",_raw_jira_api_issues,12465,
2,10994,status,0,jira,status,10000,To Do,1,Open,"{""ConnectionId"":2,""BoardId"":8}",_raw_jira_api_issues,12451,
2,10994,Workflow,0,jira,,10417,Software Simplified Workflow for Project EE,10494,jira,"{""ConnectionId"":2,""BoardId"":8}",_raw_jira_api_issues,12451,
2,10996,status,0,jira,status,10000,To Do,1,Open,"{""ConnectionId"":2,""BoardId"":8}",_raw_jira_api_issues,12468,
2,10996,Workflow,0,jira,,10421,Software Simplified Workflow for Project EE,10496,jira,"{""ConnectionId"":2,""BoardId"":8}",_raw_jira_api_issues,12468,
2,10997,status,0,jira,status,10000,To Do,1,Open,"{""ConnectionId"":2,""BoardId"":8}",_raw_jira_api_issues,12453,
2,10997,Workflow,0,jira,,10423,Software Simplified Workflow for Project EE,10497,jira,"{""ConnectionId"":2,""BoardId"":8}",_raw_jira_api_issues,12453,
2,10998,status,0,jira,status,10000,To Do,1,Open,"{""ConnectionId"":2,""BoardId"":8}",_raw_jira_api_issues,12449,
2,10998,Workflow,0,jira,,10424,Software Simplified Workflow for Project EE,10498,jira,"{""ConnectionId"":2,""BoardId"":8}",_raw_jira_api_issues,12449,
2,10999,status,0,jira,status,10000,To Do,1,Open,"{""ConnectionId"":2,""BoardId"":8}",_raw_jira_api_issues,12459,
2,10999,Workflow,0,jira,,10425,Software Simplified Workflow for Project EE,10499,jira,"{""ConnectionId"":2,""BoardId"":8}",_raw_jira_api_issues,12459,
2,11000,status,0,jira,status,10000,To Do,1,Open,"{""ConnectionId"":2,""BoardId"":8}",_raw_jira_api_issues,12447,
2,11000,Workflow,0,jira,,10426,Software Simplified Workflow for Project EE,10500,jira,"{""ConnectionId"":2,""BoardId"":8}",_raw_jira_api_issues,12447,
2,11001,status,0,jira,status,10000,To Do,1,Open,"{""ConnectionId"":2,""BoardId"":8}",_raw_jira_api_issues,12457,
2,11001,Workflow,0,jira,,10427,Software Simplified Workflow for Project EE,10501,jira,"{""ConnectionId"":2,""BoardId"":8}",_raw_jira_api_issues,12457,
2,11002,status,0,jira,status,10000,To Do,1,Open,"{""ConnectionId"":2,""BoardId"":8}",_raw_jira_api_issues,12461,
2,11002,Workflow,0,jira,,10429,Software Simplified Workflow for Project EE,10502,jira,"{""ConnectionId"":2,""BoardId"":8}",_raw_jira_api_issues,12461,
2,11005,status,0,jira,status,10000,To Do,1,Open,"{""ConnectionId"":2,""BoardId"":8}",_raw_jira_api_issues,12456,
2,11005,Workflow,0,jira,,10432,Software Simplified Workflow for Project EE,10505,jira,"{""ConnectionId"":2,""BoardId"":8}",_raw_jira_api_issues,12456,
2,11006,status,0,jira,status,10000,To Do,1,Open,"{""ConnectionId"":2,""BoardId"":8}",_raw_jira_api_issues,12443,
2,11006,Workflow,0,jira,,10435,Software Simplified Workflow for Project EE,10506,jira,"{""ConnectionId"":2,""BoardId"":8}",_raw_jira_api_issues,12443,
2,11008,status,0,jira,status,10000,To Do,1,Open,"{""ConnectionId"":2,""BoardId"":8}",_raw_jira_api_issues,12463,
2,11008,Workflow,0,jira,,10443,Software Simplified Workflow for Project EE,10508,jira,"{""ConnectionId"":2,""BoardId"":8}",_raw_jira_api_issues,12463,
2,11009,status,0,jira,status,10000,To Do,1,Open,"{""ConnectionId"":2,""BoardId"":8}",_raw_jira_api_issues,12462,
2,11009,Workflow,0,jira,,10445,Software Simplified Workflow for Project EE,10509,jira,"{""ConnectionId"":2,""BoardId"":8}",_raw_jira_api_issues,12462,
2,11010,status,0,jira,status,10000,To Do,1,Open,"{""ConnectionId"":2,""BoardId"":8}",_raw_jira_api_issues,12455,
2,11010,Workflow,0,jira,,10446,Software Simplified Workflow for Project EE,10510,jira,"{""ConnectionId"":2,""BoardId"":8}",_raw_jira_api_issues,12455,
2,11012,status,0,jira,status,10000,To Do,1,Open,"{""ConnectionId"":2,""BoardId"":8}",_raw_jira_api_issues,12466,
2,11012,Workflow,0,jira,,10448,Software Simplified Workflow for Project EE,10512,jira,"{""ConnectionId"":2,""BoardId"":8}",_raw_jira_api_issues,12466,
2,11026,status,0,jira,status,10000,To Do,1,Open,"{""ConnectionId"":2,""BoardId"":8}",_raw_jira_api_issues,12467,
2,11026,Workflow,0,jira,,10451,Software Simplified Workflow for Project EE,10526,jira,"{""ConnectionId"":2,""BoardId"":8}",_raw_jira_api_issues,12467,
2,11030,status,0,jira,status,10000,To Do,1,Open,"{""ConnectionId"":2,""BoardId"":8}",_raw_jira_api_issues,12450,
2,11030,Workflow,0,jira,,10458,Software Simplified Workflow for Project EE,10530,jira,"{""ConnectionId"":2,""BoardId"":8}",_raw_jira_api_issues,12450,
2,11032,status,0,jira,status,10000,To Do,1,Open,"{""ConnectionId"":2,""BoardId"":8}",_raw_jira_api_issues,12446,
2,11032,Workflow,0,jira,,10460,Software Simplified Workflow for Project EE,10532,jira,"{""ConnectionId"":2,""BoardId"":8}",_raw_jira_api_issues,12446,
2,11036,Workflow,0,jira,,10469,Software Simplified Workflow for Project EE,10536,jira,"{""ConnectionId"":2,""BoardId"":8}",_raw_jira_api_issues,12441,
2,11066,status,0,jira,status,3,In Progress,1,Open,"{""ConnectionId"":2,""BoardId"":8}",_raw_jira_api_issues,12441,
2,11067,Fix Version,0,jira,fixVersions,,,10008,v2.7.0,"{""ConnectionId"":2,""BoardId"":8}",_raw_jira_api_issues,12450,
2,11068,Fix Version,0,jira,fixVersions,,,10008,v2.7.0,"{""ConnectionId"":2,""BoardId"":8}",_raw_jira_api_issues,12451,
2,11069,Fix Version,0,jira,fixVersions,,,10008,v2.7.0,"{""ConnectionId"":2,""BoardId"":8}",_raw_jira_api_issues,12452,
2,11070,Fix Version,0,jira,fixVersions,,,10008,v2.7.0,"{""ConnectionId"":2,""BoardId"":8}",_raw_jira_api_issues,12453,
2,11071,Fix Version,0,jira,fixVersions,,,10010,v2.5.5,"{""ConnectionId"":2,""BoardId"":8}",_raw_jira_api_issues,12456,
2,11074,assignee,0,jira,assignee,5ecfbd0c730ec90c1999cadf,Dingding Zhang,5e9711ba34f7b90c0fbc37d3,Rankin Zheng,"{""ConnectionId"":2,""BoardId"":8}",_raw_jira_api_issues,12458,
2,11074,status,0,jira,status,1,Open,3,In Progress,"{""ConnectionId"":2,""BoardId"":8}",_raw_jira_api_issues,12458,
2,11075,Sprint,0,custom,customfield_10020,,,9,EE Sprint 8,"{""ConnectionId"":2,""BoardId"":8}",_raw_jira_api_issues,12455,
2,11076,resolution,0,jira,resolution,,,10001,Won't Do,"{""ConnectionId"":2,""BoardId"":8}",_raw_jira_api_issues,12457,
2,11076,status,0,jira,status,1,Open,6,Closed,"{""ConnectionId"":2,""BoardId"":8}",_raw_jira_api_issues,12457,
2,11156,Fix Version,0,jira,fixVersions,,,10014,v2.5.4,"{""ConnectionId"":2,""BoardId"":8}",_raw_jira_api_issues,12454,
2,11157,Fix Version,0,jira,fixVersions,,,10014,v2.5.4,"{""ConnectionId"":2,""BoardId"":8}",_raw_jira_api_issues,12456,
2,11162,RemoteIssueLink,0,jira,,,,10000,"This issue links to ""GitLab (Web Link)""","{""ConnectionId"":2,""BoardId"":8}",_raw_jira_api_issues,12456,
2,11171,RemoteIssueLink,0,jira,,10000,"This issue links to ""GitLab (Web Link)""",,,"{""ConnectionId"":2,""BoardId"":8}",_raw_jira_api_issues,12456,
2,11172,RemoteIssueLink,0,jira,,,,10009,"This issue links to ""GitLab Issue (Web Link)""","{""ConnectionId"":2,""BoardId"":8}",_raw_jira_api_issues,12456,
2,11252,status,0,jira,status,1,Open,10033,To Do,"{""ConnectionId"":2,""BoardId"":8}",_raw_jira_api_issues,12456,
2,11252,Workflow,0,jira,,10505,jira,10591,Copy of Software Simplified Workflow for Project EED,"{""ConnectionId"":2,""BoardId"":8}",_raw_jira_api_issues,12456,
2,11284,status,0,jira,status,10033,To Do,1,Open,"{""ConnectionId"":2,""BoardId"":8}",_raw_jira_api_issues,12456,
2,11284,Workflow,0,jira,,10591,Copy of Software Simplified Workflow for Project EED,10614,jira,"{""ConnectionId"":2,""BoardId"":8}",_raw_jira_api_issues,12456,
2,11312,assignee,0,jira,assignee,5ecfbd0c730ec90c1999cadf,Dingding Zhang,5ecfbd0c2490cf0c09e2e598,Gerile Tu,"{""ConnectionId"":2,""BoardId"":8}",_raw_jira_api_issues,12446,
2,11436,RemoteIssueLink,0,jira,,,,10032,"This issue links to ""Commit - Feat(EE-2): add issues stacked chart at quality report page (Web Link)""","{""ConnectionId"":2,""BoardId"":8}",_raw_jira_api_issues,12442,
2,11439,RemoteIssueLink,0,jira,,,,10033,"This issue links to ""Commit - Feat(EE-2): add issues stacked chart at quality report page (Web Link)""","{""ConnectionId"":2,""BoardId"":8}",_raw_jira_api_issues,12442,
2,11440,RemoteIssueLink,0,jira,,10033,"This issue links to ""Commit - Feat(EE-2): add issues stacked chart at quality report page (Web Link)""",10033,"This issue links to ""Commit - Feat(EE-2): add issues stacked chart at quality report page (Web Link)""","{""ConnectionId"":2,""BoardId"":8}",_raw_jira_api_issues,12442,
2,11441,Fix Version,0,jira,fixVersions,,,10009,v2.6.0,"{""ConnectionId"":2,""BoardId"":8}",_raw_jira_api_issues,12450,
2,11441,resolution,0,jira,resolution,,,10000,Done,"{""ConnectionId"":2,""BoardId"":8}",_raw_jira_api_issues,12450,
2,11441,status,0,jira,status,1,Open,5,Resolved,"{""ConnectionId"":2,""BoardId"":8}",_raw_jira_api_issues,12450,
2,11441,timeestimate,0,jira,timeestimate,14400,14400,0,0,"{""ConnectionId"":2,""BoardId"":8}",_raw_jira_api_issues,12450,
2,11441,timespent,0,jira,timespent,,,36000,36000,"{""ConnectionId"":2,""BoardId"":8}",_raw_jira_api_issues,12450,
2,11441,WorklogId,0,jira,,,,10006,10006,"{""ConnectionId"":2,""BoardId"":8}",_raw_jira_api_issues,12450,
2,11442,resolution,0,jira,resolution,,,10000,Done,"{""ConnectionId"":2,""BoardId"":8}",_raw_jira_api_issues,12451,
2,11442,status,0,jira,status,1,Open,5,Resolved,"{""ConnectionId"":2,""BoardId"":8}",_raw_jira_api_issues,12451,
2,11442,timeestimate,0,jira,timeestimate,14400,14400,0,0,"{""ConnectionId"":2,""BoardId"":8}",_raw_jira_api_issues,12451,
2,11442,timespent,0,jira,timespent,,,14400,14400,"{""ConnectionId"":2,""BoardId"":8}",_raw_jira_api_issues,12451,
2,11442,WorklogId,0,jira,,,,10007,10007,"{""ConnectionId"":2,""BoardId"":8}",_raw_jira_api_issues,12451,
2,11443,timeestimate,0,jira,timeestimate,0,0,0,0,"{""ConnectionId"":2,""BoardId"":8}",_raw_jira_api_issues,12451,
2,11443,timespent,0,jira,timespent,14400,14400,28800,28800,"{""ConnectionId"":2,""BoardId"":8}",_raw_jira_api_issues,12451,
2,11443,WorklogId,0,jira,,,,10008,10008,"{""ConnectionId"":2,""BoardId"":8}",_raw_jira_api_issues,12451,
2,11444,resolution,0,jira,resolution,,,10000,Done,"{""ConnectionId"":2,""BoardId"":8}",_raw_jira_api_issues,12452,
2,11444,status,0,jira,status,1,Open,5,Resolved,"{""ConnectionId"":2,""BoardId"":8}",_raw_jira_api_issues,12452,
2,11444,timeestimate,0,jira,timeestimate,,,0,0,"{""ConnectionId"":2,""BoardId"":8}",_raw_jira_api_issues,12452,
2,11444,timespent,0,jira,timespent,,,3600,3600,"{""ConnectionId"":2,""BoardId"":8}",_raw_jira_api_issues,12452,
2,11444,WorklogId,0,jira,,,,10009,10009,"{""ConnectionId"":2,""BoardId"":8}",_raw_jira_api_issues,12452,
2,11446,resolution,0,jira,resolution,,,10001,Won't Do,"{""ConnectionId"":2,""BoardId"":8}",_raw_jira_api_issues,12468,
2,11446,status,0,jira,status,1,Open,6,Closed,"{""ConnectionId"":2,""BoardId"":8}",_raw_jira_api_issues,12468,
2,11447,resolution,0,jira,resolution,,,10001,Won't Do,"{""ConnectionId"":2,""BoardId"":8}",_raw_jira_api_issues,12463,
2,11447,status,0,jira,status,1,Open,6,Closed,"{""ConnectionId"":2,""BoardId"":8}",_raw_jira_api_issues,12463,
2,11448,resolution,0,jira,resolution,,,10001,Won't Do,"{""ConnectionId"":2,""BoardId"":8}",_raw_jira_api_issues,12459,
2,11448,status,0,jira,status,1,Open,6,Closed,"{""ConnectionId"":2,""BoardId"":8}",_raw_jira_api_issues,12459,
2,11449,resolution,0,jira,resolution,,,10000,Done,"{""ConnectionId"":2,""BoardId"":8}",_raw_jira_api_issues,12456,
2,11449,status,0,jira,status,1,Open,5,Resolved,"{""ConnectionId"":2,""BoardId"":8}",_raw_jira_api_issues,12456,
2,11449,timeestimate,0,jira,timeestimate,,,0,0,"{""ConnectionId"":2,""BoardId"":8}",_raw_jira_api_issues,12456,
2,11449,timespent,0,jira,timespent,,,3600,3600,"{""ConnectionId"":2,""BoardId"":8}",_raw_jira_api_issues,12456,
2,11449,WorklogId,0,jira,,,,10010,10010,"{""ConnectionId"":2,""BoardId"":8}",_raw_jira_api_issues,12456,
2,11477,RemoteIssueLink,0,jira,,,,10035,"This issue links to ""Commit - Feat(EE-3): add issues grouped chart at quality report page (Web Link)""","{""ConnectionId"":2,""BoardId"":8}",_raw_jira_api_issues,12443,
2,11479,RemoteIssueLink,0,jira,,,,10036,"This issue links to ""Commit - Feat(EE-4): preliminarily add issues distribution chart at quality report page (Web Link)""","{""ConnectionId"":2,""BoardId"":8}",_raw_jira_api_issues,12444,
2,11484,assignee,0,jira,assignee,5e9711ba34f7b90c0fbc37d3,Rankin Zheng,5ecfbd0c730ec90c1999cadf,Dingding Zhang,"{""ConnectionId"":2,""BoardId"":8}",_raw_jira_api_issues,12458,
2,11512,resolution,0,jira,resolution,,,10000,Done,"{""ConnectionId"":2,""BoardId"":8}",_raw_jira_api_issues,12446,
2,11512,status,0,jira,status,1,Open,5,Resolved,"{""ConnectionId"":2,""BoardId"":8}",_raw_jira_api_issues,12446,
2,11537,status,0,jira,status,5,Resolved,6,Closed,"{""ConnectionId"":2,""BoardId"":8}",_raw_jira_api_issues,12456,
2,11559,RemoteIssueLink,0,jira,,10035,"This issue links to ""Commit - Feat(EE-3): add issues grouped chart at quality report page (Web Link)""",10035,"This issue links to ""Commit - Feat(EE-3): add issues grouped chart at quality report page (Web Link)""","{""ConnectionId"":2,""BoardId"":8}",_raw_jira_api_issues,12443,
2,11560,RemoteIssueLink,0,jira,,10036,"This issue links to ""Commit - Feat(EE-4): preliminarily add issues distribution chart at quality report page (Web Link)""",10036,"This issue links to ""Commit - Feat(EE-4): preliminarily add issues distribution chart at quality report page (Web Link)""","{""ConnectionId"":2,""BoardId"":8}",_raw_jira_api_issues,12444,
2,11562,RemoteIssueLink,0,jira,,,,10042,"This issue links to ""Commit - Feat(EE-1): add modularity metric chart (Web Link)""","{""ConnectionId"":2,""BoardId"":8}",_raw_jira_api_issues,12441,
2,11570,RemoteIssueLink,0,jira,,10035,"This issue links to ""Commit - Feat(EE-3): add issues grouped chart at quality report page (Web Link)""",10035,"This issue links to ""Commit - Feat(EE-3): add issues grouped chart at quality report page (Web Link)""","{""ConnectionId"":2,""BoardId"":8}",_raw_jira_api_issues,12443,
2,11571,RemoteIssueLink,0,jira,,10042,"This issue links to ""Commit - Feat(EE-1): add modularity metric chart (Web Link)""",10042,"This issue links to ""Commit - Feat(EE-1): add modularity metric chart (Web Link)""","{""ConnectionId"":2,""BoardId"":8}",_raw_jira_api_issues,12441,
2,11573,RemoteIssueLink,0,jira,,10036,"This issue links to ""Commit - Feat(EE-4): preliminarily add issues distribution chart at quality report page (Web Link)""",10036,"This issue links to ""Commit - Feat(EE-4): preliminarily add issues distribution chart at quality report page (Web Link)""","{""ConnectionId"":2,""BoardId"":8}",_raw_jira_api_issues,12444,
2,11575,RemoteIssueLink,0,jira,,10033,"This issue links to ""Commit - Feat(EE-2): add issues stacked chart at quality report page (Web Link)""",10033,"This issue links to ""Commit - Feat(EE-2): add issues stacked chart at quality report page (Web Link)""","{""ConnectionId"":2,""BoardId"":8}",_raw_jira_api_issues,12442,
2,11579,Sprint,0,custom,customfield_10020,9,EE Sprint 8,,,"{""ConnectionId"":2,""BoardId"":8}",_raw_jira_api_issues,12455,
2,11580,Rank,0,custom,customfield_10019,,,,Ranked lower,"{""ConnectionId"":2,""BoardId"":8}",_raw_jira_api_issues,12455,
2,11594,timeestimate,0,jira,timeestimate,,,0,0,"{""ConnectionId"":2,""BoardId"":8}",_raw_jira_api_issues,12455,
2,11594,timeoriginalestimate,0,jira,timeoriginalestimate,,,0,0,"{""ConnectionId"":2,""BoardId"":8}",_raw_jira_api_issues,12455,
2,11595,resolution,0,jira,resolution,,,10001,Won't Do,"{""ConnectionId"":2,""BoardId"":8}",_raw_jira_api_issues,12455,
2,11595,status,0,jira,status,1,Open,6,Closed,"{""ConnectionId"":2,""BoardId"":8}",_raw_jira_api_issues,12455,
2,11598,Sprint,0,custom,customfield_10020,7,EE Sprint 7,9,EE Sprint 8,"{""ConnectionId"":2,""BoardId"":8}",_raw_jira_api_issues,12453,
2,11599,Rank,0,custom,customfield_10019,,,,Ranked lower,"{""ConnectionId"":2,""BoardId"":8}",_raw_jira_api_issues,12453,
2,11600,Sprint,0,custom,customfield_10020,9,EE Sprint 8,,,"{""ConnectionId"":2,""BoardId"":8}",_raw_jira_api_issues,12453,
2,11601,Rank,0,custom,customfield_10019,,,,Ranked higher,"{""ConnectionId"":2,""BoardId"":8}",_raw_jira_api_issues,12453,
2,11615,Sprint,0,custom,customfield_10020,,,9,EE Sprint 8,"{""ConnectionId"":2,""BoardId"":8}",_raw_jira_api_issues,12453,
2,11616,Rank,0,custom,customfield_10019,,,,Ranked lower,"{""ConnectionId"":2,""BoardId"":8}",_raw_jira_api_issues,12453,
2,11619,assignee,0,jira,assignee,5ecfbd0a47d31e0c2a15fd87,yuxiang,,,"{""ConnectionId"":2,""BoardId"":8}",_raw_jira_api_issues,12453,
2,11628,Fix Version,0,jira,fixVersions,10008,v2.7.0,,,"{""ConnectionId"":2,""BoardId"":8}",_raw_jira_api_issues,12453,
2,11767,Fix Version,0,jira,fixVersions,,,10008,v2.7.0,"{""ConnectionId"":2,""BoardId"":8}",_raw_jira_api_issues,12458,
2,11767,resolution,0,jira,resolution,,,10000,Done,"{""ConnectionId"":2,""BoardId"":8}",_raw_jira_api_issues,12458,
2,11767,status,0,jira,status,3,In Progress,5,Resolved,"{""ConnectionId"":2,""BoardId"":8}",_raw_jira_api_issues,12458,
2,11768,Fix Version,0,jira,fixVersions,,,10008,v2.7.0,"{""ConnectionId"":2,""BoardId"":8}",_raw_jira_api_issues,12461,
2,11768,resolution,0,jira,resolution,,,10000,Done,"{""ConnectionId"":2,""BoardId"":8}",_raw_jira_api_issues,12461,
2,11768,status,0,jira,status,1,Open,5,Resolved,"{""ConnectionId"":2,""BoardId"":8}",_raw_jira_api_issues,12461,
2,11769,Fix Version,0,jira,fixVersions,,,10008,v2.7.0,"{""ConnectionId"":2,""BoardId"":8}",_raw_jira_api_issues,12462,
2,11769,resolution,0,jira,resolution,,,10000,Done,"{""ConnectionId"":2,""BoardId"":8}",_raw_jira_api_issues,12462,
2,11769,status,0,jira,status,1,Open,5,Resolved,"{""ConnectionId"":2,""BoardId"":8}",_raw_jira_api_issues,12462,
2,11771,Fix Version,0,jira,fixVersions,,,10008,v2.7.0,"{""ConnectionId"":2,""BoardId"":8}",_raw_jira_api_issues,12465,
2,11771,resolution,0,jira,resolution,,,10000,Done,"{""ConnectionId"":2,""BoardId"":8}",_raw_jira_api_issues,12465,
2,11771,status,0,jira,status,1,Open,5,Resolved,"{""ConnectionId"":2,""BoardId"":8}",_raw_jira_api_issues,12465,
2,11772,Fix Version,0,jira,fixVersions,,,10008,v2.7.0,"{""ConnectionId"":2,""BoardId"":8}",_raw_jira_api_issues,12467,
2,11772,resolution,0,jira,resolution,,,10000,Done,"{""ConnectionId"":2,""BoardId"":8}",_raw_jira_api_issues,12467,
2,11772,status,0,jira,status,1,Open,5,Resolved,"{""ConnectionId"":2,""BoardId"":8}",_raw_jira_api_issues,12467,
2,11773,Fix Version,0,jira,fixVersions,,,10008,v2.7.0,"{""ConnectionId"":2,""BoardId"":8}",_raw_jira_api_issues,12470,
2,11773,resolution,0,jira,resolution,,,10000,Done,"{""ConnectionId"":2,""BoardId"":8}",_raw_jira_api_issues,12470,
2,11773,status,0,jira,status,1,Open,5,Resolved,"{""ConnectionId"":2,""BoardId"":8}",_raw_jira_api_issues,12470,
2,11777,resolution,0,jira,resolution,,,10000,Done,"{""ConnectionId"":2,""BoardId"":8}",_raw_jira_api_issues,12445,
2,11777,status,0,jira,status,1,Open,5,Resolved,"{""ConnectionId"":2,""BoardId"":8}",_raw_jira_api_issues,12445,
2,11832,resolution,0,jira,resolution,,,10000,Done,"{""ConnectionId"":2,""BoardId"":8}",_raw_jira_api_issues,12454,
2,11832,status,0,jira,status,1,Open,5,Resolved,"{""ConnectionId"":2,""BoardId"":8}",_raw_jira_api_issues,12454,
2,11861,RemoteIssueLink,0,jira,,10035,"This issue links to ""Commit - Feat(EE-3): add issues grouped chart at quality report page (Web Link)""",10035,"This issue links to ""Commit - Feat(EE-3): add issues grouped chart at quality report page (Web Link)""","{""ConnectionId"":2,""BoardId"":8}",_raw_jira_api_issues,12443,
2,11862,RemoteIssueLink,0,jira,,10033,"This issue links to ""Commit - Feat(EE-2): add issues stacked chart at quality report page (Web Link)""",10033,"This issue links to ""Commit - Feat(EE-2): add issues stacked chart at quality report page (Web Link)""","{""ConnectionId"":2,""BoardId"":8}",_raw_jira_api_issues,12442,
2,11864,RemoteIssueLink,0,jira,,10036,"This issue links to ""Commit - Feat(EE-4): preliminarily add issues distribution chart at quality report page (Web Link)""",10036,"This issue links to ""Commit - Feat(EE-4): preliminarily add issues distribution chart at quality report page (Web Link)""","{""ConnectionId"":2,""BoardId"":8}",_raw_jira_api_issues,12444,
2,11868,RemoteIssueLink,0,jira,,10042,"This issue links to ""Commit - Feat(EE-1): add modularity metric chart (Web Link)""",10042,"This issue links to ""Commit - Feat(EE-1): add modularity metric chart (Web Link)""","{""ConnectionId"":2,""BoardId"":8}",_raw_jira_api_issues,12441,
2,12025,resolution,0,jira,resolution,,,10000,Done,"{""ConnectionId"":2,""BoardId"":8}",_raw_jira_api_issues,12441,
2,12025,status,0,jira,status,1,Open,6,Closed,"{""ConnectionId"":2,""BoardId"":8}",_raw_jira_api_issues,12441,
2,12026,resolution,0,jira,resolution,,,10000,Done,"{""ConnectionId"":2,""BoardId"":8}",_raw_jira_api_issues,12460,
2,12026,status,0,jira,status,1,Open,5,Resolved,"{""ConnectionId"":2,""BoardId"":8}",_raw_jira_api_issues,12460,
2,12027,resolution,0,jira,resolution,,,10000,Done,"{""ConnectionId"":2,""BoardId"":8}",_raw_jira_api_issues,12466,
2,12027,status,0,jira,status,1,Open,6,Closed,"{""ConnectionId"":2,""BoardId"":8}",_raw_jira_api_issues,12466,
2,12032,Sprint,0,custom,customfield_10020,7,EE Sprint 7,,,"{""ConnectionId"":2,""BoardId"":8}",_raw_jira_api_issues,12454,
2,12049,resolution,0,jira,resolution,,,10000,Done,"{""ConnectionId"":2,""BoardId"":8}",_raw_jira_api_issues,12464,
2,12049,status,0,jira,status,1,Open,5,Resolved,"{""ConnectionId"":2,""BoardId"":8}",_raw_jira_api_issues,12464,
2,12050,resolution,0,jira,resolution,,,10000,Done,"{""ConnectionId"":2,""BoardId"":8}",_raw_jira_api_issues,12469,
2,12050,status,0,jira,status,1,Open,5,Resolved,"{""ConnectionId"":2,""BoardId"":8}",_raw_jira_api_issues,12469,
2,12135,assignee,0,jira,assignee,,,5ecfbd0a47d31e0c2a15fd87,yuxiang,"{""ConnectionId"":2,""BoardId"":8}",_raw_jira_api_issues,12453,
2,12308,RemoteIssueLink,0,jira,,10033,"This issue links to ""Commit - Feat(EE-2): add issues stacked chart at quality report page (Web Link)""",10033,"This issue links to ""Commit - Feat(EE-2): add issues stacked chart at quality report page (Web Link)""","{""ConnectionId"":2,""BoardId"":8}",_raw_jira_api_issues,12442,
2,12311,RemoteIssueLink,0,jira,,10036,"This issue links to ""Commit - Feat(EE-4): preliminarily add issues distribution chart at quality report page (Web Link)""",10036,"This issue links to ""Commit - Feat(EE-4): preliminarily add issues distribution chart at quality report page (Web Link)""","{""ConnectionId"":2,""BoardId"":8}",_raw_jira_api_issues,12444,
2,12312,RemoteIssueLink,0,jira,,10035,"This issue links to ""Commit - Feat(EE-3): add issues grouped chart at quality report page (Web Link)""",10035,"This issue links to ""Commit - Feat(EE-3): add issues grouped chart at quality report page (Web Link)""","{""ConnectionId"":2,""BoardId"":8}",_raw_jira_api_issues,12443,
2,12316,RemoteIssueLink,0,jira,,10042,"This issue links to ""Commit - Feat(EE-1): add modularity metric chart (Web Link)""",10042,"This issue links to ""Commit - Feat(EE-1): add modularity metric chart (Web Link)""","{""ConnectionId"":2,""BoardId"":8}",_raw_jira_api_issues,12441,
2,12326,RemoteIssueLink,0,jira,,10035,"This issue links to ""Commit - Feat(EE-3): add issues grouped chart at quality report page (Web Link)""",10035,"This issue links to ""Commit - Feat(EE-3): add issues grouped chart at quality report page (Web Link)""","{""ConnectionId"":2,""BoardId"":8}",_raw_jira_api_issues,12443,
2,12328,RemoteIssueLink,0,jira,,10042,"This issue links to ""Commit - Feat(EE-1): add modularity metric chart (Web Link)""",10042,"This issue links to ""Commit - Feat(EE-1): add modularity metric chart (Web Link)""","{""ConnectionId"":2,""BoardId"":8}",_raw_jira_api_issues,12441,
2,12333,RemoteIssueLink,0,jira,,10033,"This issue links to ""Commit - Feat(EE-2): add issues stacked chart at quality report page (Web Link)""",10033,"This issue links to ""Commit - Feat(EE-2): add issues stacked chart at quality report page (Web Link)""","{""ConnectionId"":2,""BoardId"":8}",_raw_jira_api_issues,12442,
2,12334,RemoteIssueLink,0,jira,,10036,"This issue links to ""Commit - Feat(EE-4): preliminarily add issues distribution chart at quality report page (Web Link)""",10036,"This issue links to ""Commit - Feat(EE-4): preliminarily add issues distribution chart at quality report page (Web Link)""","{""ConnectionId"":2,""BoardId"":8}",_raw_jira_api_issues,12444,
2,12453,RemoteIssueLink,0,jira,,10042,"This issue links to ""Commit - Feat(EE-1): add modularity metric chart (Web Link)""",10042,"This issue links to ""Commit - Feat(EE-1): add modularity metric chart (Web Link)""","{""ConnectionId"":2,""BoardId"":8}",_raw_jira_api_issues,12441,
2,12501,RemoteIssueLink,0,jira,,10042,"This issue links to ""Commit - Feat(EE-1): add modularity metric chart (Web Link)""",10042,"This issue links to ""Commit - Feat(EE-1): add modularity metric chart (Web Link)""","{""ConnectionId"":2,""BoardId"":8}",_raw_jira_api_issues,12441,
2,12559,resolution,0,jira,resolution,,,10000,Done,"{""ConnectionId"":2,""BoardId"":8}",_raw_jira_api_issues,12442,
2,12559,status,0,jira,status,1,Open,5,Resolved,"{""ConnectionId"":2,""BoardId"":8}",_raw_jira_api_issues,12442,
2,12560,resolution,0,jira,resolution,,,10000,Done,"{""ConnectionId"":2,""BoardId"":8}",_raw_jira_api_issues,12443,
2,12560,status,0,jira,status,1,Open,5,Resolved,"{""ConnectionId"":2,""BoardId"":8}",_raw_jira_api_issues,12443,
2,12561,resolution,0,jira,resolution,,,10000,Done,"{""ConnectionId"":2,""BoardId"":8}",_raw_jira_api_issues,12444,
2,12561,status,0,jira,status,1,Open,5,Resolved,"{""ConnectionId"":2,""BoardId"":8}",_raw_jira_api_issues,12444,
2,12717,RemoteIssueLink,0,jira,,10042,"This issue links to ""Commit - Feat(EE-1): add modularity metric chart (Web Link)""",10042,"This issue links to ""Commit - Feat(EE-1): add modularity metric chart (Web Link)""","{""ConnectionId"":2,""BoardId"":8}",_raw_jira_api_issues,12441,
2,12719,RemoteIssueLink,0,jira,,10035,"This issue links to ""Commit - Feat(EE-3): add issues grouped chart at quality report page (Web Link)""",10035,"This issue links to ""Commit - Feat(EE-3): add issues grouped chart at quality report page (Web Link)""","{""ConnectionId"":2,""BoardId"":8}",_raw_jira_api_issues,12443,
2,12720,RemoteIssueLink,0,jira,,10036,"This issue links to ""Commit - Feat(EE-4): preliminarily add issues distribution chart at quality report page (Web Link)""",10036,"This issue links to ""Commit - Feat(EE-4): preliminarily add issues distribution chart at quality report page (Web Link)""","{""ConnectionId"":2,""BoardId"":8}",_raw_jira_api_issues,12444,
2,12722,RemoteIssueLink,0,jira,,10033,"This issue links to ""Commit - Feat(EE-2): add issues stacked chart at quality report page (Web Link)""",10033,"This issue links to ""Commit - Feat(EE-2): add issues stacked chart at quality report page (Web Link)""","{""ConnectionId"":2,""BoardId"":8}",_raw_jira_api_issues,12442,
2,12748,RemoteIssueLink,0,jira,,10042,"This issue links to ""Commit - Feat(EE-1): add modularity metric chart (Web Link)""",10042,"This issue links to ""Commit - Feat(EE-1): add modularity metric chart (Web Link)""","{""ConnectionId"":2,""BoardId"":8}",_raw_jira_api_issues,12441,
2,12790,RemoteIssueLink,0,jira,,10042,"This issue links to ""Commit - Feat(EE-1): add modularity metric chart (Web Link)""",10042,"This issue links to ""Commit - Feat(EE-1): add modularity metric chart (Web Link)""","{""ConnectionId"":2,""BoardId"":8}",_raw_jira_api_issues,12441,
2,16161,resolution,0,jira,resolution,,,10000,Done,"{""ConnectionId"":2,""BoardId"":8}",_raw_jira_api_issues,12447,
2,16161,status,0,jira,status,1,Open,5,Resolved,"{""ConnectionId"":2,""BoardId"":8}",_raw_jira_api_issues,12447,
2,16162,resolution,0,jira,resolution,,,10000,Done,"{""ConnectionId"":2,""BoardId"":8}",_raw_jira_api_issues,12449,
2,16162,status,0,jira,status,1,Open,5,Resolved,"{""ConnectionId"":2,""BoardId"":8}",_raw_jira_api_issues,12449,
2,16163,resolution,0,jira,resolution,,,10000,Done,"{""ConnectionId"":2,""BoardId"":8}",_raw_jira_api_issues,12448,
2,16163,status,0,jira,status,1,Open,5,Resolved,"{""ConnectionId"":2,""BoardId"":8}",_raw_jira_api_issues,12448,
2,16306,Fix Version,0,jira,fixVersions,,,10008,v2.7.0,"{""ConnectionId"":2,""BoardId"":8}",_raw_jira_api_issues,12453,
2,16738,Fix Version,0,jira,fixVersions,,,10023,v2.8.0,"{""ConnectionId"":2,""BoardId"":8}",_raw_jira_api_issues,12453,
2,16765,Sprint,0,custom,customfield_10020,9,EE Sprint 8,17,EE Sprint 9,"{""ConnectionId"":2,""BoardId"":8}",_raw_jira_api_issues,12453,
2,16909,Fix Version,0,jira,fixVersions,10023,v2.8.0,,,"{""ConnectionId"":2,""BoardId"":8}",_raw_jira_api_issues,12453,
2,17309,Workflow,0,jira,,10497,jira,11354,EE Workflow v0.2,"{""ConnectionId"":2,""BoardId"":8}",_raw_jira_api_issues,12453,
2,17310,Workflow,0,jira,,10506,jira,11355,EE Workflow v0.2,"{""ConnectionId"":2,""BoardId"":8}",_raw_jira_api_issues,12443,
2,17311,Workflow,0,jira,,10496,jira,11356,EE Workflow v0.2,"{""ConnectionId"":2,""BoardId"":8}",_raw_jira_api_issues,12468,
2,17312,Workflow,0,jira,,10508,jira,11357,EE Workflow v0.2,"{""ConnectionId"":2,""BoardId"":8}",_raw_jira_api_issues,12463,
2,17313,Workflow,0,jira,,10509,jira,11358,EE Workflow v0.2,"{""ConnectionId"":2,""BoardId"":8}",_raw_jira_api_issues,12462,
2,17314,Workflow,0,jira,,10483,jira,11359,EE Workflow v0.2,"{""ConnectionId"":2,""BoardId"":8}",_raw_jira_api_issues,12442,
2,17315,Workflow,0,jira,,10488,jira,11360,EE Workflow v0.2,"{""ConnectionId"":2,""BoardId"":8}",_raw_jira_api_issues,12464,
2,17316,Workflow,0,jira,,10499,jira,11361,EE Workflow v0.2,"{""ConnectionId"":2,""BoardId"":8}",_raw_jira_api_issues,12459,
2,17317,Workflow,0,jira,,10489,jira,11362,EE Workflow v0.2,"{""ConnectionId"":2,""BoardId"":8}",_raw_jira_api_issues,12469,
2,17320,Workflow,0,jira,,10493,jira,11365,EE Workflow v0.2,"{""ConnectionId"":2,""BoardId"":8}",_raw_jira_api_issues,12465,
2,17321,Workflow,0,jira,,10479,jira,11366,EE Workflow v0.2,"{""ConnectionId"":2,""BoardId"":8}",_raw_jira_api_issues,12470,
2,17323,Workflow,0,jira,,10480,jira,11368,EE Workflow v0.2,"{""ConnectionId"":2,""BoardId"":8}",_raw_jira_api_issues,12445,
2,17327,Workflow,0,jira,,10500,jira,11372,EE Workflow v0.2,"{""ConnectionId"":2,""BoardId"":8}",_raw_jira_api_issues,12447,
2,17328,Workflow,0,jira,,10498,jira,11373,EE Workflow v0.2,"{""ConnectionId"":2,""BoardId"":8}",_raw_jira_api_issues,12449,
2,17329,Workflow,0,jira,,10487,jira,11374,EE Workflow v0.2,"{""ConnectionId"":2,""BoardId"":8}",_raw_jira_api_issues,12460,
2,17330,Workflow,0,jira,,10512,jira,11375,EE Workflow v0.2,"{""ConnectionId"":2,""BoardId"":8}",_raw_jira_api_issues,12466,
2,17338,Workflow,0,jira,,10478,jira,11383,EE Workflow v0.2,"{""ConnectionId"":2,""BoardId"":8}",_raw_jira_api_issues,12452,
2,17339,Workflow,0,jira,,10530,jira,11384,EE Workflow v0.2,"{""ConnectionId"":2,""BoardId"":8}",_raw_jira_api_issues,12450,
2,17348,Workflow,0,jira,,10482,jira,11393,EE Workflow v0.2,"{""ConnectionId"":2,""BoardId"":8}",_raw_jira_api_issues,12458,
2,17352,Workflow,0,jira,,10532,jira,11397,EE Workflow v0.2,"{""ConnectionId"":2,""BoardId"":8}",_raw_jira_api_issues,12446,
2,17353,Workflow,0,jira,,10501,jira,11398,EE Workflow v0.2,"{""ConnectionId"":2,""BoardId"":8}",_raw_jira_api_issues,12457,
2,17354,Workflow,0,jira,,10526,jira,11399,EE Workflow v0.2,"{""ConnectionId"":2,""BoardId"":8}",_raw_jira_api_issues,12467,
2,17359,Workflow,0,jira,,10614,jira,11404,EE Workflow v0.2,"{""ConnectionId"":2,""BoardId"":8}",_raw_jira_api_issues,12456,
2,17367,Workflow,0,jira,,10486,jira,11412,EE Workflow v0.2,"{""ConnectionId"":2,""BoardId"":8}",_raw_jira_api_issues,12454,
2,17369,Workflow,0,jira,,10510,jira,11414,EE Workflow v0.2,"{""ConnectionId"":2,""BoardId"":8}",_raw_jira_api_issues,12455,
2,17445,Workflow,0,jira,,10494,jira,11490,EE Workflow v0.2,"{""ConnectionId"":2,""BoardId"":8}",_raw_jira_api_issues,12451,
2,17492,Workflow,0,jira,,10502,jira,11537,EE Workflow v0.2,"{""ConnectionId"":2,""BoardId"":8}",_raw_jira_api_issues,12461,
2,17555,Workflow,0,jira,,10536,jira,11600,EE Workflow v0.2,"{""ConnectionId"":2,""BoardId"":8}",_raw_jira_api_issues,12441,
2,17575,Workflow,0,jira,,10485,jira,11620,EE Workflow v0.2,"{""ConnectionId"":2,""BoardId"":8}",_raw_jira_api_issues,12444,
2,17627,Workflow,0,jira,,10481,jira,11672,EE Workflow v0.2,"{""ConnectionId"":2,""BoardId"":8}",_raw_jira_api_issues,12448,
2,17909,Workflow,0,jira,,11357,EE Workflow v0.2,11953,EE Workflow v0.3,"{""ConnectionId"":2,""BoardId"":8}",_raw_jira_api_issues,12463,
2,17910,Workflow,0,jira,,11358,EE Workflow v0.2,11954,EE Workflow v0.3,"{""ConnectionId"":2,""BoardId"":8}",_raw_jira_api_issues,12462,
2,17911,Workflow,0,jira,,11359,EE Workflow v0.2,11955,EE Workflow v0.3,"{""ConnectionId"":2,""BoardId"":8}",_raw_jira_api_issues,12442,
2,17912,Workflow,0,jira,,11361,EE Workflow v0.2,11956,EE Workflow v0.3,"{""ConnectionId"":2,""BoardId"":8}",_raw_jira_api_issues,12459,
2,17913,Workflow,0,jira,,11362,EE Workflow v0.2,11957,EE Workflow v0.3,"{""ConnectionId"":2,""BoardId"":8}",_raw_jira_api_issues,12469,
2,17916,Workflow,0,jira,,11365,EE Workflow v0.2,11960,EE Workflow v0.3,"{""ConnectionId"":2,""BoardId"":8}",_raw_jira_api_issues,12465,
2,17917,Workflow,0,jira,,11366,EE Workflow v0.2,11961,EE Workflow v0.3,"{""ConnectionId"":2,""BoardId"":8}",_raw_jira_api_issues,12470,
2,17919,Workflow,0,jira,,11368,EE Workflow v0.2,11963,EE Workflow v0.3,"{""ConnectionId"":2,""BoardId"":8}",_raw_jira_api_issues,12445,
2,17922,Workflow,0,jira,,11373,EE Workflow v0.2,11966,EE Workflow v0.3,"{""ConnectionId"":2,""BoardId"":8}",_raw_jira_api_issues,12449,
2,17923,Workflow,0,jira,,11374,EE Workflow v0.2,11967,EE Workflow v0.3,"{""ConnectionId"":2,""BoardId"":8}",_raw_jira_api_issues,12460,
2,17924,Workflow,0,jira,,11375,EE Workflow v0.2,11968,EE Workflow v0.3,"{""ConnectionId"":2,""BoardId"":8}",_raw_jira_api_issues,12466,
2,17930,Workflow,0,jira,,11354,EE Workflow v0.2,11974,EE Workflow v0.3,"{""ConnectionId"":2,""BoardId"":8}",_raw_jira_api_issues,12453,
2,17931,Workflow,0,jira,,11355,EE Workflow v0.2,11975,EE Workflow v0.3,"{""ConnectionId"":2,""BoardId"":8}",_raw_jira_api_issues,12443,
2,17932,Workflow,0,jira,,11356,EE Workflow v0.2,11976,EE Workflow v0.3,"{""ConnectionId"":2,""BoardId"":8}",_raw_jira_api_issues,12468,
2,17933,Workflow,0,jira,,11360,EE Workflow v0.2,11977,EE Workflow v0.3,"{""ConnectionId"":2,""BoardId"":8}",_raw_jira_api_issues,12464,
2,17935,Workflow,0,jira,,11372,EE Workflow v0.2,11979,EE Workflow v0.3,"{""ConnectionId"":2,""BoardId"":8}",_raw_jira_api_issues,12447,
2,17945,Workflow,0,jira,,11393,EE Workflow v0.2,11989,EE Workflow v0.3,"{""ConnectionId"":2,""BoardId"":8}",_raw_jira_api_issues,12458,
2,17949,Workflow,0,jira,,11397,EE Workflow v0.2,11993,EE Workflow v0.3,"{""ConnectionId"":2,""BoardId"":8}",_raw_jira_api_issues,12446,
2,17950,Workflow,0,jira,,11398,EE Workflow v0.2,11994,EE Workflow v0.3,"{""ConnectionId"":2,""BoardId"":8}",_raw_jira_api_issues,12457,
2,17955,Workflow,0,jira,,11404,EE Workflow v0.2,11999,EE Workflow v0.3,"{""ConnectionId"":2,""BoardId"":8}",_raw_jira_api_issues,12456,
2,17957,Workflow,0,jira,,11383,EE Workflow v0.2,12001,EE Workflow v0.3,"{""ConnectionId"":2,""BoardId"":8}",_raw_jira_api_issues,12452,
2,17958,Workflow,0,jira,,11384,EE Workflow v0.2,12002,EE Workflow v0.3,"{""ConnectionId"":2,""BoardId"":8}",_raw_jira_api_issues,12450,
2,17961,Workflow,0,jira,,11399,EE Workflow v0.2,12005,EE Workflow v0.3,"{""ConnectionId"":2,""BoardId"":8}",_raw_jira_api_issues,12467,
2,17969,Workflow,0,jira,,11412,EE Workflow v0.2,12013,EE Workflow v0.3,"{""ConnectionId"":2,""BoardId"":8}",_raw_jira_api_issues,12454,
2,17979,Workflow,0,jira,,11414,EE Workflow v0.2,12023,EE Workflow v0.3,"{""ConnectionId"":2,""BoardId"":8}",_raw_jira_api_issues,12455,
2,18045,Workflow,0,jira,,11490,EE Workflow v0.2,12089,EE Workflow v0.3,"{""ConnectionId"":2,""BoardId"":8}",_raw_jira_api_issues,12451,
2,18093,Workflow,0,jira,,11537,EE Workflow v0.2,12137,EE Workflow v0.3,"{""ConnectionId"":2,""BoardId"":8}",_raw_jira_api_issues,12461,
2,18148,Workflow,0,jira,,11600,EE Workflow v0.2,12192,EE Workflow v0.3,"{""ConnectionId"":2,""BoardId"":8}",_raw_jira_api_issues,12441,
2,18168,Workflow,0,jira,,11620,EE Workflow v0.2,12212,EE Workflow v0.3,"{""ConnectionId"":2,""BoardId"":8}",_raw_jira_api_issues,12444,
2,18216,Workflow,0,jira,,11672,EE Workflow v0.2,12260,EE Workflow v0.3,"{""ConnectionId"":2,""BoardId"":8}",_raw_jira_api_issues,12448,
2,18876,Fix Version,0,jira,fixVersions,,,10026,SaaS,"{""ConnectionId"":2,""BoardId"":8}",_raw_jira_api_issues,12441,
2,18877,Fix Version,0,jira,fixVersions,,,10026,SaaS,"{""ConnectionId"":2,""BoardId"":8}",_raw_jira_api_issues,12442,
2,18878,Fix Version,0,jira,fixVersions,,,10026,SaaS,"{""ConnectionId"":2,""BoardId"":8}",_raw_jira_api_issues,12443,
2,18879,Fix Version,0,jira,fixVersions,,,10026,SaaS,"{""ConnectionId"":2,""BoardId"":8}",_raw_jira_api_issues,12444,
2,18880,Fix Version,0,jira,fixVersions,,,10026,SaaS,"{""ConnectionId"":2,""BoardId"":8}",_raw_jira_api_issues,12445,
2,18882,Fix Version,0,jira,fixVersions,,,10026,SaaS,"{""ConnectionId"":2,""BoardId"":8}",_raw_jira_api_issues,12446,
2,18885,Fix Version,0,jira,fixVersions,,,10026,SaaS,"{""ConnectionId"":2,""BoardId"":8}",_raw_jira_api_issues,12447,
2,18886,Fix Version,0,jira,fixVersions,,,10026,SaaS,"{""ConnectionId"":2,""BoardId"":8}",_raw_jira_api_issues,12448,
2,18888,Fix Version,0,jira,fixVersions,,,10026,SaaS,"{""ConnectionId"":2,""BoardId"":8}",_raw_jira_api_issues,12449,
2,18893,Fix Version,0,jira,fixVersions,,,10026,SaaS,"{""ConnectionId"":2,""BoardId"":8}",_raw_jira_api_issues,12451,
2,18895,Fix Version,0,jira,fixVersions,,,10026,SaaS,"{""ConnectionId"":2,""BoardId"":8}",_raw_jira_api_issues,12452,
2,18900,Fix Version,0,jira,fixVersions,,,10026,SaaS,"{""ConnectionId"":2,""BoardId"":8}",_raw_jira_api_issues,12458,
2,18904,Fix Version,0,jira,fixVersions,,,10026,SaaS,"{""ConnectionId"":2,""BoardId"":8}",_raw_jira_api_issues,12461,
2,18906,Fix Version,0,jira,fixVersions,,,10026,SaaS,"{""ConnectionId"":2,""BoardId"":8}",_raw_jira_api_issues,12462,
2,18909,Fix Version,0,jira,fixVersions,,,10026,SaaS,"{""ConnectionId"":2,""BoardId"":8}",_raw_jira_api_issues,12465,
2,18910,Fix Version,0,jira,fixVersions,,,10026,SaaS,"{""ConnectionId"":2,""BoardId"":8}",_raw_jira_api_issues,12467,
2,18912,Fix Version,0,jira,fixVersions,,,10026,SaaS,"{""ConnectionId"":2,""BoardId"":8}",_raw_jira_api_issues,12470,
2,20833,status,0,jira,status,1,Open,3,In Progress,"{""ConnectionId"":2,""BoardId"":8}",_raw_jira_api_issues,12453,
2,20839,resolution,0,jira,resolution,,,10000,Done,"{""ConnectionId"":2,""BoardId"":8}",_raw_jira_api_issues,12453,
2,20839,status,0,jira,status,3,In Progress,5,Resolved,"{""ConnectionId"":2,""BoardId"":8}",_raw_jira_api_issues,12453,
2,20839,timeestimate,0,jira,timeestimate,21600,21600,14400,14400,"{""ConnectionId"":2,""BoardId"":8}",_raw_jira_api_issues,12453,
2,20839,timespent,0,jira,timespent,,,7200,7200,"{""ConnectionId"":2,""BoardId"":8}",_raw_jira_api_issues,12453,
2,20839,WorklogId,0,jira,,,,10218,10218,"{""ConnectionId"":2,""BoardId"":8}",_raw_jira_api_issues,12453,
2,25212,End date,0,custom,customfield_10060,,,2020-06-23,23/Jun/20,"{""ConnectionId"":2,""BoardId"":8}",_raw_jira_api_issues,12444,
2,25212,Start date,0,custom,customfield_10015,,,2020-06-12,12/Jun/20,"{""ConnectionId"":2,""BoardId"":8}",_raw_jira_api_issues,12444,
2,25219,End date,0,custom,customfield_10060,,,2020-06-12,12/Jun/20,"{""ConnectionId"":2,""BoardId"":8}",_raw_jira_api_issues,12451,
2,25219,Start date,0,custom,customfield_10015,,,2020-06-12,12/Jun/20,"{""ConnectionId"":2,""BoardId"":8}",_raw_jira_api_issues,12451,
2,25220,End date,0,custom,customfield_10060,,,2020-06-23,23/Jun/20,"{""ConnectionId"":2,""BoardId"":8}",_raw_jira_api_issues,12443,
2,25220,Start date,0,custom,customfield_10015,,,2020-06-12,12/Jun/20,"{""ConnectionId"":2,""BoardId"":8}",_raw_jira_api_issues,12443,
2,25226,End date,0,custom,customfield_10060,,,2020-06-12,12/Jun/20,"{""ConnectionId"":2,""BoardId"":8}",_raw_jira_api_issues,12450,
2,25226,Start date,0,custom,customfield_10015,,,2020-06-12,12/Jun/20,"{""ConnectionId"":2,""BoardId"":8}",_raw_jira_api_issues,12450,
2,25227,End date,0,custom,customfield_10060,,,2020-06-16,16/Jun/20,"{""ConnectionId"":2,""BoardId"":8}",_raw_jira_api_issues,12446,
2,25227,Start date,0,custom,customfield_10015,,,2020-06-12,12/Jun/20,"{""ConnectionId"":2,""BoardId"":8}",_raw_jira_api_issues,12446,
2,25230,End date,0,custom,customfield_10060,,,2020-06-12,12/Jun/20,"{""ConnectionId"":2,""BoardId"":8}",_raw_jira_api_issues,12458,
2,25230,Start date,0,custom,customfield_10015,,,2020-06-12,12/Jun/20,"{""ConnectionId"":2,""BoardId"":8}",_raw_jira_api_issues,12458,
2,25232,End date,0,custom,customfield_10060,,,2020-06-12,12/Jun/20,"{""ConnectionId"":2,""BoardId"":8}",_raw_jira_api_issues,12453,
2,25232,Start date,0,custom,customfield_10015,,,2020-06-12,12/Jun/20,"{""ConnectionId"":2,""BoardId"":8}",_raw_jira_api_issues,12453,
2,25233,End date,0,custom,customfield_10060,,,2020-06-18,18/Jun/20,"{""ConnectionId"":2,""BoardId"":8}",_raw_jira_api_issues,12445,
2,25233,Start date,0,custom,customfield_10015,,,2020-06-12,12/Jun/20,"{""ConnectionId"":2,""BoardId"":8}",_raw_jira_api_issues,12445,
2,25236,End date,0,custom,customfield_10060,,,2020-06-15,15/Jun/20,"{""ConnectionId"":2,""BoardId"":8}",_raw_jira_api_issues,12452,
2,25236,Start date,0,custom,customfield_10015,,,2020-06-12,12/Jun/20,"{""ConnectionId"":2,""BoardId"":8}",_raw_jira_api_issues,12452,
2,25240,End date,0,custom,customfield_10060,,,2020-06-15,15/Jun/20,"{""ConnectionId"":2,""BoardId"":8}",_raw_jira_api_issues,12460,
2,25240,Start date,0,custom,customfield_10015,,,2020-06-12,12/Jun/20,"{""ConnectionId"":2,""BoardId"":8}",_raw_jira_api_issues,12460,
2,25243,End date,0,custom,customfield_10060,,,2020-06-17,17/Jun/20,"{""ConnectionId"":2,""BoardId"":8}",_raw_jira_api_issues,12448,
2,25243,Start date,0,custom,customfield_10015,,,2020-06-12,12/Jun/20,"{""ConnectionId"":2,""BoardId"":8}",_raw_jira_api_issues,12448,
2,25245,End date,0,custom,customfield_10060,,,2020-06-18,18/Jun/20,"{""ConnectionId"":2,""BoardId"":8}",_raw_jira_api_issues,12454,
2,25245,Start date,0,custom,customfield_10015,,,2020-06-12,12/Jun/20,"{""ConnectionId"":2,""BoardId"":8}",_raw_jira_api_issues,12454,
2,25253,End date,0,custom,customfield_10060,,,2020-07-08,8/Jul/20,"{""ConnectionId"":2,""BoardId"":8}",_raw_jira_api_issues,12447,
2,25253,Start date,0,custom,customfield_10015,,,2020-06-12,12/Jun/20,"{""ConnectionId"":2,""BoardId"":8}",_raw_jira_api_issues,12447,
2,25264,End date,0,custom,customfield_10060,,,2020-07-08,8/Jul/20,"{""ConnectionId"":2,""BoardId"":8}",_raw_jira_api_issues,12449,
2,25264,Start date,0,custom,customfield_10015,,,2020-06-12,12/Jun/20,"{""ConnectionId"":2,""BoardId"":8}",_raw_jira_api_issues,12449,
2,25328,End date,0,custom,customfield_10060,,,2020-06-23,23/Jun/20,"{""ConnectionId"":2,""BoardId"":8}",_raw_jira_api_issues,12442,
2,25328,Start date,0,custom,customfield_10015,,,2020-06-12,12/Jun/20,"{""ConnectionId"":2,""BoardId"":8}",_raw_jira_api_issues,12442,
2,25405,End date,0,custom,customfield_10060,,,2020-06-12,12/Jun/20,"{""ConnectionId"":2,""BoardId"":8}",_raw_jira_api_issues,12462,
2,25405,Start date,0,custom,customfield_10015,,,2020-06-12,12/Jun/20,"{""ConnectionId"":2,""BoardId"":8}",_raw_jira_api_issues,12462,
2,25408,End date,0,custom,customfield_10060,,,2020-06-12,12/Jun/20,"{""ConnectionId"":2,""BoardId"":8}",_raw_jira_api_issues,12461,
2,25408,Start date,0,custom,customfield_10015,,,2020-06-12,12/Jun/20,"{""ConnectionId"":2,""BoardId"":8}",_raw_jira_api_issues,12461,
2,25409,End date,0,custom,customfield_10060,,,2020-06-12,12/Jun/20,"{""ConnectionId"":2,""BoardId"":8}",_raw_jira_api_issues,12464,
2,25409,Start date,0,custom,customfield_10015,,,2020-06-12,12/Jun/20,"{""ConnectionId"":2,""BoardId"":8}",_raw_jira_api_issues,12464,
2,25412,End date,0,custom,customfield_10060,,,2020-06-12,12/Jun/20,"{""ConnectionId"":2,""BoardId"":8}",_raw_jira_api_issues,12467,
2,25412,Start date,0,custom,customfield_10015,,,2020-06-12,12/Jun/20,"{""ConnectionId"":2,""BoardId"":8}",_raw_jira_api_issues,12467,
2,25413,End date,0,custom,customfield_10060,,,2020-06-18,18/Jun/20,"{""ConnectionId"":2,""BoardId"":8}",_raw_jira_api_issues,12470,
2,25413,Start date,0,custom,customfield_10015,,,2020-06-12,12/Jun/20,"{""ConnectionId"":2,""BoardId"":8}",_raw_jira_api_issues,12470,
2,25418,End date,0,custom,customfield_10060,,,2020-06-12,12/Jun/20,"{""ConnectionId"":2,""BoardId"":8}",_raw_jira_api_issues,12465,
2,25418,Start date,0,custom,customfield_10015,,,2020-06-12,12/Jun/20,"{""ConnectionId"":2,""BoardId"":8}",_raw_jira_api_issues,12465,
2,25420,End date,0,custom,customfield_10060,,,2020-06-12,12/Jun/20,"{""ConnectionId"":2,""BoardId"":8}",_raw_jira_api_issues,12469,
2,25420,Start date,0,custom,customfield_10015,,,2020-06-12,12/Jun/20,"{""ConnectionId"":2,""BoardId"":8}",_raw_jira_api_issues,12469,
2,33511,Workflow,0,jira,,11975,EE Workflow v0.3,13619,Software Simplified Workflow for Project EE,"{""ConnectionId"":2,""BoardId"":8}",_raw_jira_api_issues,12443,
2,33512,Workflow,0,jira,,11974,EE Workflow v0.3,13620,Software Simplified Workflow for Project EE,"{""ConnectionId"":2,""BoardId"":8}",_raw_jira_api_issues,12453,
2,33513,Workflow,0,jira,,11963,EE Workflow v0.3,13621,Software Simplified Workflow for Project EE,"{""ConnectionId"":2,""BoardId"":8}",_raw_jira_api_issues,12445,
2,33514,Workflow,0,jira,,11967,EE Workflow v0.3,13622,Software Simplified Workflow for Project EE,"{""ConnectionId"":2,""BoardId"":8}",_raw_jira_api_issues,12460,
2,33515,Workflow,0,jira,,11979,EE Workflow v0.3,13623,Software Simplified Workflow for Project EE,"{""ConnectionId"":2,""BoardId"":8}",_raw_jira_api_issues,12447,
2,33516,Workflow,0,jira,,11966,EE Workflow v0.3,13624,Software Simplified Workflow for Project EE,"{""ConnectionId"":2,""BoardId"":8}",_raw_jira_api_issues,12449,
2,33518,Workflow,0,jira,,11955,EE Workflow v0.3,13626,Software Simplified Workflow for Project EE,"{""ConnectionId"":2,""BoardId"":8}",_raw_jira_api_issues,12442,
2,33520,Workflow,0,jira,,11954,EE Workflow v0.3,13628,Software Simplified Workflow for Project EE,"{""ConnectionId"":2,""BoardId"":8}",_raw_jira_api_issues,12462,
2,33521,Workflow,0,jira,,11977,EE Workflow v0.3,13629,Software Simplified Workflow for Project EE,"{""ConnectionId"":2,""BoardId"":8}",_raw_jira_api_issues,12464,
2,33522,Workflow,0,jira,,11961,EE Workflow v0.3,13630,Software Simplified Workflow for Project EE,"{""ConnectionId"":2,""BoardId"":8}",_raw_jira_api_issues,12470,
2,33523,Workflow,0,jira,,11960,EE Workflow v0.3,13631,Software Simplified Workflow for Project EE,"{""ConnectionId"":2,""BoardId"":8}",_raw_jira_api_issues,12465,
2,33524,Workflow,0,jira,,11957,EE Workflow v0.3,13632,Software Simplified Workflow for Project EE,"{""ConnectionId"":2,""BoardId"":8}",_raw_jira_api_issues,12469,
2,33525,Workflow,0,jira,,11953,EE Workflow v0.3,13633,Software Simplified Workflow for Project EE,"{""ConnectionId"":2,""BoardId"":8}",_raw_jira_api_issues,12463,
2,33526,Workflow,0,jira,,11956,EE Workflow v0.3,13634,Software Simplified Workflow for Project EE,"{""ConnectionId"":2,""BoardId"":8}",_raw_jira_api_issues,12459,
2,33527,Workflow,0,jira,,11968,EE Workflow v0.3,13635,Software Simplified Workflow for Project EE,"{""ConnectionId"":2,""BoardId"":8}",_raw_jira_api_issues,12466,
2,33529,Workflow,0,jira,,11976,EE Workflow v0.3,13637,Software Simplified Workflow for Project EE,"{""ConnectionId"":2,""BoardId"":8}",_raw_jira_api_issues,12468,
2,33552,Workflow,0,jira,,12002,EE Workflow v0.3,13660,Software Simplified Workflow for Project EE,"{""ConnectionId"":2,""BoardId"":8}",_raw_jira_api_issues,12450,
2,33553,Workflow,0,jira,,11993,EE Workflow v0.3,13661,Software Simplified Workflow for Project EE,"{""ConnectionId"":2,""BoardId"":8}",_raw_jira_api_issues,12446,
2,33554,Workflow,0,jira,,11989,EE Workflow v0.3,13662,Software Simplified Workflow for Project EE,"{""ConnectionId"":2,""BoardId"":8}",_raw_jira_api_issues,12458,
2,33555,Workflow,0,jira,,12001,EE Workflow v0.3,13663,Software Simplified Workflow for Project EE,"{""ConnectionId"":2,""BoardId"":8}",_raw_jira_api_issues,12452,
2,33556,Workflow,0,jira,,12005,EE Workflow v0.3,13664,Software Simplified Workflow for Project EE,"{""ConnectionId"":2,""BoardId"":8}",_raw_jira_api_issues,12467,
2,33560,Workflow,0,jira,,11994,EE Workflow v0.3,13668,Software Simplified Workflow for Project EE,"{""ConnectionId"":2,""BoardId"":8}",_raw_jira_api_issues,12457,
2,33561,Workflow,0,jira,,11999,EE Workflow v0.3,13669,Software Simplified Workflow for Project EE,"{""ConnectionId"":2,""BoardId"":8}",_raw_jira_api_issues,12456,
2,33568,Workflow,0,jira,,12013,EE Workflow v0.3,13676,Software Simplified Workflow for Project EE,"{""ConnectionId"":2,""BoardId"":8}",_raw_jira_api_issues,12454,
2,33583,Workflow,0,jira,,12023,EE Workflow v0.3,13691,Software Simplified Workflow for Project EE,"{""ConnectionId"":2,""BoardId"":8}",_raw_jira_api_issues,12455,
2,33643,Workflow,0,jira,,12089,EE Workflow v0.3,13751,Software Simplified Workflow for Project EE,"{""ConnectionId"":2,""BoardId"":8}",_raw_jira_api_issues,12451,
2,33711,Workflow,0,jira,,12137,EE Workflow v0.3,13819,Software Simplified Workflow for Project EE,"{""ConnectionId"":2,""BoardId"":8}",_raw_jira_api_issues,12461,
2,33772,Workflow,0,jira,,12192,EE Workflow v0.3,13880,Software Simplified Workflow for Project EE,"{""ConnectionId"":2,""BoardId"":8}",_raw_jira_api_issues,12441,
2,33795,Workflow,0,jira,,12212,EE Workflow v0.3,13903,Software Simplified Workflow for Project EE,"{""ConnectionId"":2,""BoardId"":8}",_raw_jira_api_issues,12444,
2,33861,Workflow,0,jira,,12260,EE Workflow v0.3,13969,Software Simplified Workflow for Project EE,"{""ConnectionId"":2,""BoardId"":8}",_raw_jira_api_issues,12448,
2,35059,status,0,jira,status,5,Resolved,6,Closed,"{""ConnectionId"":2,""BoardId"":8}",_raw_jira_api_issues,12446,
2,35068,status,0,jira,status,5,Resolved,6,Closed,"{""ConnectionId"":2,""BoardId"":8}",_raw_jira_api_issues,12444,
2,35071,status,0,jira,status,5,Resolved,6,Closed,"{""ConnectionId"":2,""BoardId"":8}",_raw_jira_api_issues,12445,
2,35073,status,0,jira,status,5,Resolved,6,Closed,"{""ConnectionId"":2,""BoardId"":8}",_raw_jira_api_issues,12442,
2,35075,status,0,jira,status,5,Resolved,6,Closed,"{""ConnectionId"":2,""BoardId"":8}",_raw_jira_api_issues,12443,
2,35078,status,0,jira,status,5,Resolved,6,Closed,"{""ConnectionId"":2,""BoardId"":8}",_raw_jira_api_issues,12453,
2,35084,status,0,jira,status,5,Resolved,6,Closed,"{""ConnectionId"":2,""BoardId"":8}",_raw_jira_api_issues,12448,
2,35085,status,0,jira,status,5,Resolved,6,Closed,"{""ConnectionId"":2,""BoardId"":8}",_raw_jira_api_issues,12449,
2,35087,status,0,jira,status,5,Resolved,6,Closed,"{""ConnectionId"":2,""BoardId"":8}",_raw_jira_api_issues,12451,
2,35089,status,0,jira,status,5,Resolved,6,Closed,"{""ConnectionId"":2,""BoardId"":8}",_raw_jira_api_issues,12452,
2,35090,status,0,jira,status,5,Resolved,6,Closed,"{""ConnectionId"":2,""BoardId"":8}",_raw_jira_api_issues,12450,
2,35091,status,0,jira,status,5,Resolved,6,Closed,"{""ConnectionId"":2,""BoardId"":8}",_raw_jira_api_issues,12447,
2,35105,status,0,jira,status,5,Resolved,6,Closed,"{""ConnectionId"":2,""BoardId"":8}",_raw_jira_api_issues,12460,
2,35107,status,0,jira,status,5,Resolved,6,Closed,"{""ConnectionId"":2,""BoardId"":8}",_raw_jira_api_issues,12458,
2,35109,status,0,jira,status,5,Resolved,6,Closed,"{""ConnectionId"":2,""BoardId"":8}",_raw_jira_api_issues,12454,
2,35114,status,0,jira,status,5,Resolved,6,Closed,"{""ConnectionId"":2,""BoardId"":8}",_raw_jira_api_issues,12467,
2,35115,status,0,jira,status,5,Resolved,6,Closed,"{""ConnectionId"":2,""BoardId"":8}",_raw_jira_api_issues,12464,
2,35116,status,0,jira,status,5,Resolved,6,Closed,"{""ConnectionId"":2,""BoardId"":8}",_raw_jira_api_issues,12465,
2,35118,status,0,jira,status,5,Resolved,6,Closed,"{""ConnectionId"":2,""BoardId"":8}",_raw_jira_api_issues,12470,
2,35122,status,0,jira,status,5,Resolved,6,Closed,"{""ConnectionId"":2,""BoardId"":8}",_raw_jira_api_issues,12469,
2,35123,status,0,jira,status,5,Resolved,6,Closed,"{""ConnectionId"":2,""BoardId"":8}",_raw_jira_api_issues,12462,
2,35125,status,0,jira,status,5,Resolved,6,Closed,"{""ConnectionId"":2,""BoardId"":8}",_raw_jira_api_issues,12461,
2,35316,issuetype,0,jira,issuetype,10002,Technical-Debt,10031,Task,"{""ConnectionId"":2,""BoardId"":8}",_raw_jira_api_issues,12453,
2,35317,issuetype,0,jira,issuetype,10002,Technical-Debt,10031,Task,"{""ConnectionId"":2,""BoardId"":8}",_raw_jira_api_issues,12452,
2,35318,issuetype,0,jira,issuetype,10002,Technical-Debt,10031,Task,"{""ConnectionId"":2,""BoardId"":8}",_raw_jira_api_issues,12451,
2,35319,issuetype,0,jira,issuetype,10002,Technical-Debt,10031,Task,"{""ConnectionId"":2,""BoardId"":8}",_raw_jira_api_issues,12450,
2,35320,issuetype,0,jira,issuetype,10002,Technical-Debt,10031,Task,"{""ConnectionId"":2,""BoardId"":8}",_raw_jira_api_issues,12449,
2,35321,issuetype,0,jira,issuetype,10002,Technical-Debt,10031,Task,"{""ConnectionId"":2,""BoardId"":8}",_raw_jira_api_issues,12448,
2,35322,issuetype,0,jira,issuetype,10002,Technical-Debt,10031,Task,"{""ConnectionId"":2,""BoardId"":8}",_raw_jira_api_issues,12447,
2,35323,issuetype,0,jira,issuetype,10002,Technical-Debt,10031,Task,"{""ConnectionId"":2,""BoardId"":8}",_raw_jira_api_issues,12445,
2,86125,status,0,jira,status,6,Closed,10068,已完成,"{""ConnectionId"":2,""BoardId"":8}",_raw_jira_api_issues,12453,
2,86125,Workflow,0,jira,,13620,Software Simplified Workflow for Project EE,17947,Software Simplified Workflow for Project EE-story,"{""ConnectionId"":2,""BoardId"":8}",_raw_jira_api_issues,12453,
2,86126,status,0,jira,status,6,Closed,10068,已完成,"{""ConnectionId"":2,""BoardId"":8}",_raw_jira_api_issues,12449,
2,86126,Workflow,0,jira,,13624,Software Simplified Workflow for Project EE,17948,Software Simplified Workflow for Project EE-story,"{""ConnectionId"":2,""BoardId"":8}",_raw_jira_api_issues,12449,
2,86128,status,0,jira,status,6,Closed,10068,已完成,"{""ConnectionId"":2,""BoardId"":8}",_raw_jira_api_issues,12447,
2,86128,Workflow,0,jira,,13623,Software Simplified Workflow for Project EE,17950,Software Simplified Workflow for Project EE-story,"{""ConnectionId"":2,""BoardId"":8}",_raw_jira_api_issues,12447,
2,86129,status,0,jira,status,6,Closed,10068,已完成,"{""ConnectionId"":2,""BoardId"":8}",_raw_jira_api_issues,12445,
2,86129,Workflow,0,jira,,13621,Software Simplified Workflow for Project EE,17951,Software Simplified Workflow for Project EE-story,"{""ConnectionId"":2,""BoardId"":8}",_raw_jira_api_issues,12445,
2,86135,status,0,jira,status,6,Closed,10068,已完成,"{""ConnectionId"":2,""BoardId"":8}",_raw_jira_api_issues,12442,
2,86135,Workflow,0,jira,,13626,Software Simplified Workflow for Project EE,17957,Software Simplified Workflow for Project EE-story,"{""ConnectionId"":2,""BoardId"":8}",_raw_jira_api_issues,12442,
2,86136,status,0,jira,status,6,Closed,10068,已完成,"{""ConnectionId"":2,""BoardId"":8}",_raw_jira_api_issues,12443,
2,86136,Workflow,0,jira,,13619,Software Simplified Workflow for Project EE,17958,Software Simplified Workflow for Project EE-story,"{""ConnectionId"":2,""BoardId"":8}",_raw_jira_api_issues,12443,
2,86138,status,0,jira,status,6,Closed,10068,已完成,"{""ConnectionId"":2,""BoardId"":8}",_raw_jira_api_issues,12463,
2,86138,Workflow,0,jira,,13633,Software Simplified Workflow for Project EE,17960,Software Simplified Workflow for Project EE-subtask,"{""ConnectionId"":2,""BoardId"":8}",_raw_jira_api_issues,12463,
2,86139,status,0,jira,status,6,Closed,10068,已完成,"{""ConnectionId"":2,""BoardId"":8}",_raw_jira_api_issues,12459,
2,86139,Workflow,0,jira,,13634,Software Simplified Workflow for Project EE,17961,Software Simplified Workflow for Project EE-subtask,"{""ConnectionId"":2,""BoardId"":8}",_raw_jira_api_issues,12459,
2,86140,status,0,jira,status,6,Closed,10068,已完成,"{""ConnectionId"":2,""BoardId"":8}",_raw_jira_api_issues,12466,
2,86140,Workflow,0,jira,,13635,Software Simplified Workflow for Project EE,17962,Software Simplified Workflow for Project EE-subtask,"{""ConnectionId"":2,""BoardId"":8}",_raw_jira_api_issues,12466,
2,86142,status,0,jira,status,6,Closed,10068,已完成,"{""ConnectionId"":2,""BoardId"":8}",_raw_jira_api_issues,12468,
2,86142,Workflow,0,jira,,13637,Software Simplified Workflow for Project EE,17964,Software Simplified Workflow for Project EE-subtask,"{""ConnectionId"":2,""BoardId"":8}",_raw_jira_api_issues,12468,
2,86145,status,0,jira,status,6,Closed,10068,已完成,"{""ConnectionId"":2,""BoardId"":8}",_raw_jira_api_issues,12460,
2,86145,Workflow,0,jira,,13622,Software Simplified Workflow for Project EE,17967,Software Simplified Workflow for Project EE-subtask,"{""ConnectionId"":2,""BoardId"":8}",_raw_jira_api_issues,12460,
2,86146,status,0,jira,status,6,Closed,10068,已完成,"{""ConnectionId"":2,""BoardId"":8}",_raw_jira_api_issues,12464,
2,86146,Workflow,0,jira,,13629,Software Simplified Workflow for Project EE,17968,Software Simplified Workflow for Project EE-subtask,"{""ConnectionId"":2,""BoardId"":8}",_raw_jira_api_issues,12464,
2,86147,status,0,jira,status,6,Closed,10068,已完成,"{""ConnectionId"":2,""BoardId"":8}",_raw_jira_api_issues,12465,
2,86147,Workflow,0,jira,,13631,Software Simplified Workflow for Project EE,17969,Software Simplified Workflow for Project EE-subtask,"{""ConnectionId"":2,""BoardId"":8}",_raw_jira_api_issues,12465,
2,86148,status,0,jira,status,6,Closed,10068,已完成,"{""ConnectionId"":2,""BoardId"":8}",_raw_jira_api_issues,12470,
2,86148,Workflow,0,jira,,13630,Software Simplified Workflow for Project EE,17970,Software Simplified Workflow for Project EE-subtask,"{""ConnectionId"":2,""BoardId"":8}",_raw_jira_api_issues,12470,
2,86149,status,0,jira,status,6,Closed,10068,已完成,"{""ConnectionId"":2,""BoardId"":8}",_raw_jira_api_issues,12469,
2,86149,Workflow,0,jira,,13632,Software Simplified Workflow for Project EE,17971,Software Simplified Workflow for Project EE-subtask,"{""ConnectionId"":2,""BoardId"":8}",_raw_jira_api_issues,12469,
2,86150,status,0,jira,status,6,Closed,10068,已完成,"{""ConnectionId"":2,""BoardId"":8}",_raw_jira_api_issues,12462,
2,86150,Workflow,0,jira,,13628,Software Simplified Workflow for Project EE,17972,Software Simplified Workflow for Project EE-subtask,"{""ConnectionId"":2,""BoardId"":8}",_raw_jira_api_issues,12462,
2,86152,status,0,jira,status,6,Closed,10068,已完成,"{""ConnectionId"":2,""BoardId"":8}",_raw_jira_api_issues,12457,
2,86152,Workflow,0,jira,,13668,Software Simplified Workflow for Project EE,17974,Software Simplified Workflow for Project EE-story,"{""ConnectionId"":2,""BoardId"":8}",_raw_jira_api_issues,12457,
2,86153,status,0,jira,status,6,Closed,10068,已完成,"{""ConnectionId"":2,""BoardId"":8}",_raw_jira_api_issues,12452,
2,86153,Workflow,0,jira,,13663,Software Simplified Workflow for Project EE,17975,Software Simplified Workflow for Project EE-story,"{""ConnectionId"":2,""BoardId"":8}",_raw_jira_api_issues,12452,
2,86159,status,0,jira,status,6,Closed,10068,已完成,"{""ConnectionId"":2,""BoardId"":8}",_raw_jira_api_issues,12450,
2,86159,Workflow,0,jira,,13660,Software Simplified Workflow for Project EE,17981,Software Simplified Workflow for Project EE-story,"{""ConnectionId"":2,""BoardId"":8}",_raw_jira_api_issues,12450,
2,86171,status,0,jira,status,6,Closed,10068,已完成,"{""ConnectionId"":2,""BoardId"":8}",_raw_jira_api_issues,12446,
2,86171,Workflow,0,jira,,13661,Software Simplified Workflow for Project EE,17993,Software Simplified Workflow for Project EE-story,"{""ConnectionId"":2,""BoardId"":8}",_raw_jira_api_issues,12446,
2,86178,status,0,jira,status,6,Closed,10068,已完成,"{""ConnectionId"":2,""BoardId"":8}",_raw_jira_api_issues,12456,
2,86178,Workflow,0,jira,,13669,Software Simplified Workflow for Project EE,18000,Software Simplified Workflow for Project EE-story,"{""ConnectionId"":2,""BoardId"":8}",_raw_jira_api_issues,12456,
2,86180,status,0,jira,status,6,Closed,10068,已完成,"{""ConnectionId"":2,""BoardId"":8}",_raw_jira_api_issues,12458,
2,86180,Workflow,0,jira,,13662,Software Simplified Workflow for Project EE,18002,Software Simplified Workflow for Project EE-subtask,"{""ConnectionId"":2,""BoardId"":8}",_raw_jira_api_issues,12458,
2,86181,status,0,jira,status,6,Closed,10068,已完成,"{""ConnectionId"":2,""BoardId"":8}",_raw_jira_api_issues,12467,
2,86181,Workflow,0,jira,,13664,Software Simplified Workflow for Project EE,18003,Software Simplified Workflow for Project EE-subtask,"{""ConnectionId"":2,""BoardId"":8}",_raw_jira_api_issues,12467,
2,86183,status,0,jira,status,6,Closed,10068,已完成,"{""ConnectionId"":2,""BoardId"":8}",_raw_jira_api_issues,12454,
2,86183,Workflow,0,jira,,13676,Software Simplified Workflow for Project EE,18005,Software Simplified Workflow for Project EE-story,"{""ConnectionId"":2,""BoardId"":8}",_raw_jira_api_issues,12454,
2,86193,status,0,jira,status,6,Closed,10068,已完成,"{""ConnectionId"":2,""BoardId"":8}",_raw_jira_api_issues,12455,
2,86193,Workflow,0,jira,,13691,Software Simplified Workflow for Project EE,18015,Software Simplified Workflow for Project EE-story,"{""ConnectionId"":2,""BoardId"":8}",_raw_jira_api_issues,12455,
2,86275,status,0,jira,status,6,Closed,10068,已完成,"{""ConnectionId"":2,""BoardId"":8}",_raw_jira_api_issues,12451,
2,86275,Workflow,0,jira,,13751,Software Simplified Workflow for Project EE,18097,Software Simplified Workflow for Project EE-story,"{""ConnectionId"":2,""BoardId"":8}",_raw_jira_api_issues,12451,
2,86344,status,0,jira,status,6,Closed,10068,已完成,"{""ConnectionId"":2,""BoardId"":8}",_raw_jira_api_issues,12461,
2,86344,Workflow,0,jira,,13819,Software Simplified Workflow for Project EE,18166,Software Simplified Workflow for Project EE-subtask,"{""ConnectionId"":2,""BoardId"":8}",_raw_jira_api_issues,12461,
2,86412,status,0,jira,status,6,Closed,10068,已完成,"{""ConnectionId"":2,""BoardId"":8}",_raw_jira_api_issues,12441,
2,86412,Workflow,0,jira,,13880,Software Simplified Workflow for Project EE,18234,Software Simplified Workflow for Project EE-story,"{""ConnectionId"":2,""BoardId"":8}",_raw_jira_api_issues,12441,
2,86429,status,0,jira,status,6,Closed,10068,已完成,"{""ConnectionId"":2,""BoardId"":8}",_raw_jira_api_issues,12444,
2,86429,Workflow,0,jira,,13903,Software Simplified Workflow for Project EE,18251,Software Simplified Workflow for Project EE-story,"{""ConnectionId"":2,""BoardId"":8}",_raw_jira_api_issues,12444,
2,86652,status,0,jira,status,6,Closed,10068,已完成,"{""ConnectionId"":2,""BoardId"":8}",_raw_jira_api_issues,12448,
2,86652,Workflow,0,jira,,13969,Software Simplified Workflow for Project EE,18474,Software Simplified Workflow for Project EE-story,"{""ConnectionId"":2,""BoardId"":8}",_raw_jira_api_issues,12448,
2,90429,Workflow,0,jira,,17957,Software Simplified Workflow for Project EE-story,21115,Software Simplified Workflow for Project EE-story2,"{""ConnectionId"":2,""BoardId"":8}",_raw_jira_api_issues,12442,
2,90430,Workflow,0,jira,,17958,Software Simplified Workflow for Project EE-story,21116,Software Simplified Workflow for Project EE-story2,"{""ConnectionId"":2,""BoardId"":8}",_raw_jira_api_issues,12443,
2,90434,Workflow,0,jira,,17960,Software Simplified Workflow for Project EE-subtask,21120,Software Simplified Workflow for Project EE-subtask2,"{""ConnectionId"":2,""BoardId"":8}",_raw_jira_api_issues,12463,
2,90435,Workflow,0,jira,,17947,Software Simplified Workflow for Project EE-story,21121,Software Simplified Workflow for Project EE-story2,"{""ConnectionId"":2,""BoardId"":8}",_raw_jira_api_issues,12453,
2,90436,Workflow,0,jira,,17948,Software Simplified Workflow for Project EE-story,21122,Software Simplified Workflow for Project EE-story2,"{""ConnectionId"":2,""BoardId"":8}",_raw_jira_api_issues,12449,
2,90437,Workflow,0,jira,,17950,Software Simplified Workflow for Project EE-story,21123,Software Simplified Workflow for Project EE-story2,"{""ConnectionId"":2,""BoardId"":8}",_raw_jira_api_issues,12447,
2,90438,Workflow,0,jira,,17951,Software Simplified Workflow for Project EE-story,21124,Software Simplified Workflow for Project EE-story2,"{""ConnectionId"":2,""BoardId"":8}",_raw_jira_api_issues,12445,
2,90439,Workflow,0,jira,,17968,Software Simplified Workflow for Project EE-subtask,21125,Software Simplified Workflow for Project EE-subtask2,"{""ConnectionId"":2,""BoardId"":8}",_raw_jira_api_issues,12464,
2,90440,Workflow,0,jira,,17969,Software Simplified Workflow for Project EE-subtask,21126,Software Simplified Workflow for Project EE-subtask2,"{""ConnectionId"":2,""BoardId"":8}",_raw_jira_api_issues,12465,
2,90441,Workflow,0,jira,,17970,Software Simplified Workflow for Project EE-subtask,21127,Software Simplified Workflow for Project EE-subtask2,"{""ConnectionId"":2,""BoardId"":8}",_raw_jira_api_issues,12470,
2,90442,Workflow,0,jira,,17971,Software Simplified Workflow for Project EE-subtask,21128,Software Simplified Workflow for Project EE-subtask2,"{""ConnectionId"":2,""BoardId"":8}",_raw_jira_api_issues,12469,
2,90443,Workflow,0,jira,,17972,Software Simplified Workflow for Project EE-subtask,21129,Software Simplified Workflow for Project EE-subtask2,"{""ConnectionId"":2,""BoardId"":8}",_raw_jira_api_issues,12462,
2,90445,Workflow,0,jira,,17961,Software Simplified Workflow for Project EE-subtask,21131,Software Simplified Workflow for Project EE-subtask2,"{""ConnectionId"":2,""BoardId"":8}",_raw_jira_api_issues,12459,
2,90446,Workflow,0,jira,,17962,Software Simplified Workflow for Project EE-subtask,21132,Software Simplified Workflow for Project EE-subtask2,"{""ConnectionId"":2,""BoardId"":8}",_raw_jira_api_issues,12466,
2,90448,Workflow,0,jira,,17964,Software Simplified Workflow for Project EE-subtask,21134,Software Simplified Workflow for Project EE-subtask2,"{""ConnectionId"":2,""BoardId"":8}",_raw_jira_api_issues,12468,
2,90451,Workflow,0,jira,,17967,Software Simplified Workflow for Project EE-subtask,21137,Software Simplified Workflow for Project EE-subtask2,"{""ConnectionId"":2,""BoardId"":8}",_raw_jira_api_issues,12460,
2,90454,Workflow,0,jira,,17974,Software Simplified Workflow for Project EE-story,21140,Software Simplified Workflow for Project EE-story2,"{""ConnectionId"":2,""BoardId"":8}",_raw_jira_api_issues,12457,
2,90455,Workflow,0,jira,,17975,Software Simplified Workflow for Project EE-story,21141,Software Simplified Workflow for Project EE-story2,"{""ConnectionId"":2,""BoardId"":8}",_raw_jira_api_issues,12452,
2,90461,Workflow,0,jira,,17981,Software Simplified Workflow for Project EE-story,21147,Software Simplified Workflow for Project EE-story2,"{""ConnectionId"":2,""BoardId"":8}",_raw_jira_api_issues,12450,
2,90473,Workflow,0,jira,,17993,Software Simplified Workflow for Project EE-story,21159,Software Simplified Workflow for Project EE-story2,"{""ConnectionId"":2,""BoardId"":8}",_raw_jira_api_issues,12446,
2,90479,Workflow,0,jira,,18000,Software Simplified Workflow for Project EE-story,21165,Software Simplified Workflow for Project EE-story2,"{""ConnectionId"":2,""BoardId"":8}",_raw_jira_api_issues,12456,
2,90481,Workflow,0,jira,,18002,Software Simplified Workflow for Project EE-subtask,21167,Software Simplified Workflow for Project EE-subtask2,"{""ConnectionId"":2,""BoardId"":8}",_raw_jira_api_issues,12458,
2,90482,Workflow,0,jira,,18003,Software Simplified Workflow for Project EE-subtask,21168,Software Simplified Workflow for Project EE-subtask2,"{""ConnectionId"":2,""BoardId"":8}",_raw_jira_api_issues,12467,
2,90485,Workflow,0,jira,,18005,Software Simplified Workflow for Project EE-story,21171,Software Simplified Workflow for Project EE-story2,"{""ConnectionId"":2,""BoardId"":8}",_raw_jira_api_issues,12454,
2,90497,Workflow,0,jira,,18015,Software Simplified Workflow for Project EE-story,21183,Software Simplified Workflow for Project EE-story2,"{""ConnectionId"":2,""BoardId"":8}",_raw_jira_api_issues,12455,
2,90572,Workflow,0,jira,,18097,Software Simplified Workflow for Project EE-story,21258,Software Simplified Workflow for Project EE-story2,"{""ConnectionId"":2,""BoardId"":8}",_raw_jira_api_issues,12451,
2,90642,Workflow,0,jira,,18166,Software Simplified Workflow for Project EE-subtask,21328,Software Simplified Workflow for Project EE-subtask2,"{""ConnectionId"":2,""BoardId"":8}",_raw_jira_api_issues,12461,
2,90706,Workflow,0,jira,,18234,Software Simplified Workflow for Project EE-story,21392,Software Simplified Workflow for Project EE-story2,"{""ConnectionId"":2,""BoardId"":8}",_raw_jira_api_issues,12441,
2,90722,Workflow,0,jira,,18251,Software Simplified Workflow for Project EE-story,21408,Software Simplified Workflow for Project EE-story2,"{""ConnectionId"":2,""BoardId"":8}",_raw_jira_api_issues,12444,
2,90931,Workflow,0,jira,,18474,Software Simplified Workflow for Project EE-story,21617,Software Simplified Workflow for Project EE-story2,"{""ConnectionId"":2,""BoardId"":8}",_raw_jira_api_issues,12448,
2,123813,Workflow,0,jira,,21165,Software Simplified Workflow for Project EE-story2,25394,Software Simplified Workflow for Project EE-bug2,"{""ConnectionId"":2,""BoardId"":8}",_raw_jira_api_issues,12456,
2,142717,assignee,0,jira,assignee,,,5ecfbd0984083c0c12e5af8f,lin.hao,"{""ConnectionId"":2,""BoardId"":8}",_raw_jira_api_issues,12455,
2,295892,Workflow,0,jira,,21123,Software Simplified Workflow for Project EE-story2,31251,Software Simplified Workflow for Project EE-task,"{""ConnectionId"":2,""BoardId"":8}",_raw_jira_api_issues,12447,
2,295894,Workflow,0,jira,,21122,Software Simplified Workflow for Project EE-story2,31253,Software Simplified Workflow for Project EE-task,"{""ConnectionId"":2,""BoardId"":8}",_raw_jira_api_issues,12449,
2,295895,Workflow,0,jira,,21124,Software Simplified Workflow for Project EE-story2,31254,Software Simplified Workflow for Project EE-task,"{""ConnectionId"":2,""BoardId"":8}",_raw_jira_api_issues,12445,
2,295897,Workflow,0,jira,,21147,Software Simplified Workflow for Project EE-story2,31256,Software Simplified Workflow for Project EE-task,"{""ConnectionId"":2,""BoardId"":8}",_raw_jira_api_issues,12450,
2,295898,Workflow,0,jira,,21141,Software Simplified Workflow for Project EE-story2,31257,Software Simplified Workflow for Project EE-task,"{""ConnectionId"":2,""BoardId"":8}",_raw_jira_api_issues,12452,
2,296002,Workflow,0,jira,,21617,Software Simplified Workflow for Project EE-story2,31361,Software Simplified Workflow for Project EE-task,"{""ConnectionId"":2,""BoardId"":8}",_raw_jira_api_issues,12448,
2,296102,Workflow,0,jira,,21258,Software Simplified Workflow for Project EE-story2,31461,Software Simplified Workflow for Project EE-task,"{""ConnectionId"":2,""BoardId"":8}",_raw_jira_api_issues,12451,
2,296582,Workflow,0,jira,,21121,Software Simplified Workflow for Project EE-story2,31941,Software Simplified Workflow for Project EE-task,"{""ConnectionId"":2,""BoardId"":8}",_raw_jira_api_issues,12453,
2,18876,Fix Version,1,jira,fixVersions,10008,v2.7.0,,,"{""ConnectionId"":2,""BoardId"":8}",_raw_jira_api_issues,12441,
2,18877,Fix Version,1,jira,fixVersions,10008,v2.7.0,,,"{""ConnectionId"":2,""BoardId"":8}",_raw_jira_api_issues,12442,
2,18878,Fix Version,1,jira,fixVersions,10008,v2.7.0,,,"{""ConnectionId"":2,""BoardId"":8}",_raw_jira_api_issues,12443,
2,18879,Fix Version,1,jira,fixVersions,10008,v2.7.0,,,"{""ConnectionId"":2,""BoardId"":8}",_raw_jira_api_issues,12444,
2,18880,Fix Version,1,jira,fixVersions,10008,v2.7.0,,,"{""ConnectionId"":2,""BoardId"":8}",_raw_jira_api_issues,12445,
2,18882,Fix Version,1,jira,fixVersions,10008,v2.7.0,,,"{""ConnectionId"":2,""BoardId"":8}",_raw_jira_api_issues,12446,
2,18885,Fix Version,1,jira,fixVersions,10008,v2.7.0,,,"{""ConnectionId"":2,""BoardId"":8}",_raw_jira_api_issues,12447,
2,18886,Fix Version,1,jira,fixVersions,10008,v2.7.0,,,"{""ConnectionId"":2,""BoardId"":8}",_raw_jira_api_issues,12448,
2,18888,Fix Version,1,jira,fixVersions,10008,v2.7.0,,,"{""ConnectionId"":2,""BoardId"":8}",_raw_jira_api_issues,12449,
2,11441,Fix Version,1,jira,fixVersions,10008,v2.7.0,,,"{""ConnectionId"":2,""BoardId"":8}",_raw_jira_api_issues,12450,
2,18893,Fix Version,1,jira,fixVersions,10008,v2.7.0,,,"{""ConnectionId"":2,""BoardId"":8}",_raw_jira_api_issues,12451,
2,18895,Fix Version,1,jira,fixVersions,10008,v2.7.0,,,"{""ConnectionId"":2,""BoardId"":8}",_raw_jira_api_issues,12452,
2,16738,Fix Version,1,jira,fixVersions,10008,v2.7.0,,,"{""ConnectionId"":2,""BoardId"":8}",_raw_jira_api_issues,12453,
2,11157,Fix Version,1,jira,fixVersions,10010,v2.5.5,,,"{""ConnectionId"":2,""BoardId"":8}",_raw_jira_api_issues,12456,
2,18900,Fix Version,1,jira,fixVersions,10008,v2.7.0,,,"{""ConnectionId"":2,""BoardId"":8}",_raw_jira_api_issues,12458,
2,18904,Fix Version,1,jira,fixVersions,10008,v2.7.0,,,"{""ConnectionId"":2,""BoardId"":8}",_raw_jira_api_issues,12461,
2,18906,Fix Version,1,jira,fixVersions,10008,v2.7.0,,,"{""ConnectionId"":2,""BoardId"":8}",_raw_jira_api_issues,12462,
2,18909,Fix Version,1,jira,fixVersions,10008,v2.7.0,,,"{""ConnectionId"":2,""BoardId"":8}",_raw_jira_api_issues,12465,
2,18910,Fix Version,1,jira,fixVersions,10008,v2.7.0,,,"{""ConnectionId"":2,""BoardId"":8}",_raw_jira_api_issues,12467,
2,18912,Fix Version,1,jira,fixVersions,10008,v2.7.0,,,"{""ConnectionId"":2,""BoardId"":8}",_raw_jira_api_issues,12470,
