id,issue_id,author_id,author_name,field_id,field_name,original_from_value,original_to_value,from_value,to_value,created_date,_raw_data_params,_raw_data_table,_raw_data_id,_raw_data_remark
jira:JiraIssueChangelogItems:2:10645:Rank:0,jira:JiraIssue:2:10067,jira:JiraAccount:2:5e9711ba34f7b90c0fbc37d3,Rankin Zheng,customfield_10019,Rank,,Ranked lower,,,2020-06-12T00:17:32.778+00:00,"{""ConnectionId"":2,""BoardId"":8}",_raw_jira_api_issues,12445,
jira:JiraIssueChangelogItems:2:10646:Fix Version:0,jira:JiraIssue:2:10064,jira:JiraAccount:2:5e9711ba34f7b90c0fbc37d3,Rankin Zheng,fixVersions,Fix Version,,v2.7.0,,,2020-06-12T00:17:56.609+00:00,"{""ConnectionId"":2,""BoardId"":8}",_raw_jira_api_issues,12442,
jira:JiraIssueChangelogItems:2:10647:Fix Version:0,jira:JiraIssue:2:10065,jira:JiraAccount:2:5e9711ba34f7b90c0fbc37d3,Rankin Zheng,fixVersions,Fix Version,,v2.7.0,,,2020-06-12T00:17:56.680+00:00,"{""ConnectionId"":2,""BoardId"":8}",_raw_jira_api_issues,12443,
jira:JiraIssueChangelogItems:2:10648:Fix Version:0,jira:JiraIssue:2:10066,jira:JiraAccount:2:5e9711ba34f7b90c0fbc37d3,Rankin Zheng,fixVersions,Fix Version,,v2.7.0,,,2020-06-12T00:17:56.735+00:00,"{""ConnectionId"":2,""BoardId"":8}",_raw_jira_api_issues,12444,
jira:JiraIssueChangelogItems:2:10649:Fix Version:0,jira:JiraIssue:2:10068,jira:JiraAccount:2:5e9711ba34f7b90c0fbc37d3,Rankin Zheng,fixVersions,Fix Version,,v2.7.0,,,2020-06-12T00:17:56.787+00:00,"{""ConnectionId"":2,""BoardId"":8}",_raw_jira_api_issues,12446,
jira:JiraIssueChangelogItems:2:10650:Fix Version:0,jira:JiraIssue:2:10067,jira:JiraAccount:2:5e9711ba34f7b90c0fbc37d3,Rankin Zheng,fixVersions,Fix Version,,v2.7.0,,,2020-06-12T00:18:00.255+00:00,"{""ConnectionId"":2,""BoardId"":8}",_raw_jira_api_issues,12445,
jira:JiraIssueChangelogItems:2:10655:Fix Version:0,jira:JiraIssue:2:10072,jira:JiraAccount:2:5e9711ba34f7b90c0fbc37d3,Rankin Zheng,fixVersions,Fix Version,,v2.7.0,,,2020-06-12T00:19:34.103+00:00,"{""ConnectionId"":2,""BoardId"":8}",_raw_jira_api_issues,12449,
jira:JiraIssueChangelogItems:2:10656:Fix Version:0,jira:JiraIssue:2:10070,jira:JiraAccount:2:5e9711ba34f7b90c0fbc37d3,Rankin Zheng,fixVersions,Fix Version,,v2.7.0,,,2020-06-12T00:19:34.130+00:00,"{""ConnectionId"":2,""BoardId"":8}",_raw_jira_api_issues,12447,
jira:JiraIssueChangelogItems:2:10657:Fix Version:0,jira:JiraIssue:2:10071,jira:JiraAccount:2:5e9711ba34f7b90c0fbc37d3,Rankin Zheng,fixVersions,Fix Version,,v2.7.0,,,2020-06-12T00:19:34.157+00:00,"{""ConnectionId"":2,""BoardId"":8}",_raw_jira_api_issues,12448,
jira:JiraIssueChangelogItems:2:10659:Epic Link:0,jira:JiraIssue:2:10063,jira:JiraAccount:2:5e9711ba34f7b90c0fbc37d3,Rankin Zheng,customfield_10014,Epic Link,,EE-11,,,2020-06-12T00:21:20.929+00:00,"{""ConnectionId"":2,""BoardId"":8}",_raw_jira_api_issues,12441,
jira:JiraIssueChangelogItems:2:10660:Epic Link:0,jira:JiraIssue:2:10064,jira:JiraAccount:2:5e9711ba34f7b90c0fbc37d3,Rankin Zheng,customfield_10014,Epic Link,,EE-11,,,2020-06-12T00:21:20.980+00:00,"{""ConnectionId"":2,""BoardId"":8}",_raw_jira_api_issues,12442,
jira:JiraIssueChangelogItems:2:10661:Epic Link:0,jira:JiraIssue:2:10065,jira:JiraAccount:2:5e9711ba34f7b90c0fbc37d3,Rankin Zheng,customfield_10014,Epic Link,,EE-11,,,2020-06-12T00:21:21.038+00:00,"{""ConnectionId"":2,""BoardId"":8}",_raw_jira_api_issues,12443,
jira:JiraIssueChangelogItems:2:10662:Epic Link:0,jira:JiraIssue:2:10066,jira:JiraAccount:2:5e9711ba34f7b90c0fbc37d3,Rankin Zheng,customfield_10014,Epic Link,,EE-11,,,2020-06-12T00:21:21.089+00:00,"{""ConnectionId"":2,""BoardId"":8}",_raw_jira_api_issues,12444,
jira:JiraIssueChangelogItems:2:10665:Epic Link:0,jira:JiraIssue:2:10068,jira:JiraAccount:2:5e9711ba34f7b90c0fbc37d3,Rankin Zheng,customfield_10014,Epic Link,,EE-12,,,2020-06-12T00:22:49.463+00:00,"{""ConnectionId"":2,""BoardId"":8}",_raw_jira_api_issues,12446,
jira:JiraIssueChangelogItems:2:10667:Epic Link:0,jira:JiraIssue:2:10067,jira:JiraAccount:2:5e9711ba34f7b90c0fbc37d3,Rankin Zheng,customfield_10014,Epic Link,,EE-11,,,2020-06-12T00:22:58.783+00:00,"{""ConnectionId"":2,""BoardId"":8}",_raw_jira_api_issues,12445,
jira:JiraIssueChangelogItems:2:10669:Epic Link:0,jira:JiraIssue:2:10072,jira:JiraAccount:2:5e9711ba34f7b90c0fbc37d3,Rankin Zheng,customfield_10014,Epic Link,,EE-7,,,2020-06-12T00:23:04.718+00:00,"{""ConnectionId"":2,""BoardId"":8}",_raw_jira_api_issues,12449,
jira:JiraIssueChangelogItems:2:10670:Epic Link:0,jira:JiraIssue:2:10070,jira:JiraAccount:2:5e9711ba34f7b90c0fbc37d3,Rankin Zheng,customfield_10014,Epic Link,,EE-7,,,2020-06-12T00:23:04.785+00:00,"{""ConnectionId"":2,""BoardId"":8}",_raw_jira_api_issues,12447,
jira:JiraIssueChangelogItems:2:10671:Epic Link:0,jira:JiraIssue:2:10071,jira:JiraAccount:2:5e9711ba34f7b90c0fbc37d3,Rankin Zheng,customfield_10014,Epic Link,,EE-7,,,2020-06-12T00:23:04.837+00:00,"{""ConnectionId"":2,""BoardId"":8}",_raw_jira_api_issues,12448,
jira:JiraIssueChangelogItems:2:10679:Epic Link:0,jira:JiraIssue:2:10076,jira:JiraAccount:2:5e9711ba34f7b90c0fbc37d3,Rankin Zheng,customfield_10014,Epic Link,,EE-13,,,2020-06-12T00:25:01.674+00:00,"{""ConnectionId"":2,""BoardId"":8}",_raw_jira_api_issues,12450,
jira:JiraIssueChangelogItems:2:10680:Epic Link:0,jira:JiraIssue:2:10077,jira:JiraAccount:2:5e9711ba34f7b90c0fbc37d3,Rankin Zheng,customfield_10014,Epic Link,,EE-13,,,2020-06-12T00:25:01.703+00:00,"{""ConnectionId"":2,""BoardId"":8}",_raw_jira_api_issues,12451,
jira:JiraIssueChangelogItems:2:10681:Epic Link:0,jira:JiraIssue:2:10078,jira:JiraAccount:2:5e9711ba34f7b90c0fbc37d3,Rankin Zheng,customfield_10014,Epic Link,,EE-13,,,2020-06-12T00:25:01.728+00:00,"{""ConnectionId"":2,""BoardId"":8}",_raw_jira_api_issues,12452,
jira:JiraIssueChangelogItems:2:10682:Epic Link:0,jira:JiraIssue:2:10079,jira:JiraAccount:2:5e9711ba34f7b90c0fbc37d3,Rankin Zheng,customfield_10014,Epic Link,,EE-13,,,2020-06-12T00:25:01.755+00:00,"{""ConnectionId"":2,""BoardId"":8}",_raw_jira_api_issues,12453,
jira:JiraIssueChangelogItems:2:10686:Sprint:0,jira:JiraIssue:2:10070,jira:JiraAccount:2:5e9711ba34f7b90c0fbc37d3,Rankin Zheng,customfield_10020,Sprint,,jira:JiraSprint:2:7,,,2020-06-12T00:29:19.486+00:00,"{""ConnectionId"":2,""BoardId"":8}",_raw_jira_api_issues,12447,
jira:JiraIssueChangelogItems:2:10687:Sprint:0,jira:JiraIssue:2:10064,jira:JiraAccount:2:5e9711ba34f7b90c0fbc37d3,Rankin Zheng,customfield_10020,Sprint,,jira:JiraSprint:2:7,,,2020-06-12T00:29:19.487+00:00,"{""ConnectionId"":2,""BoardId"":8}",_raw_jira_api_issues,12442,
jira:JiraIssueChangelogItems:2:10688:Sprint:0,jira:JiraIssue:2:10066,jira:JiraAccount:2:5e9711ba34f7b90c0fbc37d3,Rankin Zheng,customfield_10020,Sprint,,jira:JiraSprint:2:7,,,2020-06-12T00:29:19.487+00:00,"{""ConnectionId"":2,""BoardId"":8}",_raw_jira_api_issues,12444,
jira:JiraIssueChangelogItems:2:10689:Sprint:0,jira:JiraIssue:2:10068,jira:JiraAccount:2:5e9711ba34f7b90c0fbc37d3,Rankin Zheng,customfield_10020,Sprint,,jira:JiraSprint:2:7,,,2020-06-12T00:29:19.487+00:00,"{""ConnectionId"":2,""BoardId"":8}",_raw_jira_api_issues,12446,
jira:JiraIssueChangelogItems:2:10690:Sprint:0,jira:JiraIssue:2:10063,jira:JiraAccount:2:5e9711ba34f7b90c0fbc37d3,Rankin Zheng,customfield_10020,Sprint,,jira:JiraSprint:2:7,,,2020-06-12T00:29:19.487+00:00,"{""ConnectionId"":2,""BoardId"":8}",_raw_jira_api_issues,12441,
jira:JiraIssueChangelogItems:2:10691:Sprint:0,jira:JiraIssue:2:10071,jira:JiraAccount:2:5e9711ba34f7b90c0fbc37d3,Rankin Zheng,customfield_10020,Sprint,,jira:JiraSprint:2:7,,,2020-06-12T00:29:19.487+00:00,"{""ConnectionId"":2,""BoardId"":8}",_raw_jira_api_issues,12448,
jira:JiraIssueChangelogItems:2:10692:Sprint:0,jira:JiraIssue:2:10065,jira:JiraAccount:2:5e9711ba34f7b90c0fbc37d3,Rankin Zheng,customfield_10020,Sprint,,jira:JiraSprint:2:7,,,2020-06-12T00:29:19.488+00:00,"{""ConnectionId"":2,""BoardId"":8}",_raw_jira_api_issues,12443,
jira:JiraIssueChangelogItems:2:10693:Sprint:0,jira:JiraIssue:2:10067,jira:JiraAccount:2:5e9711ba34f7b90c0fbc37d3,Rankin Zheng,customfield_10020,Sprint,,jira:JiraSprint:2:7,,,2020-06-12T00:29:19.488+00:00,"{""ConnectionId"":2,""BoardId"":8}",_raw_jira_api_issues,12445,
jira:JiraIssueChangelogItems:2:10694:Sprint:0,jira:JiraIssue:2:10076,jira:JiraAccount:2:5e9711ba34f7b90c0fbc37d3,Rankin Zheng,customfield_10020,Sprint,,jira:JiraSprint:2:7,,,2020-06-12T00:29:19.548+00:00,"{""ConnectionId"":2,""BoardId"":8}",_raw_jira_api_issues,12450,
jira:JiraIssueChangelogItems:2:10695:Sprint:0,jira:JiraIssue:2:10078,jira:JiraAccount:2:5e9711ba34f7b90c0fbc37d3,Rankin Zheng,customfield_10020,Sprint,,jira:JiraSprint:2:7,,,2020-06-12T00:29:19.591+00:00,"{""ConnectionId"":2,""BoardId"":8}",_raw_jira_api_issues,12452,
jira:JiraIssueChangelogItems:2:10696:Sprint:0,jira:JiraIssue:2:10072,jira:JiraAccount:2:5e9711ba34f7b90c0fbc37d3,Rankin Zheng,customfield_10020,Sprint,,jira:JiraSprint:2:7,,,2020-06-12T00:29:19.601+00:00,"{""ConnectionId"":2,""BoardId"":8}",_raw_jira_api_issues,12449,
jira:JiraIssueChangelogItems:2:10697:Sprint:0,jira:JiraIssue:2:10081,jira:JiraAccount:2:5e9711ba34f7b90c0fbc37d3,Rankin Zheng,customfield_10020,Sprint,,jira:JiraSprint:2:7,,,2020-06-12T00:29:19.607+00:00,"{""ConnectionId"":2,""BoardId"":8}",_raw_jira_api_issues,12454,
jira:JiraIssueChangelogItems:2:10698:Sprint:0,jira:JiraIssue:2:10079,jira:JiraAccount:2:5e9711ba34f7b90c0fbc37d3,Rankin Zheng,customfield_10020,Sprint,,jira:JiraSprint:2:7,,,2020-06-12T00:29:19.614+00:00,"{""ConnectionId"":2,""BoardId"":8}",_raw_jira_api_issues,12453,
jira:JiraIssueChangelogItems:2:10699:Sprint:0,jira:JiraIssue:2:10077,jira:JiraAccount:2:5e9711ba34f7b90c0fbc37d3,Rankin Zheng,customfield_10020,Sprint,,jira:JiraSprint:2:7,,,2020-06-12T00:29:19.618+00:00,"{""ConnectionId"":2,""BoardId"":8}",_raw_jira_api_issues,12451,
jira:JiraIssueChangelogItems:2:10702:Epic Link:0,jira:JiraIssue:2:10082,jira:JiraAccount:2:5e9711ba34f7b90c0fbc37d3,Rankin Zheng,customfield_10014,Epic Link,,EE-21,,,2020-06-12T00:30:18.723+00:00,"{""ConnectionId"":2,""BoardId"":8}",_raw_jira_api_issues,12455,
jira:JiraIssueChangelogItems:2:10707:Rank:0,jira:JiraIssue:2:10086,jira:JiraAccount:2:5e9711ba34f7b90c0fbc37d3,Rankin Zheng,customfield_10019,Rank,,Ranked higher,,,2020-06-12T00:35:19.279+00:00,"{""ConnectionId"":2,""BoardId"":8}",_raw_jira_api_issues,12457,
jira:JiraIssueChangelogItems:2:10709:Parent:0,jira:JiraIssue:2:10087,jira:JiraAccount:2:5e9711ba34f7b90c0fbc37d3,Rankin Zheng,,Parent,,EE-1,,,2020-06-12T00:40:54.438+00:00,"{""ConnectionId"":2,""BoardId"":8}",_raw_jira_api_issues,12458,
jira:JiraIssueChangelogItems:2:10711:Parent:0,jira:JiraIssue:2:10088,jira:JiraAccount:2:5e9711ba34f7b90c0fbc37d3,Rankin Zheng,,Parent,,EE-1,,,2020-06-12T00:41:01.809+00:00,"{""ConnectionId"":2,""BoardId"":8}",_raw_jira_api_issues,12459,
jira:JiraIssueChangelogItems:2:10713:Parent:0,jira:JiraIssue:2:10089,jira:JiraAccount:2:5e9711ba34f7b90c0fbc37d3,Rankin Zheng,,Parent,,EE-1,,,2020-06-12T00:41:16.819+00:00,"{""ConnectionId"":2,""BoardId"":8}",_raw_jira_api_issues,12460,
jira:JiraIssueChangelogItems:2:10715:Parent:0,jira:JiraIssue:2:10090,jira:JiraAccount:2:5e9711ba34f7b90c0fbc37d3,Rankin Zheng,,Parent,,EE-1,,,2020-06-12T00:41:36.538+00:00,"{""ConnectionId"":2,""BoardId"":8}",_raw_jira_api_issues,12461,
jira:JiraIssueChangelogItems:2:10716:status:0,jira:JiraIssue:2:10088,jira:JiraAccount:2:5e9711ba34f7b90c0fbc37d3,Rankin Zheng,status,status,待办,In Progress,TODO,IN_PROGRESS,2020-06-12T00:44:27.184+00:00,"{""ConnectionId"":2,""BoardId"":8}",_raw_jira_api_issues,12459,
jira:JiraIssueChangelogItems:2:10717:status:0,jira:JiraIssue:2:10088,jira:JiraAccount:2:5e9711ba34f7b90c0fbc37d3,Rankin Zheng,status,status,In Progress,Resolved,IN_PROGRESS,DONE,2020-06-12T00:44:29.415+00:00,"{""ConnectionId"":2,""BoardId"":8}",_raw_jira_api_issues,12459,
jira:JiraIssueChangelogItems:2:10718:assignee:0,jira:JiraIssue:2:10088,jira:JiraAccount:2:5e9711ba34f7b90c0fbc37d3,Rankin Zheng,assignee,assignee,,jira:JiraAccount:2:5ecfbd0a47d31e0c2a15fd87,,,2020-06-12T00:44:34.880+00:00,"{""ConnectionId"":2,""BoardId"":8}",_raw_jira_api_issues,12459,
jira:JiraIssueChangelogItems:2:10719:assignee:0,jira:JiraIssue:2:10088,jira:JiraAccount:2:5e9711ba34f7b90c0fbc37d3,Rankin Zheng,assignee,assignee,jira:JiraAccount:2:5ecfbd0a47d31e0c2a15fd87,jira:JiraAccount:2:5ecfbd0ba04d9c0c220c18d8,,,2020-06-12T00:44:48.580+00:00,"{""ConnectionId"":2,""BoardId"":8}",_raw_jira_api_issues,12459,
jira:JiraIssueChangelogItems:2:10720:assignee:0,jira:JiraIssue:2:10088,jira:JiraAccount:2:5e9711ba34f7b90c0fbc37d3,Rankin Zheng,assignee,assignee,jira:JiraAccount:2:5ecfbd0ba04d9c0c220c18d8,jira:JiraAccount:2:5ecfbd0a47d31e0c2a15fd87,,,2020-06-12T00:44:53.596+00:00,"{""ConnectionId"":2,""BoardId"":8}",_raw_jira_api_issues,12459,
jira:JiraIssueChangelogItems:2:10721:status:0,jira:JiraIssue:2:10087,jira:JiraAccount:2:5e9711ba34f7b90c0fbc37d3,Rankin Zheng,status,status,待办,Resolved,TODO,DONE,2020-06-12T00:45:12.459+00:00,"{""ConnectionId"":2,""BoardId"":8}",_raw_jira_api_issues,12458,
jira:JiraIssueChangelogItems:2:10722:status:0,jira:JiraIssue:2:10089,jira:JiraAccount:2:5e9711ba34f7b90c0fbc37d3,Rankin Zheng,status,status,待办,In Progress,TODO,IN_PROGRESS,2020-06-12T00:45:20.307+00:00,"{""ConnectionId"":2,""BoardId"":8}",_raw_jira_api_issues,12460,
jira:JiraIssueChangelogItems:2:10723:assignee:0,jira:JiraIssue:2:10087,jira:JiraAccount:2:5e9711ba34f7b90c0fbc37d3,Rankin Zheng,assignee,assignee,,jira:JiraAccount:2:5ecfbd0c730ec90c1999cadf,,,2020-06-12T00:45:48.387+00:00,"{""ConnectionId"":2,""BoardId"":8}",_raw_jira_api_issues,12458,
jira:JiraIssueChangelogItems:2:10724:assignee:0,jira:JiraIssue:2:10089,jira:JiraAccount:2:5e9711ba34f7b90c0fbc37d3,Rankin Zheng,assignee,assignee,,jira:JiraAccount:2:5ecfbd0ba04d9c0c220c18d8,,,2020-06-12T00:45:54.668+00:00,"{""ConnectionId"":2,""BoardId"":8}",_raw_jira_api_issues,12460,
jira:JiraIssueChangelogItems:2:10725:assignee:0,jira:JiraIssue:2:10090,jira:JiraAccount:2:5e9711ba34f7b90c0fbc37d3,Rankin Zheng,assignee,assignee,,jira:JiraAccount:2:5ecfbd0c730ec90c1999cadf,,,2020-06-12T00:46:00.398+00:00,"{""ConnectionId"":2,""BoardId"":8}",_raw_jira_api_issues,12461,
jira:JiraIssueChangelogItems:2:10726:timeestimate:0,jira:JiraIssue:2:10087,jira:JiraAccount:2:5e9711ba34f7b90c0fbc37d3,Rankin Zheng,timeestimate,timeestimate,,14400,,,2020-06-12T00:46:10.286+00:00,"{""ConnectionId"":2,""BoardId"":8}",_raw_jira_api_issues,12458,
jira:JiraIssueChangelogItems:2:10726:timeoriginalestimate:0,jira:JiraIssue:2:10087,jira:JiraAccount:2:5e9711ba34f7b90c0fbc37d3,Rankin Zheng,timeoriginalestimate,timeoriginalestimate,,14400,,,2020-06-12T00:46:10.286+00:00,"{""ConnectionId"":2,""BoardId"":8}",_raw_jira_api_issues,12458,
jira:JiraIssueChangelogItems:2:10727:timeestimate:0,jira:JiraIssue:2:10089,jira:JiraAccount:2:5e9711ba34f7b90c0fbc37d3,Rankin Zheng,timeestimate,timeestimate,,39600,,,2020-06-12T00:46:20.860+00:00,"{""ConnectionId"":2,""BoardId"":8}",_raw_jira_api_issues,12460,
jira:JiraIssueChangelogItems:2:10727:timeoriginalestimate:0,jira:JiraIssue:2:10089,jira:JiraAccount:2:5e9711ba34f7b90c0fbc37d3,Rankin Zheng,timeoriginalestimate,timeoriginalestimate,,39600,,,2020-06-12T00:46:20.860+00:00,"{""ConnectionId"":2,""BoardId"":8}",_raw_jira_api_issues,12460,
jira:JiraIssueChangelogItems:2:10728:timeestimate:0,jira:JiraIssue:2:10090,jira:JiraAccount:2:5e9711ba34f7b90c0fbc37d3,Rankin Zheng,timeestimate,timeestimate,,21600,,,2020-06-12T00:47:15.317+00:00,"{""ConnectionId"":2,""BoardId"":8}",_raw_jira_api_issues,12461,
jira:JiraIssueChangelogItems:2:10728:timeoriginalestimate:0,jira:JiraIssue:2:10090,jira:JiraAccount:2:5e9711ba34f7b90c0fbc37d3,Rankin Zheng,timeoriginalestimate,timeoriginalestimate,,21600,,,2020-06-12T00:47:15.317+00:00,"{""ConnectionId"":2,""BoardId"":8}",_raw_jira_api_issues,12461,
jira:JiraIssueChangelogItems:2:10730:Parent:0,jira:JiraIssue:2:10091,jira:JiraAccount:2:5e9711ba34f7b90c0fbc37d3,Rankin Zheng,,Parent,,EE-2,,,2020-06-12T00:48:29.175+00:00,"{""ConnectionId"":2,""BoardId"":8}",_raw_jira_api_issues,12462,
jira:JiraIssueChangelogItems:2:10732:Parent:0,jira:JiraIssue:2:10092,jira:JiraAccount:2:5e9711ba34f7b90c0fbc37d3,Rankin Zheng,,Parent,,EE-2,,,2020-06-12T00:48:40.023+00:00,"{""ConnectionId"":2,""BoardId"":8}",_raw_jira_api_issues,12463,
jira:JiraIssueChangelogItems:2:10734:Parent:0,jira:JiraIssue:2:10093,jira:JiraAccount:2:5e9711ba34f7b90c0fbc37d3,Rankin Zheng,,Parent,,EE-2,,,2020-06-12T00:48:46.866+00:00,"{""ConnectionId"":2,""BoardId"":8}",_raw_jira_api_issues,12464,
jira:JiraIssueChangelogItems:2:10736:Parent:0,jira:JiraIssue:2:10094,jira:JiraAccount:2:5e9711ba34f7b90c0fbc37d3,Rankin Zheng,,Parent,,EE-2,,,2020-06-12T00:48:53.490+00:00,"{""ConnectionId"":2,""BoardId"":8}",_raw_jira_api_issues,12465,
jira:JiraIssueChangelogItems:2:10737:assignee:0,jira:JiraIssue:2:10091,jira:JiraAccount:2:5e9711ba34f7b90c0fbc37d3,Rankin Zheng,assignee,assignee,,jira:JiraAccount:2:5ecfbd0c730ec90c1999cadf,,,2020-06-12T00:49:06.399+00:00,"{""ConnectionId"":2,""BoardId"":8}",_raw_jira_api_issues,12462,
jira:JiraIssueChangelogItems:2:10738:assignee:0,jira:JiraIssue:2:10092,jira:JiraAccount:2:5e9711ba34f7b90c0fbc37d3,Rankin Zheng,assignee,assignee,,jira:JiraAccount:2:5ecfbd0a47d31e0c2a15fd87,,,2020-06-12T00:49:23.045+00:00,"{""ConnectionId"":2,""BoardId"":8}",_raw_jira_api_issues,12463,
jira:JiraIssueChangelogItems:2:10739:assignee:0,jira:JiraIssue:2:10093,jira:JiraAccount:2:5e9711ba34f7b90c0fbc37d3,Rankin Zheng,assignee,assignee,,jira:JiraAccount:2:5ecfbd0ba04d9c0c220c18d8,,,2020-06-12T00:49:33.290+00:00,"{""ConnectionId"":2,""BoardId"":8}",_raw_jira_api_issues,12464,
jira:JiraIssueChangelogItems:2:10740:assignee:0,jira:JiraIssue:2:10094,jira:JiraAccount:2:5e9711ba34f7b90c0fbc37d3,Rankin Zheng,assignee,assignee,,jira:JiraAccount:2:5ecfbd0c730ec90c1999cadf,,,2020-06-12T00:49:43.648+00:00,"{""ConnectionId"":2,""BoardId"":8}",_raw_jira_api_issues,12465,
jira:JiraIssueChangelogItems:2:10741:status:0,jira:JiraIssue:2:10091,jira:JiraAccount:2:5e9711ba34f7b90c0fbc37d3,Rankin Zheng,status,status,待办,Resolved,TODO,DONE,2020-06-12T00:49:49.290+00:00,"{""ConnectionId"":2,""BoardId"":8}",_raw_jira_api_issues,12462,
jira:JiraIssueChangelogItems:2:10742:status:0,jira:JiraIssue:2:10092,jira:JiraAccount:2:5e9711ba34f7b90c0fbc37d3,Rankin Zheng,status,status,待办,Resolved,TODO,DONE,2020-06-12T00:49:51.061+00:00,"{""ConnectionId"":2,""BoardId"":8}",_raw_jira_api_issues,12463,
jira:JiraIssueChangelogItems:2:10743:status:0,jira:JiraIssue:2:10093,jira:JiraAccount:2:5e9711ba34f7b90c0fbc37d3,Rankin Zheng,status,status,待办,In Progress,TODO,IN_PROGRESS,2020-06-12T00:49:52.764+00:00,"{""ConnectionId"":2,""BoardId"":8}",_raw_jira_api_issues,12464,
jira:JiraIssueChangelogItems:2:10744:timeestimate:0,jira:JiraIssue:2:10094,jira:JiraAccount:2:5e9711ba34f7b90c0fbc37d3,Rankin Zheng,timeestimate,timeestimate,,21600,,,2020-06-12T00:49:59.933+00:00,"{""ConnectionId"":2,""BoardId"":8}",_raw_jira_api_issues,12465,
jira:JiraIssueChangelogItems:2:10744:timeoriginalestimate:0,jira:JiraIssue:2:10094,jira:JiraAccount:2:5e9711ba34f7b90c0fbc37d3,Rankin Zheng,timeoriginalestimate,timeoriginalestimate,,21600,,,2020-06-12T00:49:59.933+00:00,"{""ConnectionId"":2,""BoardId"":8}",_raw_jira_api_issues,12465,
jira:JiraIssueChangelogItems:2:10745:timeestimate:0,jira:JiraIssue:2:10093,jira:JiraAccount:2:5e9711ba34f7b90c0fbc37d3,Rankin Zheng,timeestimate,timeestimate,,7200,,,2020-06-12T00:50:08.432+00:00,"{""ConnectionId"":2,""BoardId"":8}",_raw_jira_api_issues,12464,
jira:JiraIssueChangelogItems:2:10745:timeoriginalestimate:0,jira:JiraIssue:2:10093,jira:JiraAccount:2:5e9711ba34f7b90c0fbc37d3,Rankin Zheng,timeoriginalestimate,timeoriginalestimate,,7200,,,2020-06-12T00:50:08.432+00:00,"{""ConnectionId"":2,""BoardId"":8}",_raw_jira_api_issues,12464,
jira:JiraIssueChangelogItems:2:10746:timeestimate:0,jira:JiraIssue:2:10091,jira:JiraAccount:2:5e9711ba34f7b90c0fbc37d3,Rankin Zheng,timeestimate,timeestimate,,21600,,,2020-06-12T00:50:16.324+00:00,"{""ConnectionId"":2,""BoardId"":8}",_raw_jira_api_issues,12462,
jira:JiraIssueChangelogItems:2:10746:timeoriginalestimate:0,jira:JiraIssue:2:10091,jira:JiraAccount:2:5e9711ba34f7b90c0fbc37d3,Rankin Zheng,timeoriginalestimate,timeoriginalestimate,,21600,,,2020-06-12T00:50:16.324+00:00,"{""ConnectionId"":2,""BoardId"":8}",_raw_jira_api_issues,12462,
jira:JiraIssueChangelogItems:2:10748:Parent:0,jira:JiraIssue:2:10095,jira:JiraAccount:2:5e9711ba34f7b90c0fbc37d3,Rankin Zheng,,Parent,,EE-1,,,2020-06-12T00:50:45.782+00:00,"{""ConnectionId"":2,""BoardId"":8}",_raw_jira_api_issues,12466,
jira:JiraIssueChangelogItems:2:10749:assignee:0,jira:JiraIssue:2:10095,jira:JiraAccount:2:5e9711ba34f7b90c0fbc37d3,Rankin Zheng,assignee,assignee,,jira:JiraAccount:2:5ecfbd0984083c0c12e5af8f,,,2020-06-12T00:50:50.640+00:00,"{""ConnectionId"":2,""BoardId"":8}",_raw_jira_api_issues,12466,
jira:JiraIssueChangelogItems:2:10751:Parent:0,jira:JiraIssue:2:10096,jira:JiraAccount:2:5e9711ba34f7b90c0fbc37d3,Rankin Zheng,,Parent,,EE-3,,,2020-06-12T00:51:58.007+00:00,"{""ConnectionId"":2,""BoardId"":8}",_raw_jira_api_issues,12467,
jira:JiraIssueChangelogItems:2:10753:Parent:0,jira:JiraIssue:2:10097,jira:JiraAccount:2:5e9711ba34f7b90c0fbc37d3,Rankin Zheng,,Parent,,EE-3,,,2020-06-12T00:52:04.979+00:00,"{""ConnectionId"":2,""BoardId"":8}",_raw_jira_api_issues,12468,
jira:JiraIssueChangelogItems:2:10755:Parent:0,jira:JiraIssue:2:10098,jira:JiraAccount:2:5e9711ba34f7b90c0fbc37d3,Rankin Zheng,,Parent,,EE-3,,,2020-06-12T00:52:12.893+00:00,"{""ConnectionId"":2,""BoardId"":8}",_raw_jira_api_issues,12469,
jira:JiraIssueChangelogItems:2:10757:Parent:0,jira:JiraIssue:2:10099,jira:JiraAccount:2:5e9711ba34f7b90c0fbc37d3,Rankin Zheng,,Parent,,EE-3,,,2020-06-12T00:52:23.725+00:00,"{""ConnectionId"":2,""BoardId"":8}",_raw_jira_api_issues,12470,
jira:JiraIssueChangelogItems:2:10763:assignee:0,jira:JiraIssue:2:10096,jira:JiraAccount:2:5e9711ba34f7b90c0fbc37d3,Rankin Zheng,assignee,assignee,,jira:JiraAccount:2:5ecfbd0c730ec90c1999cadf,,,2020-06-12T01:03:21.547+00:00,"{""ConnectionId"":2,""BoardId"":8}",_raw_jira_api_issues,12467,
jira:JiraIssueChangelogItems:2:10764:assignee:0,jira:JiraIssue:2:10097,jira:JiraAccount:2:5e9711ba34f7b90c0fbc37d3,Rankin Zheng,assignee,assignee,,jira:JiraAccount:2:5ecfbd0ba04d9c0c220c18d8,,,2020-06-12T01:03:34.878+00:00,"{""ConnectionId"":2,""BoardId"":8}",_raw_jira_api_issues,12468,
jira:JiraIssueChangelogItems:2:10765:timeestimate:0,jira:JiraIssue:2:10097,jira:JiraAccount:2:5e9711ba34f7b90c0fbc37d3,Rankin Zheng,timeestimate,timeestimate,,7200,,,2020-06-12T01:03:40.427+00:00,"{""ConnectionId"":2,""BoardId"":8}",_raw_jira_api_issues,12468,
jira:JiraIssueChangelogItems:2:10765:timeoriginalestimate:0,jira:JiraIssue:2:10097,jira:JiraAccount:2:5e9711ba34f7b90c0fbc37d3,Rankin Zheng,timeoriginalestimate,timeoriginalestimate,,7200,,,2020-06-12T01:03:40.427+00:00,"{""ConnectionId"":2,""BoardId"":8}",_raw_jira_api_issues,12468,
jira:JiraIssueChangelogItems:2:10766:assignee:0,jira:JiraIssue:2:10098,jira:JiraAccount:2:5e9711ba34f7b90c0fbc37d3,Rankin Zheng,assignee,assignee,,jira:JiraAccount:2:5ecfbd0ba04d9c0c220c18d8,,,2020-06-12T01:03:59.387+00:00,"{""ConnectionId"":2,""BoardId"":8}",_raw_jira_api_issues,12469,
jira:JiraIssueChangelogItems:2:10767:timeestimate:0,jira:JiraIssue:2:10098,jira:JiraAccount:2:5e9711ba34f7b90c0fbc37d3,Rankin Zheng,timeestimate,timeestimate,,7200,,,2020-06-12T01:04:01.873+00:00,"{""ConnectionId"":2,""BoardId"":8}",_raw_jira_api_issues,12469,
jira:JiraIssueChangelogItems:2:10767:timeoriginalestimate:0,jira:JiraIssue:2:10098,jira:JiraAccount:2:5e9711ba34f7b90c0fbc37d3,Rankin Zheng,timeoriginalestimate,timeoriginalestimate,,7200,,,2020-06-12T01:04:01.873+00:00,"{""ConnectionId"":2,""BoardId"":8}",_raw_jira_api_issues,12469,
jira:JiraIssueChangelogItems:2:10768:assignee:0,jira:JiraIssue:2:10097,jira:JiraAccount:2:5e9711ba34f7b90c0fbc37d3,Rankin Zheng,assignee,assignee,jira:JiraAccount:2:5ecfbd0ba04d9c0c220c18d8,jira:JiraAccount:2:5ecfbd0a47d31e0c2a15fd87,,,2020-06-12T01:04:14.092+00:00,"{""ConnectionId"":2,""BoardId"":8}",_raw_jira_api_issues,12468,
jira:JiraIssueChangelogItems:2:10769:assignee:0,jira:JiraIssue:2:10065,jira:JiraAccount:2:5e9711ba34f7b90c0fbc37d3,Rankin Zheng,assignee,assignee,,jira:JiraAccount:2:5e9711ba34f7b90c0fbc37d3,,,2020-06-12T01:04:26.698+00:00,"{""ConnectionId"":2,""BoardId"":8}",_raw_jira_api_issues,12443,
jira:JiraIssueChangelogItems:2:10770:assignee:0,jira:JiraIssue:2:10065,jira:JiraAccount:2:5e9711ba34f7b90c0fbc37d3,Rankin Zheng,assignee,assignee,jira:JiraAccount:2:5e9711ba34f7b90c0fbc37d3,jira:JiraAccount:2:5ecfbd0c730ec90c1999cadf,,,2020-06-12T01:04:50.098+00:00,"{""ConnectionId"":2,""BoardId"":8}",_raw_jira_api_issues,12443,
jira:JiraIssueChangelogItems:2:10771:assignee:0,jira:JiraIssue:2:10065,jira:JiraAccount:2:5e9711ba34f7b90c0fbc37d3,Rankin Zheng,assignee,assignee,jira:JiraAccount:2:5ecfbd0c730ec90c1999cadf,,,,2020-06-12T01:05:05.790+00:00,"{""ConnectionId"":2,""BoardId"":8}",_raw_jira_api_issues,12443,
jira:JiraIssueChangelogItems:2:10772:assignee:0,jira:JiraIssue:2:10099,jira:JiraAccount:2:5e9711ba34f7b90c0fbc37d3,Rankin Zheng,assignee,assignee,,jira:JiraAccount:2:5ecfbd0c730ec90c1999cadf,,,2020-06-12T01:05:14.147+00:00,"{""ConnectionId"":2,""BoardId"":8}",_raw_jira_api_issues,12470,
jira:JiraIssueChangelogItems:2:10774:status:0,jira:JiraIssue:2:10096,jira:JiraAccount:2:5e9711ba34f7b90c0fbc37d3,Rankin Zheng,status,status,待办,Resolved,TODO,DONE,2020-06-12T01:05:34.060+00:00,"{""ConnectionId"":2,""BoardId"":8}",_raw_jira_api_issues,12467,
jira:JiraIssueChangelogItems:2:10775:timeestimate:0,jira:JiraIssue:2:10096,jira:JiraAccount:2:5e9711ba34f7b90c0fbc37d3,Rankin Zheng,timeestimate,timeestimate,,21600,,,2020-06-12T01:05:39.992+00:00,"{""ConnectionId"":2,""BoardId"":8}",_raw_jira_api_issues,12467,
jira:JiraIssueChangelogItems:2:10775:timeoriginalestimate:0,jira:JiraIssue:2:10096,jira:JiraAccount:2:5e9711ba34f7b90c0fbc37d3,Rankin Zheng,timeoriginalestimate,timeoriginalestimate,,21600,,,2020-06-12T01:05:39.992+00:00,"{""ConnectionId"":2,""BoardId"":8}",_raw_jira_api_issues,12467,
jira:JiraIssueChangelogItems:2:10776:timeoriginalestimate:0,jira:JiraIssue:2:10096,jira:JiraAccount:2:5e9711ba34f7b90c0fbc37d3,Rankin Zheng,timeoriginalestimate,timeoriginalestimate,21600,14400,,,2020-06-12T01:05:44.707+00:00,"{""ConnectionId"":2,""BoardId"":8}",_raw_jira_api_issues,12467,
jira:JiraIssueChangelogItems:2:10777:timeoriginalestimate:0,jira:JiraIssue:2:10097,jira:JiraAccount:2:5e9711ba34f7b90c0fbc37d3,Rankin Zheng,timeoriginalestimate,timeoriginalestimate,7200,,,,2020-06-12T01:05:54.557+00:00,"{""ConnectionId"":2,""BoardId"":8}",_raw_jira_api_issues,12468,
jira:JiraIssueChangelogItems:2:10778:status:0,jira:JiraIssue:2:10097,jira:JiraAccount:2:5e9711ba34f7b90c0fbc37d3,Rankin Zheng,status,status,待办,Resolved,TODO,DONE,2020-06-12T01:05:59.536+00:00,"{""ConnectionId"":2,""BoardId"":8}",_raw_jira_api_issues,12468,
jira:JiraIssueChangelogItems:2:10779:status:0,jira:JiraIssue:2:10098,jira:JiraAccount:2:5e9711ba34f7b90c0fbc37d3,Rankin Zheng,status,status,待办,In Progress,TODO,IN_PROGRESS,2020-06-12T01:06:07.758+00:00,"{""ConnectionId"":2,""BoardId"":8}",_raw_jira_api_issues,12469,
jira:JiraIssueChangelogItems:2:10845:assignee:0,jira:JiraIssue:2:10063,jira:JiraAccount:2:5e9711ba34f7b90c0fbc37d3,Rankin Zheng,assignee,assignee,,jira:JiraAccount:2:5ecfbd0c730ec90c1999cadf,,,2020-06-12T01:16:17.582+00:00,"{""ConnectionId"":2,""BoardId"":8}",_raw_jira_api_issues,12441,
jira:JiraIssueChangelogItems:2:10846:assignee:0,jira:JiraIssue:2:10064,jira:JiraAccount:2:5e9711ba34f7b90c0fbc37d3,Rankin Zheng,assignee,assignee,,jira:JiraAccount:2:5ecfbd0c730ec90c1999cadf,,,2020-06-12T01:16:25.333+00:00,"{""ConnectionId"":2,""BoardId"":8}",_raw_jira_api_issues,12442,
jira:JiraIssueChangelogItems:2:10847:assignee:0,jira:JiraIssue:2:10065,jira:JiraAccount:2:5e9711ba34f7b90c0fbc37d3,Rankin Zheng,assignee,assignee,,jira:JiraAccount:2:5ecfbd0c730ec90c1999cadf,,,2020-06-12T01:16:31.283+00:00,"{""ConnectionId"":2,""BoardId"":8}",_raw_jira_api_issues,12443,
jira:JiraIssueChangelogItems:2:10848:assignee:0,jira:JiraIssue:2:10066,jira:JiraAccount:2:5e9711ba34f7b90c0fbc37d3,Rankin Zheng,assignee,assignee,,jira:JiraAccount:2:5ecfbd0c730ec90c1999cadf,,,2020-06-12T01:16:39.795+00:00,"{""ConnectionId"":2,""BoardId"":8}",_raw_jira_api_issues,12444,
jira:JiraIssueChangelogItems:2:10849:assignee:0,jira:JiraIssue:2:10068,jira:JiraAccount:2:5e9711ba34f7b90c0fbc37d3,Rankin Zheng,assignee,assignee,,jira:JiraAccount:2:5ecfbd0c730ec90c1999cadf,,,2020-06-12T01:16:47.497+00:00,"{""ConnectionId"":2,""BoardId"":8}",_raw_jira_api_issues,12446,
jira:JiraIssueChangelogItems:2:10850:assignee:0,jira:JiraIssue:2:10067,jira:JiraAccount:2:5e9711ba34f7b90c0fbc37d3,Rankin Zheng,assignee,assignee,,jira:JiraAccount:2:5ecfbd0c730ec90c1999cadf,,,2020-06-12T01:16:55.898+00:00,"{""ConnectionId"":2,""BoardId"":8}",_raw_jira_api_issues,12445,
jira:JiraIssueChangelogItems:2:10851:assignee:0,jira:JiraIssue:2:10081,jira:JiraAccount:2:5e9711ba34f7b90c0fbc37d3,Rankin Zheng,assignee,assignee,,jira:JiraAccount:2:5ecfbd0aaa47a00c1997ea8e,,,2020-06-12T01:17:07.499+00:00,"{""ConnectionId"":2,""BoardId"":8}",_raw_jira_api_issues,12454,
jira:JiraIssueChangelogItems:2:10852:assignee:0,jira:JiraIssue:2:10086,jira:JiraAccount:2:5e9711ba34f7b90c0fbc37d3,Rankin Zheng,assignee,assignee,,jira:JiraAccount:2:5ecfbd0aaa47a00c1997ea8e,,,2020-06-12T01:17:19.680+00:00,"{""ConnectionId"":2,""BoardId"":8}",_raw_jira_api_issues,12457,
jira:JiraIssueChangelogItems:2:10853:assignee:0,jira:JiraIssue:2:10079,jira:JiraAccount:2:5e9711ba34f7b90c0fbc37d3,Rankin Zheng,assignee,assignee,,jira:JiraAccount:2:5ecfbd0a47d31e0c2a15fd87,,,2020-06-12T01:17:31.791+00:00,"{""ConnectionId"":2,""BoardId"":8}",_raw_jira_api_issues,12453,
jira:JiraIssueChangelogItems:2:10854:assignee:0,jira:JiraIssue:2:10078,jira:JiraAccount:2:5e9711ba34f7b90c0fbc37d3,Rankin Zheng,assignee,assignee,,jira:JiraAccount:2:5ecfbd0a47d31e0c2a15fd87,,,2020-06-12T01:17:38.995+00:00,"{""ConnectionId"":2,""BoardId"":8}",_raw_jira_api_issues,12452,
jira:JiraIssueChangelogItems:2:10855:assignee:0,jira:JiraIssue:2:10077,jira:JiraAccount:2:5e9711ba34f7b90c0fbc37d3,Rankin Zheng,assignee,assignee,,jira:JiraAccount:2:5ecfbd0a47d31e0c2a15fd87,,,2020-06-12T01:17:56.839+00:00,"{""ConnectionId"":2,""BoardId"":8}",_raw_jira_api_issues,12451,
jira:JiraIssueChangelogItems:2:10856:assignee:0,jira:JiraIssue:2:10076,jira:JiraAccount:2:5e9711ba34f7b90c0fbc37d3,Rankin Zheng,assignee,assignee,,jira:JiraAccount:2:5ecfbd0a47d31e0c2a15fd87,,,2020-06-12T01:18:03.757+00:00,"{""ConnectionId"":2,""BoardId"":8}",_raw_jira_api_issues,12450,
jira:JiraIssueChangelogItems:2:10857:assignee:0,jira:JiraIssue:2:10072,jira:JiraAccount:2:5e9711ba34f7b90c0fbc37d3,Rankin Zheng,assignee,assignee,,jira:JiraAccount:2:5ecfbd0ba04d9c0c220c18d8,,,2020-06-12T01:18:10.237+00:00,"{""ConnectionId"":2,""BoardId"":8}",_raw_jira_api_issues,12449,
jira:JiraIssueChangelogItems:2:10858:assignee:0,jira:JiraIssue:2:10071,jira:JiraAccount:2:5e9711ba34f7b90c0fbc37d3,Rankin Zheng,assignee,assignee,,jira:JiraAccount:2:5ecfbd0ba04d9c0c220c18d8,,,2020-06-12T01:18:19.995+00:00,"{""ConnectionId"":2,""BoardId"":8}",_raw_jira_api_issues,12448,
jira:JiraIssueChangelogItems:2:10859:assignee:0,jira:JiraIssue:2:10070,jira:JiraAccount:2:5e9711ba34f7b90c0fbc37d3,Rankin Zheng,assignee,assignee,,jira:JiraAccount:2:5ecfbd0ba04d9c0c220c18d8,,,2020-06-12T01:18:31.795+00:00,"{""ConnectionId"":2,""BoardId"":8}",_raw_jira_api_issues,12447,
jira:JiraIssueChangelogItems:2:10860:assignee:0,jira:JiraIssue:2:10085,jira:JiraAccount:2:5e9711ba34f7b90c0fbc37d3,Rankin Zheng,assignee,assignee,,jira:JiraAccount:2:5ecfbd0a47d31e0c2a15fd87,,,2020-06-12T01:18:40.941+00:00,"{""ConnectionId"":2,""BoardId"":8}",_raw_jira_api_issues,12456,
jira:JiraIssueChangelogItems:2:10876:timeestimate:0,jira:JiraIssue:2:10071,jira:JiraAccount:2:5e9711ba34f7b90c0fbc37d3,Rankin Zheng,timeestimate,timeestimate,,100800,,,2020-06-12T01:21:09.472+00:00,"{""ConnectionId"":2,""BoardId"":8}",_raw_jira_api_issues,12448,
jira:JiraIssueChangelogItems:2:10876:timeoriginalestimate:0,jira:JiraIssue:2:10071,jira:JiraAccount:2:5e9711ba34f7b90c0fbc37d3,Rankin Zheng,timeoriginalestimate,timeoriginalestimate,,100800,,,2020-06-12T01:21:09.472+00:00,"{""ConnectionId"":2,""BoardId"":8}",_raw_jira_api_issues,12448,
jira:JiraIssueChangelogItems:2:10885:timeestimate:0,jira:JiraIssue:2:10076,jira:JiraAccount:2:5e9711ba34f7b90c0fbc37d3,Rankin Zheng,timeestimate,timeestimate,,14400,,,2020-06-12T01:22:25.751+00:00,"{""ConnectionId"":2,""BoardId"":8}",_raw_jira_api_issues,12450,
jira:JiraIssueChangelogItems:2:10885:timeoriginalestimate:0,jira:JiraIssue:2:10076,jira:JiraAccount:2:5e9711ba34f7b90c0fbc37d3,Rankin Zheng,timeoriginalestimate,timeoriginalestimate,,14400,,,2020-06-12T01:22:25.751+00:00,"{""ConnectionId"":2,""BoardId"":8}",_raw_jira_api_issues,12450,
jira:JiraIssueChangelogItems:2:10886:status:0,jira:JiraIssue:2:10076,jira:JiraAccount:2:5e9711ba34f7b90c0fbc37d3,Rankin Zheng,status,status,待办,Resolved,TODO,DONE,2020-06-12T01:22:30.323+00:00,"{""ConnectionId"":2,""BoardId"":8}",_raw_jira_api_issues,12450,
jira:JiraIssueChangelogItems:2:10887:timeestimate:0,jira:JiraIssue:2:10077,jira:JiraAccount:2:5e9711ba34f7b90c0fbc37d3,Rankin Zheng,timeestimate,timeestimate,,14400,,,2020-06-12T01:22:36.917+00:00,"{""ConnectionId"":2,""BoardId"":8}",_raw_jira_api_issues,12451,
jira:JiraIssueChangelogItems:2:10887:timeoriginalestimate:0,jira:JiraIssue:2:10077,jira:JiraAccount:2:5e9711ba34f7b90c0fbc37d3,Rankin Zheng,timeoriginalestimate,timeoriginalestimate,,14400,,,2020-06-12T01:22:36.917+00:00,"{""ConnectionId"":2,""BoardId"":8}",_raw_jira_api_issues,12451,
jira:JiraIssueChangelogItems:2:10888:status:0,jira:JiraIssue:2:10077,jira:JiraAccount:2:5e9711ba34f7b90c0fbc37d3,Rankin Zheng,status,status,待办,Resolved,TODO,DONE,2020-06-12T01:22:39.363+00:00,"{""ConnectionId"":2,""BoardId"":8}",_raw_jira_api_issues,12451,
jira:JiraIssueChangelogItems:2:10889:status:0,jira:JiraIssue:2:10078,jira:JiraAccount:2:5e9711ba34f7b90c0fbc37d3,Rankin Zheng,status,status,待办,Resolved,TODO,DONE,2020-06-12T01:22:47.869+00:00,"{""ConnectionId"":2,""BoardId"":8}",_raw_jira_api_issues,12452,
jira:JiraIssueChangelogItems:2:10890:timeestimate:0,jira:JiraIssue:2:10079,jira:JiraAccount:2:5e9711ba34f7b90c0fbc37d3,Rankin Zheng,timeestimate,timeestimate,,21600,,,2020-06-12T01:23:01.293+00:00,"{""ConnectionId"":2,""BoardId"":8}",_raw_jira_api_issues,12453,
jira:JiraIssueChangelogItems:2:10890:timeoriginalestimate:0,jira:JiraIssue:2:10079,jira:JiraAccount:2:5e9711ba34f7b90c0fbc37d3,Rankin Zheng,timeoriginalestimate,timeoriginalestimate,,21600,,,2020-06-12T01:23:01.293+00:00,"{""ConnectionId"":2,""BoardId"":8}",_raw_jira_api_issues,12453,
jira:JiraIssueChangelogItems:2:10895:status:0,jira:JiraIssue:2:10086,jira:JiraAccount:2:5e9711ba34f7b90c0fbc37d3,Rankin Zheng,status,status,Inbox,Closed,TODO,DONE,2020-06-12T01:26:44.440+00:00,"{""ConnectionId"":2,""BoardId"":8}",_raw_jira_api_issues,12457,
jira:JiraIssueChangelogItems:2:10898:status:0,jira:JiraIssue:2:10085,jira:JiraAccount:2:5e9711ba34f7b90c0fbc37d3,Rankin Zheng,status,status,Open,In Progress,TODO,IN_PROGRESS,2020-06-12T01:27:39.141+00:00,"{""ConnectionId"":2,""BoardId"":8}",_raw_jira_api_issues,12456,
jira:JiraIssueChangelogItems:2:10899:status:0,jira:JiraIssue:2:10085,jira:JiraAccount:2:5e9711ba34f7b90c0fbc37d3,Rankin Zheng,status,status,In Progress,Resolved,IN_PROGRESS,DONE,2020-06-12T01:27:50.404+00:00,"{""ConnectionId"":2,""BoardId"":8}",_raw_jira_api_issues,12456,
jira:JiraIssueChangelogItems:2:10900:status:0,jira:JiraIssue:2:10063,jira:JiraAccount:2:5e9711ba34f7b90c0fbc37d3,Rankin Zheng,status,status,Inbox,待开发,TODO,TODO,2020-06-12T01:45:24.493+00:00,"{""ConnectionId"":2,""BoardId"":8}",_raw_jira_api_issues,12441,
jira:JiraIssueChangelogItems:2:10901:status:0,jira:JiraIssue:2:10064,jira:JiraAccount:2:5e9711ba34f7b90c0fbc37d3,Rankin Zheng,status,status,Inbox,待开发,TODO,TODO,2020-06-12T01:45:27.521+00:00,"{""ConnectionId"":2,""BoardId"":8}",_raw_jira_api_issues,12442,
jira:JiraIssueChangelogItems:2:10902:status:0,jira:JiraIssue:2:10065,jira:JiraAccount:2:5e9711ba34f7b90c0fbc37d3,Rankin Zheng,status,status,Inbox,待开发,TODO,TODO,2020-06-12T01:45:29.953+00:00,"{""ConnectionId"":2,""BoardId"":8}",_raw_jira_api_issues,12443,
jira:JiraIssueChangelogItems:2:10903:status:0,jira:JiraIssue:2:10066,jira:JiraAccount:2:5e9711ba34f7b90c0fbc37d3,Rankin Zheng,status,status,Inbox,待开发,TODO,TODO,2020-06-12T01:45:32.430+00:00,"{""ConnectionId"":2,""BoardId"":8}",_raw_jira_api_issues,12444,
jira:JiraIssueChangelogItems:2:10904:status:0,jira:JiraIssue:2:10068,jira:JiraAccount:2:5e9711ba34f7b90c0fbc37d3,Rankin Zheng,status,status,Inbox,待开发,TODO,TODO,2020-06-12T01:45:34.455+00:00,"{""ConnectionId"":2,""BoardId"":8}",_raw_jira_api_issues,12446,
jira:JiraIssueChangelogItems:2:10905:status:0,jira:JiraIssue:2:10081,jira:JiraAccount:2:5e9711ba34f7b90c0fbc37d3,Rankin Zheng,status,status,Inbox,待开发,TODO,TODO,2020-06-12T01:46:22.354+00:00,"{""ConnectionId"":2,""BoardId"":8}",_raw_jira_api_issues,12454,
jira:JiraIssueChangelogItems:2:10906:status:0,jira:JiraIssue:2:10081,jira:JiraAccount:2:5e9711ba34f7b90c0fbc37d3,Rankin Zheng,status,status,待开发,In Progress,TODO,IN_PROGRESS,2020-06-12T01:46:26.809+00:00,"{""ConnectionId"":2,""BoardId"":8}",_raw_jira_api_issues,12454,
jira:JiraIssueChangelogItems:2:10907:status:0,jira:JiraIssue:2:10081,jira:JiraAccount:2:5e9711ba34f7b90c0fbc37d3,Rankin Zheng,status,status,In Progress,Resolved,IN_PROGRESS,DONE,2020-06-12T01:46:30.363+00:00,"{""ConnectionId"":2,""BoardId"":8}",_raw_jira_api_issues,12454,
jira:JiraIssueChangelogItems:2:10908:status:0,jira:JiraIssue:2:10089,jira:JiraAccount:2:5e9711ba34f7b90c0fbc37d3,Rankin Zheng,status,status,In Progress,Resolved,IN_PROGRESS,DONE,2020-06-12T03:36:32.132+00:00,"{""ConnectionId"":2,""BoardId"":8}",_raw_jira_api_issues,12460,
jira:JiraIssueChangelogItems:2:10909:status:0,jira:JiraIssue:2:10093,jira:JiraAccount:2:5e9711ba34f7b90c0fbc37d3,Rankin Zheng,status,status,In Progress,Resolved,IN_PROGRESS,DONE,2020-06-12T03:36:33.830+00:00,"{""ConnectionId"":2,""BoardId"":8}",_raw_jira_api_issues,12464,
jira:JiraIssueChangelogItems:2:10910:status:0,jira:JiraIssue:2:10098,jira:JiraAccount:2:5e9711ba34f7b90c0fbc37d3,Rankin Zheng,status,status,In Progress,Resolved,IN_PROGRESS,DONE,2020-06-12T03:36:44.782+00:00,"{""ConnectionId"":2,""BoardId"":8}",_raw_jira_api_issues,12469,
jira:JiraIssueChangelogItems:2:10911:status:0,jira:JiraIssue:2:10063,jira:JiraAccount:2:5e9711ba34f7b90c0fbc37d3,Rankin Zheng,status,status,待开发,In Progress,TODO,IN_PROGRESS,2020-06-12T03:38:39.785+00:00,"{""ConnectionId"":2,""BoardId"":8}",_raw_jira_api_issues,12441,
jira:JiraIssueChangelogItems:2:10914:Workflow:0,jira:JiraIssue:2:10071,jira:JiraAccount:2:5e9711ba34f7b90c0fbc37d3,Rankin Zheng,,Workflow,Sprint Workflow for EE,Software Simplified Workflow for Project EE,,,2020-06-12T04:58:46.760+00:00,"{""ConnectionId"":2,""BoardId"":8}",_raw_jira_api_issues,12448,
jira:JiraIssueChangelogItems:2:10917:status:0,jira:JiraIssue:2:10077,jira:JiraAccount:2:5e9711ba34f7b90c0fbc37d3,Rankin Zheng,status,status,Resolved,待办,DONE,TODO,2020-06-12T04:58:46.851+00:00,"{""ConnectionId"":2,""BoardId"":8}",_raw_jira_api_issues,12451,
jira:JiraIssueChangelogItems:2:10917:Workflow:0,jira:JiraIssue:2:10077,jira:JiraAccount:2:5e9711ba34f7b90c0fbc37d3,Rankin Zheng,,Workflow,Sprint Workflow for EE,Software Simplified Workflow for Project EE,,,2020-06-12T04:58:46.851+00:00,"{""ConnectionId"":2,""BoardId"":8}",_raw_jira_api_issues,12451,
jira:JiraIssueChangelogItems:2:10918:status:0,jira:JiraIssue:2:10078,jira:JiraAccount:2:5e9711ba34f7b90c0fbc37d3,Rankin Zheng,status,status,Resolved,待办,DONE,TODO,2020-06-12T04:58:46.882+00:00,"{""ConnectionId"":2,""BoardId"":8}",_raw_jira_api_issues,12452,
jira:JiraIssueChangelogItems:2:10918:Workflow:0,jira:JiraIssue:2:10078,jira:JiraAccount:2:5e9711ba34f7b90c0fbc37d3,Rankin Zheng,,Workflow,Sprint Workflow for EE,Software Simplified Workflow for Project EE,,,2020-06-12T04:58:46.882+00:00,"{""ConnectionId"":2,""BoardId"":8}",_raw_jira_api_issues,12452,
jira:JiraIssueChangelogItems:2:10919:Workflow:0,jira:JiraIssue:2:10099,jira:JiraAccount:2:5e9711ba34f7b90c0fbc37d3,Rankin Zheng,,Workflow,Sprint Workflow for EE,Software Simplified Workflow for Project EE,,,2020-06-12T04:58:46.910+00:00,"{""ConnectionId"":2,""BoardId"":8}",_raw_jira_api_issues,12470,
jira:JiraIssueChangelogItems:2:10921:status:0,jira:JiraIssue:2:10097,jira:JiraAccount:2:5e9711ba34f7b90c0fbc37d3,Rankin Zheng,status,status,Resolved,待办,DONE,TODO,2020-06-12T04:58:46.964+00:00,"{""ConnectionId"":2,""BoardId"":8}",_raw_jira_api_issues,12468,
jira:JiraIssueChangelogItems:2:10921:Workflow:0,jira:JiraIssue:2:10097,jira:JiraAccount:2:5e9711ba34f7b90c0fbc37d3,Rankin Zheng,,Workflow,Sprint Workflow for EE,Software Simplified Workflow for Project EE,,,2020-06-12T04:58:46.964+00:00,"{""ConnectionId"":2,""BoardId"":8}",_raw_jira_api_issues,12468,
jira:JiraIssueChangelogItems:2:10922:Workflow:0,jira:JiraIssue:2:10067,jira:JiraAccount:2:5e9711ba34f7b90c0fbc37d3,Rankin Zheng,,Workflow,Sprint Workflow for EE,Software Simplified Workflow for Project EE,,,2020-06-12T04:58:46.993+00:00,"{""ConnectionId"":2,""BoardId"":8}",_raw_jira_api_issues,12445,
jira:JiraIssueChangelogItems:2:10923:Workflow:0,jira:JiraIssue:2:10079,jira:JiraAccount:2:5e9711ba34f7b90c0fbc37d3,Rankin Zheng,,Workflow,Sprint Workflow for EE,Software Simplified Workflow for Project EE,,,2020-06-12T04:58:47.021+00:00,"{""ConnectionId"":2,""BoardId"":8}",_raw_jira_api_issues,12453,
jira:JiraIssueChangelogItems:2:10924:Workflow:0,jira:JiraIssue:2:10072,jira:JiraAccount:2:5e9711ba34f7b90c0fbc37d3,Rankin Zheng,,Workflow,Sprint Workflow for EE,Software Simplified Workflow for Project EE,,,2020-06-12T04:58:47.047+00:00,"{""ConnectionId"":2,""BoardId"":8}",_raw_jira_api_issues,12449,
jira:JiraIssueChangelogItems:2:10925:status:0,jira:JiraIssue:2:10088,jira:JiraAccount:2:5e9711ba34f7b90c0fbc37d3,Rankin Zheng,status,status,Resolved,待办,DONE,TODO,2020-06-12T04:58:47.075+00:00,"{""ConnectionId"":2,""BoardId"":8}",_raw_jira_api_issues,12459,
jira:JiraIssueChangelogItems:2:10925:Workflow:0,jira:JiraIssue:2:10088,jira:JiraAccount:2:5e9711ba34f7b90c0fbc37d3,Rankin Zheng,,Workflow,Sprint Workflow for EE,Software Simplified Workflow for Project EE,,,2020-06-12T04:58:47.075+00:00,"{""ConnectionId"":2,""BoardId"":8}",_raw_jira_api_issues,12459,
jira:JiraIssueChangelogItems:2:10926:Workflow:0,jira:JiraIssue:2:10070,jira:JiraAccount:2:5e9711ba34f7b90c0fbc37d3,Rankin Zheng,,Workflow,Sprint Workflow for EE,Software Simplified Workflow for Project EE,,,2020-06-12T04:58:47.103+00:00,"{""ConnectionId"":2,""BoardId"":8}",_raw_jira_api_issues,12447,
jira:JiraIssueChangelogItems:2:10927:status:0,jira:JiraIssue:2:10086,jira:JiraAccount:2:5e9711ba34f7b90c0fbc37d3,Rankin Zheng,status,status,Closed,待办,DONE,TODO,2020-06-12T04:58:47.129+00:00,"{""ConnectionId"":2,""BoardId"":8}",_raw_jira_api_issues,12457,
jira:JiraIssueChangelogItems:2:10927:Workflow:0,jira:JiraIssue:2:10086,jira:JiraAccount:2:5e9711ba34f7b90c0fbc37d3,Rankin Zheng,,Workflow,Requirements Workflow for EE,Software Simplified Workflow for Project EE,,,2020-06-12T04:58:47.129+00:00,"{""ConnectionId"":2,""BoardId"":8}",_raw_jira_api_issues,12457,
jira:JiraIssueChangelogItems:2:10928:status:0,jira:JiraIssue:2:10087,jira:JiraAccount:2:5e9711ba34f7b90c0fbc37d3,Rankin Zheng,status,status,Resolved,待办,DONE,TODO,2020-06-12T04:58:47.158+00:00,"{""ConnectionId"":2,""BoardId"":8}",_raw_jira_api_issues,12458,
jira:JiraIssueChangelogItems:2:10928:Workflow:0,jira:JiraIssue:2:10087,jira:JiraAccount:2:5e9711ba34f7b90c0fbc37d3,Rankin Zheng,,Workflow,Sprint Workflow for EE,Software Simplified Workflow for Project EE,,,2020-06-12T04:58:47.158+00:00,"{""ConnectionId"":2,""BoardId"":8}",_raw_jira_api_issues,12458,
jira:JiraIssueChangelogItems:2:10929:Workflow:0,jira:JiraIssue:2:10090,jira:JiraAccount:2:5e9711ba34f7b90c0fbc37d3,Rankin Zheng,,Workflow,Sprint Workflow for EE,Software Simplified Workflow for Project EE,,,2020-06-12T04:58:47.184+00:00,"{""ConnectionId"":2,""BoardId"":8}",_raw_jira_api_issues,12461,
jira:JiraIssueChangelogItems:2:10932:status:0,jira:JiraIssue:2:10085,jira:JiraAccount:2:5e9711ba34f7b90c0fbc37d3,Rankin Zheng,status,status,Resolved,待办,DONE,TODO,2020-06-12T04:58:47.271+00:00,"{""ConnectionId"":2,""BoardId"":8}",_raw_jira_api_issues,12456,
jira:JiraIssueChangelogItems:2:10932:Workflow:0,jira:JiraIssue:2:10085,jira:JiraAccount:2:5e9711ba34f7b90c0fbc37d3,Rankin Zheng,,Workflow,Bugs Workflow for EE,Software Simplified Workflow for Project EE,,,2020-06-12T04:58:47.271+00:00,"{""ConnectionId"":2,""BoardId"":8}",_raw_jira_api_issues,12456,
jira:JiraIssueChangelogItems:2:10933:status:0,jira:JiraIssue:2:10064,jira:JiraAccount:2:5e9711ba34f7b90c0fbc37d3,Rankin Zheng,status,status,待开发,待办,TODO,TODO,2020-06-12T04:58:47.299+00:00,"{""ConnectionId"":2,""BoardId"":8}",_raw_jira_api_issues,12442,
jira:JiraIssueChangelogItems:2:10933:Workflow:0,jira:JiraIssue:2:10064,jira:JiraAccount:2:5e9711ba34f7b90c0fbc37d3,Rankin Zheng,,Workflow,Requirements Workflow for EE,Software Simplified Workflow for Project EE,,,2020-06-12T04:58:47.299+00:00,"{""ConnectionId"":2,""BoardId"":8}",_raw_jira_api_issues,12442,
jira:JiraIssueChangelogItems:2:10935:status:0,jira:JiraIssue:2:10065,jira:JiraAccount:2:5e9711ba34f7b90c0fbc37d3,Rankin Zheng,status,status,待开发,待办,TODO,TODO,2020-06-12T04:58:47.353+00:00,"{""ConnectionId"":2,""BoardId"":8}",_raw_jira_api_issues,12443,
jira:JiraIssueChangelogItems:2:10935:Workflow:0,jira:JiraIssue:2:10065,jira:JiraAccount:2:5e9711ba34f7b90c0fbc37d3,Rankin Zheng,,Workflow,Requirements Workflow for EE,Software Simplified Workflow for Project EE,,,2020-06-12T04:58:47.353+00:00,"{""ConnectionId"":2,""BoardId"":8}",_raw_jira_api_issues,12443,
jira:JiraIssueChangelogItems:2:10936:status:0,jira:JiraIssue:2:10066,jira:JiraAccount:2:5e9711ba34f7b90c0fbc37d3,Rankin Zheng,status,status,待开发,待办,TODO,TODO,2020-06-12T04:58:47.379+00:00,"{""ConnectionId"":2,""BoardId"":8}",_raw_jira_api_issues,12444,
jira:JiraIssueChangelogItems:2:10936:Workflow:0,jira:JiraIssue:2:10066,jira:JiraAccount:2:5e9711ba34f7b90c0fbc37d3,Rankin Zheng,,Workflow,Requirements Workflow for EE,Software Simplified Workflow for Project EE,,,2020-06-12T04:58:47.379+00:00,"{""ConnectionId"":2,""BoardId"":8}",_raw_jira_api_issues,12444,
jira:JiraIssueChangelogItems:2:10937:status:0,jira:JiraIssue:2:10081,jira:JiraAccount:2:5e9711ba34f7b90c0fbc37d3,Rankin Zheng,status,status,Resolved,待办,DONE,TODO,2020-06-12T04:58:47.406+00:00,"{""ConnectionId"":2,""BoardId"":8}",_raw_jira_api_issues,12454,
jira:JiraIssueChangelogItems:2:10937:Workflow:0,jira:JiraIssue:2:10081,jira:JiraAccount:2:5e9711ba34f7b90c0fbc37d3,Rankin Zheng,,Workflow,Requirements Workflow for EE,Software Simplified Workflow for Project EE,,,2020-06-12T04:58:47.406+00:00,"{""ConnectionId"":2,""BoardId"":8}",_raw_jira_api_issues,12454,
jira:JiraIssueChangelogItems:2:10938:status:0,jira:JiraIssue:2:10089,jira:JiraAccount:2:5e9711ba34f7b90c0fbc37d3,Rankin Zheng,status,status,Resolved,待办,DONE,TODO,2020-06-12T04:58:47.434+00:00,"{""ConnectionId"":2,""BoardId"":8}",_raw_jira_api_issues,12460,
jira:JiraIssueChangelogItems:2:10938:Workflow:0,jira:JiraIssue:2:10089,jira:JiraAccount:2:5e9711ba34f7b90c0fbc37d3,Rankin Zheng,,Workflow,Sprint Workflow for EE,Software Simplified Workflow for Project EE,,,2020-06-12T04:58:47.434+00:00,"{""ConnectionId"":2,""BoardId"":8}",_raw_jira_api_issues,12460,
jira:JiraIssueChangelogItems:2:10939:status:0,jira:JiraIssue:2:10093,jira:JiraAccount:2:5e9711ba34f7b90c0fbc37d3,Rankin Zheng,status,status,Resolved,待办,DONE,TODO,2020-06-12T04:58:47.462+00:00,"{""ConnectionId"":2,""BoardId"":8}",_raw_jira_api_issues,12464,
jira:JiraIssueChangelogItems:2:10939:Workflow:0,jira:JiraIssue:2:10093,jira:JiraAccount:2:5e9711ba34f7b90c0fbc37d3,Rankin Zheng,,Workflow,Sprint Workflow for EE,Software Simplified Workflow for Project EE,,,2020-06-12T04:58:47.462+00:00,"{""ConnectionId"":2,""BoardId"":8}",_raw_jira_api_issues,12464,
jira:JiraIssueChangelogItems:2:10940:status:0,jira:JiraIssue:2:10098,jira:JiraAccount:2:5e9711ba34f7b90c0fbc37d3,Rankin Zheng,status,status,Resolved,待办,DONE,TODO,2020-06-12T04:58:47.489+00:00,"{""ConnectionId"":2,""BoardId"":8}",_raw_jira_api_issues,12469,
jira:JiraIssueChangelogItems:2:10940:Workflow:0,jira:JiraIssue:2:10098,jira:JiraAccount:2:5e9711ba34f7b90c0fbc37d3,Rankin Zheng,,Workflow,Sprint Workflow for EE,Software Simplified Workflow for Project EE,,,2020-06-12T04:58:47.489+00:00,"{""ConnectionId"":2,""BoardId"":8}",_raw_jira_api_issues,12469,
jira:JiraIssueChangelogItems:2:10943:status:0,jira:JiraIssue:2:10092,jira:JiraAccount:2:5e9711ba34f7b90c0fbc37d3,Rankin Zheng,status,status,Resolved,待办,DONE,TODO,2020-06-12T04:58:47.569+00:00,"{""ConnectionId"":2,""BoardId"":8}",_raw_jira_api_issues,12463,
jira:JiraIssueChangelogItems:2:10943:Workflow:0,jira:JiraIssue:2:10092,jira:JiraAccount:2:5e9711ba34f7b90c0fbc37d3,Rankin Zheng,,Workflow,Sprint Workflow for EE,Software Simplified Workflow for Project EE,,,2020-06-12T04:58:47.569+00:00,"{""ConnectionId"":2,""BoardId"":8}",_raw_jira_api_issues,12463,
jira:JiraIssueChangelogItems:2:10944:Workflow:0,jira:JiraIssue:2:10094,jira:JiraAccount:2:5e9711ba34f7b90c0fbc37d3,Rankin Zheng,,Workflow,Sprint Workflow for EE,Software Simplified Workflow for Project EE,,,2020-06-12T04:58:47.600+00:00,"{""ConnectionId"":2,""BoardId"":8}",_raw_jira_api_issues,12465,
jira:JiraIssueChangelogItems:2:10945:status:0,jira:JiraIssue:2:10091,jira:JiraAccount:2:5e9711ba34f7b90c0fbc37d3,Rankin Zheng,status,status,Resolved,待办,DONE,TODO,2020-06-12T04:58:47.627+00:00,"{""ConnectionId"":2,""BoardId"":8}",_raw_jira_api_issues,12462,
jira:JiraIssueChangelogItems:2:10945:Workflow:0,jira:JiraIssue:2:10091,jira:JiraAccount:2:5e9711ba34f7b90c0fbc37d3,Rankin Zheng,,Workflow,Sprint Workflow for EE,Software Simplified Workflow for Project EE,,,2020-06-12T04:58:47.627+00:00,"{""ConnectionId"":2,""BoardId"":8}",_raw_jira_api_issues,12462,
jira:JiraIssueChangelogItems:2:10946:status:0,jira:JiraIssue:2:10082,jira:JiraAccount:2:5e9711ba34f7b90c0fbc37d3,Rankin Zheng,status,status,Inbox,待办,TODO,TODO,2020-06-12T04:58:47.654+00:00,"{""ConnectionId"":2,""BoardId"":8}",_raw_jira_api_issues,12455,
jira:JiraIssueChangelogItems:2:10946:Workflow:0,jira:JiraIssue:2:10082,jira:JiraAccount:2:5e9711ba34f7b90c0fbc37d3,Rankin Zheng,,Workflow,Requirements Workflow for EE,Software Simplified Workflow for Project EE,,,2020-06-12T04:58:47.654+00:00,"{""ConnectionId"":2,""BoardId"":8}",_raw_jira_api_issues,12455,
jira:JiraIssueChangelogItems:2:10948:Workflow:0,jira:JiraIssue:2:10095,jira:JiraAccount:2:5e9711ba34f7b90c0fbc37d3,Rankin Zheng,,Workflow,Sprint Workflow for EE,Software Simplified Workflow for Project EE,,,2020-06-12T04:58:47.707+00:00,"{""ConnectionId"":2,""BoardId"":8}",_raw_jira_api_issues,12466,
jira:JiraIssueChangelogItems:2:10951:status:0,jira:JiraIssue:2:10096,jira:JiraAccount:2:5e9711ba34f7b90c0fbc37d3,Rankin Zheng,status,status,Resolved,待办,DONE,TODO,2020-06-12T04:58:47.788+00:00,"{""ConnectionId"":2,""BoardId"":8}",_raw_jira_api_issues,12467,
jira:JiraIssueChangelogItems:2:10951:Workflow:0,jira:JiraIssue:2:10096,jira:JiraAccount:2:5e9711ba34f7b90c0fbc37d3,Rankin Zheng,,Workflow,Sprint Workflow for EE,Software Simplified Workflow for Project EE,,,2020-06-12T04:58:47.788+00:00,"{""ConnectionId"":2,""BoardId"":8}",_raw_jira_api_issues,12467,
jira:JiraIssueChangelogItems:2:10958:status:0,jira:JiraIssue:2:10076,jira:JiraAccount:2:5e9711ba34f7b90c0fbc37d3,Rankin Zheng,status,status,Resolved,待办,DONE,TODO,2020-06-12T04:58:47.975+00:00,"{""ConnectionId"":2,""BoardId"":8}",_raw_jira_api_issues,12450,
jira:JiraIssueChangelogItems:2:10958:Workflow:0,jira:JiraIssue:2:10076,jira:JiraAccount:2:5e9711ba34f7b90c0fbc37d3,Rankin Zheng,,Workflow,Sprint Workflow for EE,Software Simplified Workflow for Project EE,,,2020-06-12T04:58:47.975+00:00,"{""ConnectionId"":2,""BoardId"":8}",_raw_jira_api_issues,12450,
jira:JiraIssueChangelogItems:2:10960:status:0,jira:JiraIssue:2:10068,jira:JiraAccount:2:5e9711ba34f7b90c0fbc37d3,Rankin Zheng,status,status,待开发,待办,TODO,TODO,2020-06-12T04:58:48.031+00:00,"{""ConnectionId"":2,""BoardId"":8}",_raw_jira_api_issues,12446,
jira:JiraIssueChangelogItems:2:10960:Workflow:0,jira:JiraIssue:2:10068,jira:JiraAccount:2:5e9711ba34f7b90c0fbc37d3,Rankin Zheng,,Workflow,Requirements Workflow for EE,Software Simplified Workflow for Project EE,,,2020-06-12T04:58:48.031+00:00,"{""ConnectionId"":2,""BoardId"":8}",_raw_jira_api_issues,12446,
jira:JiraIssueChangelogItems:2:10969:Workflow:0,jira:JiraIssue:2:10063,jira:JiraAccount:2:5e9711ba34f7b90c0fbc37d3,Rankin Zheng,,Workflow,Requirements Workflow for EE,Software Simplified Workflow for Project EE,,,2020-06-12T04:58:48.277+00:00,"{""ConnectionId"":2,""BoardId"":8}",_raw_jira_api_issues,12441,
jira:JiraIssueChangelogItems:2:10978:status:0,jira:JiraIssue:2:10078,jira:JiraAccount:2:5e9711ba34f7b90c0fbc37d3,Rankin Zheng,status,status,待办,Open,TODO,TODO,2020-06-12T05:01:20.542+00:00,"{""ConnectionId"":2,""BoardId"":8}",_raw_jira_api_issues,12452,
jira:JiraIssueChangelogItems:2:10978:Workflow:0,jira:JiraIssue:2:10078,jira:JiraAccount:2:5e9711ba34f7b90c0fbc37d3,Rankin Zheng,,Workflow,Software Simplified Workflow for Project EE,jira,,,2020-06-12T05:01:20.542+00:00,"{""ConnectionId"":2,""BoardId"":8}",_raw_jira_api_issues,12452,
jira:JiraIssueChangelogItems:2:10979:status:0,jira:JiraIssue:2:10099,jira:JiraAccount:2:5e9711ba34f7b90c0fbc37d3,Rankin Zheng,status,status,待办,Open,TODO,TODO,2020-06-12T05:01:20.553+00:00,"{""ConnectionId"":2,""BoardId"":8}",_raw_jira_api_issues,12470,
jira:JiraIssueChangelogItems:2:10979:Workflow:0,jira:JiraIssue:2:10099,jira:JiraAccount:2:5e9711ba34f7b90c0fbc37d3,Rankin Zheng,,Workflow,Software Simplified Workflow for Project EE,jira,,,2020-06-12T05:01:20.553+00:00,"{""ConnectionId"":2,""BoardId"":8}",_raw_jira_api_issues,12470,
jira:JiraIssueChangelogItems:2:10980:status:0,jira:JiraIssue:2:10067,jira:JiraAccount:2:5e9711ba34f7b90c0fbc37d3,Rankin Zheng,status,status,待办,Open,TODO,TODO,2020-06-12T05:01:20.562+00:00,"{""ConnectionId"":2,""BoardId"":8}",_raw_jira_api_issues,12445,
jira:JiraIssueChangelogItems:2:10980:Workflow:0,jira:JiraIssue:2:10067,jira:JiraAccount:2:5e9711ba34f7b90c0fbc37d3,Rankin Zheng,,Workflow,Software Simplified Workflow for Project EE,jira,,,2020-06-12T05:01:20.562+00:00,"{""ConnectionId"":2,""BoardId"":8}",_raw_jira_api_issues,12445,
jira:JiraIssueChangelogItems:2:10981:status:0,jira:JiraIssue:2:10071,jira:JiraAccount:2:5e9711ba34f7b90c0fbc37d3,Rankin Zheng,status,status,待办,Open,TODO,TODO,2020-06-12T05:01:20.572+00:00,"{""ConnectionId"":2,""BoardId"":8}",_raw_jira_api_issues,12448,
jira:JiraIssueChangelogItems:2:10981:Workflow:0,jira:JiraIssue:2:10071,jira:JiraAccount:2:5e9711ba34f7b90c0fbc37d3,Rankin Zheng,,Workflow,Software Simplified Workflow for Project EE,jira,,,2020-06-12T05:01:20.572+00:00,"{""ConnectionId"":2,""BoardId"":8}",_raw_jira_api_issues,12448,
jira:JiraIssueChangelogItems:2:10982:status:0,jira:JiraIssue:2:10087,jira:JiraAccount:2:5e9711ba34f7b90c0fbc37d3,Rankin Zheng,status,status,待办,Open,TODO,TODO,2020-06-12T05:01:20.582+00:00,"{""ConnectionId"":2,""BoardId"":8}",_raw_jira_api_issues,12458,
jira:JiraIssueChangelogItems:2:10982:Workflow:0,jira:JiraIssue:2:10087,jira:JiraAccount:2:5e9711ba34f7b90c0fbc37d3,Rankin Zheng,,Workflow,Software Simplified Workflow for Project EE,jira,,,2020-06-12T05:01:20.582+00:00,"{""ConnectionId"":2,""BoardId"":8}",_raw_jira_api_issues,12458,
jira:JiraIssueChangelogItems:2:10983:status:0,jira:JiraIssue:2:10064,jira:JiraAccount:2:5e9711ba34f7b90c0fbc37d3,Rankin Zheng,status,status,待办,Open,TODO,TODO,2020-06-12T05:01:20.593+00:00,"{""ConnectionId"":2,""BoardId"":8}",_raw_jira_api_issues,12442,
jira:JiraIssueChangelogItems:2:10983:Workflow:0,jira:JiraIssue:2:10064,jira:JiraAccount:2:5e9711ba34f7b90c0fbc37d3,Rankin Zheng,,Workflow,Software Simplified Workflow for Project EE,jira,,,2020-06-12T05:01:20.593+00:00,"{""ConnectionId"":2,""BoardId"":8}",_raw_jira_api_issues,12442,
jira:JiraIssueChangelogItems:2:10985:status:0,jira:JiraIssue:2:10066,jira:JiraAccount:2:5e9711ba34f7b90c0fbc37d3,Rankin Zheng,status,status,待办,Open,TODO,TODO,2020-06-12T05:01:20.611+00:00,"{""ConnectionId"":2,""BoardId"":8}",_raw_jira_api_issues,12444,
jira:JiraIssueChangelogItems:2:10985:Workflow:0,jira:JiraIssue:2:10066,jira:JiraAccount:2:5e9711ba34f7b90c0fbc37d3,Rankin Zheng,,Workflow,Software Simplified Workflow for Project EE,jira,,,2020-06-12T05:01:20.611+00:00,"{""ConnectionId"":2,""BoardId"":8}",_raw_jira_api_issues,12444,
jira:JiraIssueChangelogItems:2:10986:status:0,jira:JiraIssue:2:10081,jira:JiraAccount:2:5e9711ba34f7b90c0fbc37d3,Rankin Zheng,status,status,待办,Open,TODO,TODO,2020-06-12T05:01:20.620+00:00,"{""ConnectionId"":2,""BoardId"":8}",_raw_jira_api_issues,12454,
jira:JiraIssueChangelogItems:2:10986:Workflow:0,jira:JiraIssue:2:10081,jira:JiraAccount:2:5e9711ba34f7b90c0fbc37d3,Rankin Zheng,,Workflow,Software Simplified Workflow for Project EE,jira,,,2020-06-12T05:01:20.620+00:00,"{""ConnectionId"":2,""BoardId"":8}",_raw_jira_api_issues,12454,
jira:JiraIssueChangelogItems:2:10987:status:0,jira:JiraIssue:2:10089,jira:JiraAccount:2:5e9711ba34f7b90c0fbc37d3,Rankin Zheng,status,status,待办,Open,TODO,TODO,2020-06-12T05:01:20.628+00:00,"{""ConnectionId"":2,""BoardId"":8}",_raw_jira_api_issues,12460,
jira:JiraIssueChangelogItems:2:10987:Workflow:0,jira:JiraIssue:2:10089,jira:JiraAccount:2:5e9711ba34f7b90c0fbc37d3,Rankin Zheng,,Workflow,Software Simplified Workflow for Project EE,jira,,,2020-06-12T05:01:20.628+00:00,"{""ConnectionId"":2,""BoardId"":8}",_raw_jira_api_issues,12460,
jira:JiraIssueChangelogItems:2:10988:status:0,jira:JiraIssue:2:10093,jira:JiraAccount:2:5e9711ba34f7b90c0fbc37d3,Rankin Zheng,status,status,待办,Open,TODO,TODO,2020-06-12T05:01:20.637+00:00,"{""ConnectionId"":2,""BoardId"":8}",_raw_jira_api_issues,12464,
jira:JiraIssueChangelogItems:2:10988:Workflow:0,jira:JiraIssue:2:10093,jira:JiraAccount:2:5e9711ba34f7b90c0fbc37d3,Rankin Zheng,,Workflow,Software Simplified Workflow for Project EE,jira,,,2020-06-12T05:01:20.637+00:00,"{""ConnectionId"":2,""BoardId"":8}",_raw_jira_api_issues,12464,
jira:JiraIssueChangelogItems:2:10989:status:0,jira:JiraIssue:2:10098,jira:JiraAccount:2:5e9711ba34f7b90c0fbc37d3,Rankin Zheng,status,status,待办,Open,TODO,TODO,2020-06-12T05:01:20.645+00:00,"{""ConnectionId"":2,""BoardId"":8}",_raw_jira_api_issues,12469,
jira:JiraIssueChangelogItems:2:10989:Workflow:0,jira:JiraIssue:2:10098,jira:JiraAccount:2:5e9711ba34f7b90c0fbc37d3,Rankin Zheng,,Workflow,Software Simplified Workflow for Project EE,jira,,,2020-06-12T05:01:20.645+00:00,"{""ConnectionId"":2,""BoardId"":8}",_raw_jira_api_issues,12469,
jira:JiraIssueChangelogItems:2:10993:status:0,jira:JiraIssue:2:10094,jira:JiraAccount:2:5e9711ba34f7b90c0fbc37d3,Rankin Zheng,status,status,待办,Open,TODO,TODO,2020-06-12T05:01:20.675+00:00,"{""ConnectionId"":2,""BoardId"":8}",_raw_jira_api_issues,12465,
jira:JiraIssueChangelogItems:2:10993:Workflow:0,jira:JiraIssue:2:10094,jira:JiraAccount:2:5e9711ba34f7b90c0fbc37d3,Rankin Zheng,,Workflow,Software Simplified Workflow for Project EE,jira,,,2020-06-12T05:01:20.675+00:00,"{""ConnectionId"":2,""BoardId"":8}",_raw_jira_api_issues,12465,
jira:JiraIssueChangelogItems:2:10994:status:0,jira:JiraIssue:2:10077,jira:JiraAccount:2:5e9711ba34f7b90c0fbc37d3,Rankin Zheng,status,status,待办,Open,TODO,TODO,2020-06-12T05:01:20.684+00:00,"{""ConnectionId"":2,""BoardId"":8}",_raw_jira_api_issues,12451,
jira:JiraIssueChangelogItems:2:10994:Workflow:0,jira:JiraIssue:2:10077,jira:JiraAccount:2:5e9711ba34f7b90c0fbc37d3,Rankin Zheng,,Workflow,Software Simplified Workflow for Project EE,jira,,,2020-06-12T05:01:20.684+00:00,"{""ConnectionId"":2,""BoardId"":8}",_raw_jira_api_issues,12451,
jira:JiraIssueChangelogItems:2:10996:status:0,jira:JiraIssue:2:10097,jira:JiraAccount:2:5e9711ba34f7b90c0fbc37d3,Rankin Zheng,status,status,待办,Open,TODO,TODO,2020-06-12T05:01:20.699+00:00,"{""ConnectionId"":2,""BoardId"":8}",_raw_jira_api_issues,12468,
jira:JiraIssueChangelogItems:2:10996:Workflow:0,jira:JiraIssue:2:10097,jira:JiraAccount:2:5e9711ba34f7b90c0fbc37d3,Rankin Zheng,,Workflow,Software Simplified Workflow for Project EE,jira,,,2020-06-12T05:01:20.699+00:00,"{""ConnectionId"":2,""BoardId"":8}",_raw_jira_api_issues,12468,
jira:JiraIssueChangelogItems:2:10997:status:0,jira:JiraIssue:2:10079,jira:JiraAccount:2:5e9711ba34f7b90c0fbc37d3,Rankin Zheng,status,status,待办,Open,TODO,TODO,2020-06-12T05:01:20.707+00:00,"{""ConnectionId"":2,""BoardId"":8}",_raw_jira_api_issues,12453,
jira:JiraIssueChangelogItems:2:10997:Workflow:0,jira:JiraIssue:2:10079,jira:JiraAccount:2:5e9711ba34f7b90c0fbc37d3,Rankin Zheng,,Workflow,Software Simplified Workflow for Project EE,jira,,,2020-06-12T05:01:20.707+00:00,"{""ConnectionId"":2,""BoardId"":8}",_raw_jira_api_issues,12453,
jira:JiraIssueChangelogItems:2:10998:status:0,jira:JiraIssue:2:10072,jira:JiraAccount:2:5e9711ba34f7b90c0fbc37d3,Rankin Zheng,status,status,待办,Open,TODO,TODO,2020-06-12T05:01:20.715+00:00,"{""ConnectionId"":2,""BoardId"":8}",_raw_jira_api_issues,12449,
jira:JiraIssueChangelogItems:2:10998:Workflow:0,jira:JiraIssue:2:10072,jira:JiraAccount:2:5e9711ba34f7b90c0fbc37d3,Rankin Zheng,,Workflow,Software Simplified Workflow for Project EE,jira,,,2020-06-12T05:01:20.715+00:00,"{""ConnectionId"":2,""BoardId"":8}",_raw_jira_api_issues,12449,
jira:JiraIssueChangelogItems:2:10999:status:0,jira:JiraIssue:2:10088,jira:JiraAccount:2:5e9711ba34f7b90c0fbc37d3,Rankin Zheng,status,status,待办,Open,TODO,TODO,2020-06-12T05:01:20.723+00:00,"{""ConnectionId"":2,""BoardId"":8}",_raw_jira_api_issues,12459,
jira:JiraIssueChangelogItems:2:10999:Workflow:0,jira:JiraIssue:2:10088,jira:JiraAccount:2:5e9711ba34f7b90c0fbc37d3,Rankin Zheng,,Workflow,Software Simplified Workflow for Project EE,jira,,,2020-06-12T05:01:20.723+00:00,"{""ConnectionId"":2,""BoardId"":8}",_raw_jira_api_issues,12459,
jira:JiraIssueChangelogItems:2:11000:status:0,jira:JiraIssue:2:10070,jira:JiraAccount:2:5e9711ba34f7b90c0fbc37d3,Rankin Zheng,status,status,待办,Open,TODO,TODO,2020-06-12T05:01:20.731+00:00,"{""ConnectionId"":2,""BoardId"":8}",_raw_jira_api_issues,12447,
jira:JiraIssueChangelogItems:2:11000:Workflow:0,jira:JiraIssue:2:10070,jira:JiraAccount:2:5e9711ba34f7b90c0fbc37d3,Rankin Zheng,,Workflow,Software Simplified Workflow for Project EE,jira,,,2020-06-12T05:01:20.731+00:00,"{""ConnectionId"":2,""BoardId"":8}",_raw_jira_api_issues,12447,
jira:JiraIssueChangelogItems:2:11001:status:0,jira:JiraIssue:2:10086,jira:JiraAccount:2:5e9711ba34f7b90c0fbc37d3,Rankin Zheng,status,status,待办,Open,TODO,TODO,2020-06-12T05:01:20.739+00:00,"{""ConnectionId"":2,""BoardId"":8}",_raw_jira_api_issues,12457,
jira:JiraIssueChangelogItems:2:11001:Workflow:0,jira:JiraIssue:2:10086,jira:JiraAccount:2:5e9711ba34f7b90c0fbc37d3,Rankin Zheng,,Workflow,Software Simplified Workflow for Project EE,jira,,,2020-06-12T05:01:20.739+00:00,"{""ConnectionId"":2,""BoardId"":8}",_raw_jira_api_issues,12457,
jira:JiraIssueChangelogItems:2:11002:status:0,jira:JiraIssue:2:10090,jira:JiraAccount:2:5e9711ba34f7b90c0fbc37d3,Rankin Zheng,status,status,待办,Open,TODO,TODO,2020-06-12T05:01:20.747+00:00,"{""ConnectionId"":2,""BoardId"":8}",_raw_jira_api_issues,12461,
jira:JiraIssueChangelogItems:2:11002:Workflow:0,jira:JiraIssue:2:10090,jira:JiraAccount:2:5e9711ba34f7b90c0fbc37d3,Rankin Zheng,,Workflow,Software Simplified Workflow for Project EE,jira,,,2020-06-12T05:01:20.747+00:00,"{""ConnectionId"":2,""BoardId"":8}",_raw_jira_api_issues,12461,
jira:JiraIssueChangelogItems:2:11005:status:0,jira:JiraIssue:2:10085,jira:JiraAccount:2:5e9711ba34f7b90c0fbc37d3,Rankin Zheng,status,status,待办,Open,TODO,TODO,2020-06-12T05:01:20.770+00:00,"{""ConnectionId"":2,""BoardId"":8}",_raw_jira_api_issues,12456,
jira:JiraIssueChangelogItems:2:11005:Workflow:0,jira:JiraIssue:2:10085,jira:JiraAccount:2:5e9711ba34f7b90c0fbc37d3,Rankin Zheng,,Workflow,Software Simplified Workflow for Project EE,jira,,,2020-06-12T05:01:20.770+00:00,"{""ConnectionId"":2,""BoardId"":8}",_raw_jira_api_issues,12456,
jira:JiraIssueChangelogItems:2:11006:status:0,jira:JiraIssue:2:10065,jira:JiraAccount:2:5e9711ba34f7b90c0fbc37d3,Rankin Zheng,status,status,待办,Open,TODO,TODO,2020-06-12T05:01:20.777+00:00,"{""ConnectionId"":2,""BoardId"":8}",_raw_jira_api_issues,12443,
jira:JiraIssueChangelogItems:2:11006:Workflow:0,jira:JiraIssue:2:10065,jira:JiraAccount:2:5e9711ba34f7b90c0fbc37d3,Rankin Zheng,,Workflow,Software Simplified Workflow for Project EE,jira,,,2020-06-12T05:01:20.777+00:00,"{""ConnectionId"":2,""BoardId"":8}",_raw_jira_api_issues,12443,
jira:JiraIssueChangelogItems:2:11008:status:0,jira:JiraIssue:2:10092,jira:JiraAccount:2:5e9711ba34f7b90c0fbc37d3,Rankin Zheng,status,status,待办,Open,TODO,TODO,2020-06-12T05:01:20.793+00:00,"{""ConnectionId"":2,""BoardId"":8}",_raw_jira_api_issues,12463,
jira:JiraIssueChangelogItems:2:11008:Workflow:0,jira:JiraIssue:2:10092,jira:JiraAccount:2:5e9711ba34f7b90c0fbc37d3,Rankin Zheng,,Workflow,Software Simplified Workflow for Project EE,jira,,,2020-06-12T05:01:20.793+00:00,"{""ConnectionId"":2,""BoardId"":8}",_raw_jira_api_issues,12463,
jira:JiraIssueChangelogItems:2:11009:status:0,jira:JiraIssue:2:10091,jira:JiraAccount:2:5e9711ba34f7b90c0fbc37d3,Rankin Zheng,status,status,待办,Open,TODO,TODO,2020-06-12T05:01:20.801+00:00,"{""ConnectionId"":2,""BoardId"":8}",_raw_jira_api_issues,12462,
jira:JiraIssueChangelogItems:2:11009:Workflow:0,jira:JiraIssue:2:10091,jira:JiraAccount:2:5e9711ba34f7b90c0fbc37d3,Rankin Zheng,,Workflow,Software Simplified Workflow for Project EE,jira,,,2020-06-12T05:01:20.801+00:00,"{""ConnectionId"":2,""BoardId"":8}",_raw_jira_api_issues,12462,
jira:JiraIssueChangelogItems:2:11010:status:0,jira:JiraIssue:2:10082,jira:JiraAccount:2:5e9711ba34f7b90c0fbc37d3,Rankin Zheng,status,status,待办,Open,TODO,TODO,2020-06-12T05:01:20.811+00:00,"{""ConnectionId"":2,""BoardId"":8}",_raw_jira_api_issues,12455,
jira:JiraIssueChangelogItems:2:11010:Workflow:0,jira:JiraIssue:2:10082,jira:JiraAccount:2:5e9711ba34f7b90c0fbc37d3,Rankin Zheng,,Workflow,Software Simplified Workflow for Project EE,jira,,,2020-06-12T05:01:20.811+00:00,"{""ConnectionId"":2,""BoardId"":8}",_raw_jira_api_issues,12455,
jira:JiraIssueChangelogItems:2:11012:status:0,jira:JiraIssue:2:10095,jira:JiraAccount:2:5e9711ba34f7b90c0fbc37d3,Rankin Zheng,status,status,待办,Open,TODO,TODO,2020-06-12T05:01:20.826+00:00,"{""ConnectionId"":2,""BoardId"":8}",_raw_jira_api_issues,12466,
jira:JiraIssueChangelogItems:2:11012:Workflow:0,jira:JiraIssue:2:10095,jira:JiraAccount:2:5e9711ba34f7b90c0fbc37d3,Rankin Zheng,,Workflow,Software Simplified Workflow for Project EE,jira,,,2020-06-12T05:01:20.826+00:00,"{""ConnectionId"":2,""BoardId"":8}",_raw_jira_api_issues,12466,
jira:JiraIssueChangelogItems:2:11026:status:0,jira:JiraIssue:2:10096,jira:JiraAccount:2:5e9711ba34f7b90c0fbc37d3,Rankin Zheng,status,status,待办,Open,TODO,TODO,2020-06-12T05:01:20.935+00:00,"{""ConnectionId"":2,""BoardId"":8}",_raw_jira_api_issues,12467,
jira:JiraIssueChangelogItems:2:11026:Workflow:0,jira:JiraIssue:2:10096,jira:JiraAccount:2:5e9711ba34f7b90c0fbc37d3,Rankin Zheng,,Workflow,Software Simplified Workflow for Project EE,jira,,,2020-06-12T05:01:20.935+00:00,"{""ConnectionId"":2,""BoardId"":8}",_raw_jira_api_issues,12467,
jira:JiraIssueChangelogItems:2:11030:status:0,jira:JiraIssue:2:10076,jira:JiraAccount:2:5e9711ba34f7b90c0fbc37d3,Rankin Zheng,status,status,待办,Open,TODO,TODO,2020-06-12T05:01:20.966+00:00,"{""ConnectionId"":2,""BoardId"":8}",_raw_jira_api_issues,12450,
jira:JiraIssueChangelogItems:2:11030:Workflow:0,jira:JiraIssue:2:10076,jira:JiraAccount:2:5e9711ba34f7b90c0fbc37d3,Rankin Zheng,,Workflow,Software Simplified Workflow for Project EE,jira,,,2020-06-12T05:01:20.966+00:00,"{""ConnectionId"":2,""BoardId"":8}",_raw_jira_api_issues,12450,
jira:JiraIssueChangelogItems:2:11032:status:0,jira:JiraIssue:2:10068,jira:JiraAccount:2:5e9711ba34f7b90c0fbc37d3,Rankin Zheng,status,status,待办,Open,TODO,TODO,2020-06-12T05:01:20.981+00:00,"{""ConnectionId"":2,""BoardId"":8}",_raw_jira_api_issues,12446,
jira:JiraIssueChangelogItems:2:11032:Workflow:0,jira:JiraIssue:2:10068,jira:JiraAccount:2:5e9711ba34f7b90c0fbc37d3,Rankin Zheng,,Workflow,Software Simplified Workflow for Project EE,jira,,,2020-06-12T05:01:20.981+00:00,"{""ConnectionId"":2,""BoardId"":8}",_raw_jira_api_issues,12446,
jira:JiraIssueChangelogItems:2:11036:Workflow:0,jira:JiraIssue:2:10063,jira:JiraAccount:2:5e9711ba34f7b90c0fbc37d3,Rankin Zheng,,Workflow,Software Simplified Workflow for Project EE,jira,,,2020-06-12T05:01:21.011+00:00,"{""ConnectionId"":2,""BoardId"":8}",_raw_jira_api_issues,12441,
jira:JiraIssueChangelogItems:2:11066:status:0,jira:JiraIssue:2:10063,jira:JiraAccount:2:5e9711ba34f7b90c0fbc37d3,Rankin Zheng,status,status,In Progress,Open,IN_PROGRESS,TODO,2020-06-12T06:22:49.352+00:00,"{""ConnectionId"":2,""BoardId"":8}",_raw_jira_api_issues,12441,
jira:JiraIssueChangelogItems:2:11067:Fix Version:0,jira:JiraIssue:2:10076,jira:JiraAccount:2:5e9711ba34f7b90c0fbc37d3,Rankin Zheng,fixVersions,Fix Version,,v2.7.0,,,2020-06-12T06:25:04.674+00:00,"{""ConnectionId"":2,""BoardId"":8}",_raw_jira_api_issues,12450,
jira:JiraIssueChangelogItems:2:11068:Fix Version:0,jira:JiraIssue:2:10077,jira:JiraAccount:2:5e9711ba34f7b90c0fbc37d3,Rankin Zheng,fixVersions,Fix Version,,v2.7.0,,,2020-06-12T06:25:04.736+00:00,"{""ConnectionId"":2,""BoardId"":8}",_raw_jira_api_issues,12451,
jira:JiraIssueChangelogItems:2:11069:Fix Version:0,jira:JiraIssue:2:10078,jira:JiraAccount:2:5e9711ba34f7b90c0fbc37d3,Rankin Zheng,fixVersions,Fix Version,,v2.7.0,,,2020-06-12T06:25:04.788+00:00,"{""ConnectionId"":2,""BoardId"":8}",_raw_jira_api_issues,12452,
jira:JiraIssueChangelogItems:2:11070:Fix Version:0,jira:JiraIssue:2:10079,jira:JiraAccount:2:5e9711ba34f7b90c0fbc37d3,Rankin Zheng,fixVersions,Fix Version,,v2.7.0,,,2020-06-12T06:25:04.844+00:00,"{""ConnectionId"":2,""BoardId"":8}",_raw_jira_api_issues,12453,
jira:JiraIssueChangelogItems:2:11071:Fix Version:0,jira:JiraIssue:2:10085,jira:JiraAccount:2:5e9711ba34f7b90c0fbc37d3,Rankin Zheng,fixVersions,Fix Version,,v2.5.5,,,2020-06-12T06:25:13.114+00:00,"{""ConnectionId"":2,""BoardId"":8}",_raw_jira_api_issues,12456,
jira:JiraIssueChangelogItems:2:11074:assignee:0,jira:JiraIssue:2:10087,jira:JiraAccount:2:5e9711ba34f7b90c0fbc37d3,Rankin Zheng,assignee,assignee,jira:JiraAccount:2:5ecfbd0c730ec90c1999cadf,jira:JiraAccount:2:5e9711ba34f7b90c0fbc37d3,,,2020-06-12T07:07:26.139+00:00,"{""ConnectionId"":2,""BoardId"":8}",_raw_jira_api_issues,12458,
jira:JiraIssueChangelogItems:2:11074:status:0,jira:JiraIssue:2:10087,jira:JiraAccount:2:5e9711ba34f7b90c0fbc37d3,Rankin Zheng,status,status,Open,In Progress,TODO,IN_PROGRESS,2020-06-12T07:07:26.139+00:00,"{""ConnectionId"":2,""BoardId"":8}",_raw_jira_api_issues,12458,
jira:JiraIssueChangelogItems:2:11075:Sprint:0,jira:JiraIssue:2:10082,jira:JiraAccount:2:5e9711ba34f7b90c0fbc37d3,Rankin Zheng,customfield_10020,Sprint,,jira:JiraSprint:2:9,,,2020-06-12T07:14:22.183+00:00,"{""ConnectionId"":2,""BoardId"":8}",_raw_jira_api_issues,12455,
jira:JiraIssueChangelogItems:2:11076:resolution:0,jira:JiraIssue:2:10086,jira:JiraAccount:2:5e9711ba34f7b90c0fbc37d3,Rankin Zheng,resolution,resolution,,Won't Do,,,2020-06-12T07:17:28.723+00:00,"{""ConnectionId"":2,""BoardId"":8}",_raw_jira_api_issues,12457,
jira:JiraIssueChangelogItems:2:11076:status:0,jira:JiraIssue:2:10086,jira:JiraAccount:2:5e9711ba34f7b90c0fbc37d3,Rankin Zheng,status,status,Open,Closed,TODO,DONE,2020-06-12T07:17:28.723+00:00,"{""ConnectionId"":2,""BoardId"":8}",_raw_jira_api_issues,12457,
jira:JiraIssueChangelogItems:2:11156:Fix Version:0,jira:JiraIssue:2:10081,jira:JiraAccount:2:5e9711ba34f7b90c0fbc37d3,Rankin Zheng,fixVersions,Fix Version,,v2.5.4,,,2020-06-12T07:48:00.593+00:00,"{""ConnectionId"":2,""BoardId"":8}",_raw_jira_api_issues,12454,
jira:JiraIssueChangelogItems:2:11157:Fix Version:0,jira:JiraIssue:2:10085,jira:JiraAccount:2:5e9711ba34f7b90c0fbc37d3,Rankin Zheng,fixVersions,Fix Version,,v2.5.4,,,2020-06-12T07:48:04.999+00:00,"{""ConnectionId"":2,""BoardId"":8}",_raw_jira_api_issues,12456,
jira:JiraIssueChangelogItems:2:11162:RemoteIssueLink:0,jira:JiraIssue:2:10085,jira:JiraAccount:2:5e9711ba34f7b90c0fbc37d3,Rankin Zheng,,RemoteIssueLink,,"This issue links to ""GitLab (Web Link)""",,,2020-06-12T07:50:09.358+00:00,"{""ConnectionId"":2,""BoardId"":8}",_raw_jira_api_issues,12456,
jira:JiraIssueChangelogItems:2:11171:RemoteIssueLink:0,jira:JiraIssue:2:10085,jira:JiraAccount:2:5e9711ba34f7b90c0fbc37d3,Rankin Zheng,,RemoteIssueLink,"This issue links to ""GitLab (Web Link)""",,,,2020-06-12T07:53:21.133+00:00,"{""ConnectionId"":2,""BoardId"":8}",_raw_jira_api_issues,12456,
jira:JiraIssueChangelogItems:2:11172:RemoteIssueLink:0,jira:JiraIssue:2:10085,jira:JiraAccount:2:5e9711ba34f7b90c0fbc37d3,Rankin Zheng,,RemoteIssueLink,,"This issue links to ""GitLab Issue (Web Link)""",,,2020-06-12T07:53:22.097+00:00,"{""ConnectionId"":2,""BoardId"":8}",_raw_jira_api_issues,12456,
jira:JiraIssueChangelogItems:2:11252:status:0,jira:JiraIssue:2:10085,jira:JiraAccount:2:5e9711ba34f7b90c0fbc37d3,Rankin Zheng,status,status,Open,To Do,TODO,TODO,2020-06-12T13:08:24.581+00:00,"{""ConnectionId"":2,""BoardId"":8}",_raw_jira_api_issues,12456,
jira:JiraIssueChangelogItems:2:11252:Workflow:0,jira:JiraIssue:2:10085,jira:JiraAccount:2:5e9711ba34f7b90c0fbc37d3,Rankin Zheng,,Workflow,jira,Copy of Software Simplified Workflow for Project EED,,,2020-06-12T13:08:24.581+00:00,"{""ConnectionId"":2,""BoardId"":8}",_raw_jira_api_issues,12456,
jira:JiraIssueChangelogItems:2:11284:status:0,jira:JiraIssue:2:10085,jira:JiraAccount:2:5e9711ba34f7b90c0fbc37d3,Rankin Zheng,status,status,To Do,Open,TODO,TODO,2020-06-12T13:15:21.650+00:00,"{""ConnectionId"":2,""BoardId"":8}",_raw_jira_api_issues,12456,
jira:JiraIssueChangelogItems:2:11284:Workflow:0,jira:JiraIssue:2:10085,jira:JiraAccount:2:5e9711ba34f7b90c0fbc37d3,Rankin Zheng,,Workflow,Copy of Software Simplified Workflow for Project EED,jira,,,2020-06-12T13:15:21.650+00:00,"{""ConnectionId"":2,""BoardId"":8}",_raw_jira_api_issues,12456,
jira:JiraIssueChangelogItems:2:11312:assignee:0,jira:JiraIssue:2:10068,jira:JiraAccount:2:5e9711ba34f7b90c0fbc37d3,Rankin Zheng,assignee,assignee,jira:JiraAccount:2:5ecfbd0c730ec90c1999cadf,jira:JiraAccount:2:5ecfbd0c2490cf0c09e2e598,,,2020-06-12T13:47:07.670+00:00,"{""ConnectionId"":2,""BoardId"":8}",_raw_jira_api_issues,12446,
jira:JiraIssueChangelogItems:2:11436:RemoteIssueLink:0,jira:JiraIssue:2:10064,jira:JiraAccount:2:5e9711ba34f7b90c0fbc37d3,Rankin Zheng,,RemoteIssueLink,,"This issue links to ""Commit - Feat(EE-2): add issues stacked chart at quality report page (Web Link)""",,,2020-06-15T08:41:20.031+00:00,"{""ConnectionId"":2,""BoardId"":8}",_raw_jira_api_issues,12442,
jira:JiraIssueChangelogItems:2:11439:RemoteIssueLink:0,jira:JiraIssue:2:10064,jira:JiraAccount:2:5e9711ba34f7b90c0fbc37d3,Rankin Zheng,,RemoteIssueLink,,"This issue links to ""Commit - Feat(EE-2): add issues stacked chart at quality report page (Web Link)""",,,2020-06-15T08:51:58.635+00:00,"{""ConnectionId"":2,""BoardId"":8}",_raw_jira_api_issues,12442,
jira:JiraIssueChangelogItems:2:11440:RemoteIssueLink:0,jira:JiraIssue:2:10064,jira:JiraAccount:2:5e9711ba34f7b90c0fbc37d3,Rankin Zheng,,RemoteIssueLink,"This issue links to ""Commit - Feat(EE-2): add issues stacked chart at quality report page (Web Link)""","This issue links to ""Commit - Feat(EE-2): add issues stacked chart at quality report page (Web Link)""",,,2020-06-15T08:55:04.112+00:00,"{""ConnectionId"":2,""BoardId"":8}",_raw_jira_api_issues,12442,
jira:JiraIssueChangelogItems:2:11441:Fix Version:0,jira:JiraIssue:2:10076,jira:JiraAccount:2:5ecfbd0a47d31e0c2a15fd87,yuxiang,fixVersions,Fix Version,,v2.6.0,,,2020-06-15T08:59:51.341+00:00,"{""ConnectionId"":2,""BoardId"":8}",_raw_jira_api_issues,12450,
jira:JiraIssueChangelogItems:2:11441:resolution:0,jira:JiraIssue:2:10076,jira:JiraAccount:2:5ecfbd0a47d31e0c2a15fd87,yuxiang,resolution,resolution,,Done,,,2020-06-15T08:59:51.341+00:00,"{""ConnectionId"":2,""BoardId"":8}",_raw_jira_api_issues,12450,
jira:JiraIssueChangelogItems:2:11441:status:0,jira:JiraIssue:2:10076,jira:JiraAccount:2:5ecfbd0a47d31e0c2a15fd87,yuxiang,status,status,Open,Resolved,TODO,DONE,2020-06-15T08:59:51.341+00:00,"{""ConnectionId"":2,""BoardId"":8}",_raw_jira_api_issues,12450,
jira:JiraIssueChangelogItems:2:11441:timeestimate:0,jira:JiraIssue:2:10076,jira:JiraAccount:2:5ecfbd0a47d31e0c2a15fd87,yuxiang,timeestimate,timeestimate,14400,0,,,2020-06-15T08:59:51.341+00:00,"{""ConnectionId"":2,""BoardId"":8}",_raw_jira_api_issues,12450,
jira:JiraIssueChangelogItems:2:11441:timespent:0,jira:JiraIssue:2:10076,jira:JiraAccount:2:5ecfbd0a47d31e0c2a15fd87,yuxiang,timespent,timespent,,36000,,,2020-06-15T08:59:51.341+00:00,"{""ConnectionId"":2,""BoardId"":8}",_raw_jira_api_issues,12450,
jira:JiraIssueChangelogItems:2:11441:WorklogId:0,jira:JiraIssue:2:10076,jira:JiraAccount:2:5ecfbd0a47d31e0c2a15fd87,yuxiang,,WorklogId,,10006,,,2020-06-15T08:59:51.341+00:00,"{""ConnectionId"":2,""BoardId"":8}",_raw_jira_api_issues,12450,
jira:JiraIssueChangelogItems:2:11442:resolution:0,jira:JiraIssue:2:10077,jira:JiraAccount:2:5ecfbd0a47d31e0c2a15fd87,yuxiang,resolution,resolution,,Done,,,2020-06-15T09:00:27.015+00:00,"{""ConnectionId"":2,""BoardId"":8}",_raw_jira_api_issues,12451,
jira:JiraIssueChangelogItems:2:11442:status:0,jira:JiraIssue:2:10077,jira:JiraAccount:2:5ecfbd0a47d31e0c2a15fd87,yuxiang,status,status,Open,Resolved,TODO,DONE,2020-06-15T09:00:27.015+00:00,"{""ConnectionId"":2,""BoardId"":8}",_raw_jira_api_issues,12451,
jira:JiraIssueChangelogItems:2:11442:timeestimate:0,jira:JiraIssue:2:10077,jira:JiraAccount:2:5ecfbd0a47d31e0c2a15fd87,yuxiang,timeestimate,timeestimate,14400,0,,,2020-06-15T09:00:27.015+00:00,"{""ConnectionId"":2,""BoardId"":8}",_raw_jira_api_issues,12451,
jira:JiraIssueChangelogItems:2:11442:timespent:0,jira:JiraIssue:2:10077,jira:JiraAccount:2:5ecfbd0a47d31e0c2a15fd87,yuxiang,timespent,timespent,,14400,,,2020-06-15T09:00:27.015+00:00,"{""ConnectionId"":2,""BoardId"":8}",_raw_jira_api_issues,12451,
jira:JiraIssueChangelogItems:2:11442:WorklogId:0,jira:JiraIssue:2:10077,jira:JiraAccount:2:5ecfbd0a47d31e0c2a15fd87,yuxiang,,WorklogId,,10007,,,2020-06-15T09:00:27.015+00:00,"{""ConnectionId"":2,""BoardId"":8}",_raw_jira_api_issues,12451,
jira:JiraIssueChangelogItems:2:11443:timeestimate:0,jira:JiraIssue:2:10077,jira:JiraAccount:2:5ecfbd0a47d31e0c2a15fd87,yuxiang,timeestimate,timeestimate,0,0,,,2020-06-15T09:01:06.228+00:00,"{""ConnectionId"":2,""BoardId"":8}",_raw_jira_api_issues,12451,
jira:JiraIssueChangelogItems:2:11443:timespent:0,jira:JiraIssue:2:10077,jira:JiraAccount:2:5ecfbd0a47d31e0c2a15fd87,yuxiang,timespent,timespent,14400,28800,,,2020-06-15T09:01:06.228+00:00,"{""ConnectionId"":2,""BoardId"":8}",_raw_jira_api_issues,12451,
jira:JiraIssueChangelogItems:2:11443:WorklogId:0,jira:JiraIssue:2:10077,jira:JiraAccount:2:5ecfbd0a47d31e0c2a15fd87,yuxiang,,WorklogId,,10008,,,2020-06-15T09:01:06.228+00:00,"{""ConnectionId"":2,""BoardId"":8}",_raw_jira_api_issues,12451,
jira:JiraIssueChangelogItems:2:11444:resolution:0,jira:JiraIssue:2:10078,jira:JiraAccount:2:5ecfbd0a47d31e0c2a15fd87,yuxiang,resolution,resolution,,Done,,,2020-06-15T09:01:44.217+00:00,"{""ConnectionId"":2,""BoardId"":8}",_raw_jira_api_issues,12452,
jira:JiraIssueChangelogItems:2:11444:status:0,jira:JiraIssue:2:10078,jira:JiraAccount:2:5ecfbd0a47d31e0c2a15fd87,yuxiang,status,status,Open,Resolved,TODO,DONE,2020-06-15T09:01:44.217+00:00,"{""ConnectionId"":2,""BoardId"":8}",_raw_jira_api_issues,12452,
jira:JiraIssueChangelogItems:2:11444:timeestimate:0,jira:JiraIssue:2:10078,jira:JiraAccount:2:5ecfbd0a47d31e0c2a15fd87,yuxiang,timeestimate,timeestimate,,0,,,2020-06-15T09:01:44.217+00:00,"{""ConnectionId"":2,""BoardId"":8}",_raw_jira_api_issues,12452,
jira:JiraIssueChangelogItems:2:11444:timespent:0,jira:JiraIssue:2:10078,jira:JiraAccount:2:5ecfbd0a47d31e0c2a15fd87,yuxiang,timespent,timespent,,3600,,,2020-06-15T09:01:44.217+00:00,"{""ConnectionId"":2,""BoardId"":8}",_raw_jira_api_issues,12452,
jira:JiraIssueChangelogItems:2:11444:WorklogId:0,jira:JiraIssue:2:10078,jira:JiraAccount:2:5ecfbd0a47d31e0c2a15fd87,yuxiang,,WorklogId,,10009,,,2020-06-15T09:01:44.217+00:00,"{""ConnectionId"":2,""BoardId"":8}",_raw_jira_api_issues,12452,
jira:JiraIssueChangelogItems:2:11446:resolution:0,jira:JiraIssue:2:10097,jira:JiraAccount:2:5ecfbd0a47d31e0c2a15fd87,yuxiang,resolution,resolution,,Won't Do,,,2020-06-15T09:06:30.996+00:00,"{""ConnectionId"":2,""BoardId"":8}",_raw_jira_api_issues,12468,
jira:JiraIssueChangelogItems:2:11446:status:0,jira:JiraIssue:2:10097,jira:JiraAccount:2:5ecfbd0a47d31e0c2a15fd87,yuxiang,status,status,Open,Closed,TODO,DONE,2020-06-15T09:06:30.996+00:00,"{""ConnectionId"":2,""BoardId"":8}",_raw_jira_api_issues,12468,
jira:JiraIssueChangelogItems:2:11447:resolution:0,jira:JiraIssue:2:10092,jira:JiraAccount:2:5ecfbd0a47d31e0c2a15fd87,yuxiang,resolution,resolution,,Won't Do,,,2020-06-15T09:06:40.231+00:00,"{""ConnectionId"":2,""BoardId"":8}",_raw_jira_api_issues,12463,
jira:JiraIssueChangelogItems:2:11447:status:0,jira:JiraIssue:2:10092,jira:JiraAccount:2:5ecfbd0a47d31e0c2a15fd87,yuxiang,status,status,Open,Closed,TODO,DONE,2020-06-15T09:06:40.231+00:00,"{""ConnectionId"":2,""BoardId"":8}",_raw_jira_api_issues,12463,
jira:JiraIssueChangelogItems:2:11448:resolution:0,jira:JiraIssue:2:10088,jira:JiraAccount:2:5ecfbd0a47d31e0c2a15fd87,yuxiang,resolution,resolution,,Won't Do,,,2020-06-15T09:06:51.497+00:00,"{""ConnectionId"":2,""BoardId"":8}",_raw_jira_api_issues,12459,
jira:JiraIssueChangelogItems:2:11448:status:0,jira:JiraIssue:2:10088,jira:JiraAccount:2:5ecfbd0a47d31e0c2a15fd87,yuxiang,status,status,Open,Closed,TODO,DONE,2020-06-15T09:06:51.497+00:00,"{""ConnectionId"":2,""BoardId"":8}",_raw_jira_api_issues,12459,
jira:JiraIssueChangelogItems:2:11449:resolution:0,jira:JiraIssue:2:10085,jira:JiraAccount:2:5ecfbd0a47d31e0c2a15fd87,yuxiang,resolution,resolution,,Done,,,2020-06-15T09:07:56.858+00:00,"{""ConnectionId"":2,""BoardId"":8}",_raw_jira_api_issues,12456,
jira:JiraIssueChangelogItems:2:11449:status:0,jira:JiraIssue:2:10085,jira:JiraAccount:2:5ecfbd0a47d31e0c2a15fd87,yuxiang,status,status,Open,Resolved,TODO,DONE,2020-06-15T09:07:56.858+00:00,"{""ConnectionId"":2,""BoardId"":8}",_raw_jira_api_issues,12456,
jira:JiraIssueChangelogItems:2:11449:timeestimate:0,jira:JiraIssue:2:10085,jira:JiraAccount:2:5ecfbd0a47d31e0c2a15fd87,yuxiang,timeestimate,timeestimate,,0,,,2020-06-15T09:07:56.858+00:00,"{""ConnectionId"":2,""BoardId"":8}",_raw_jira_api_issues,12456,
jira:JiraIssueChangelogItems:2:11449:timespent:0,jira:JiraIssue:2:10085,jira:JiraAccount:2:5ecfbd0a47d31e0c2a15fd87,yuxiang,timespent,timespent,,3600,,,2020-06-15T09:07:56.858+00:00,"{""ConnectionId"":2,""BoardId"":8}",_raw_jira_api_issues,12456,
jira:JiraIssueChangelogItems:2:11449:WorklogId:0,jira:JiraIssue:2:10085,jira:JiraAccount:2:5ecfbd0a47d31e0c2a15fd87,yuxiang,,WorklogId,,10010,,,2020-06-15T09:07:56.858+00:00,"{""ConnectionId"":2,""BoardId"":8}",_raw_jira_api_issues,12456,
jira:JiraIssueChangelogItems:2:11477:RemoteIssueLink:0,jira:JiraIssue:2:10065,jira:JiraAccount:2:5e9711ba34f7b90c0fbc37d3,Rankin Zheng,,RemoteIssueLink,,"This issue links to ""Commit - Feat(EE-3): add issues grouped chart at quality report page (Web Link)""",,,2020-06-15T11:01:05.039+00:00,"{""ConnectionId"":2,""BoardId"":8}",_raw_jira_api_issues,12443,
jira:JiraIssueChangelogItems:2:11479:RemoteIssueLink:0,jira:JiraIssue:2:10066,jira:JiraAccount:2:5e9711ba34f7b90c0fbc37d3,Rankin Zheng,,RemoteIssueLink,,"This issue links to ""Commit - Feat(EE-4): preliminarily add issues distribution chart at quality report page (Web Link)""",,,2020-06-15T13:44:06.341+00:00,"{""ConnectionId"":2,""BoardId"":8}",_raw_jira_api_issues,12444,
jira:JiraIssueChangelogItems:2:11484:assignee:0,jira:JiraIssue:2:10087,jira:JiraAccount:2:5e9711ba34f7b90c0fbc37d3,Rankin Zheng,assignee,assignee,jira:JiraAccount:2:5e9711ba34f7b90c0fbc37d3,jira:JiraAccount:2:5ecfbd0c730ec90c1999cadf,,,2020-06-16T00:03:25.326+00:00,"{""ConnectionId"":2,""BoardId"":8}",_raw_jira_api_issues,12458,
jira:JiraIssueChangelogItems:2:11512:resolution:0,jira:JiraIssue:2:10068,jira:JiraAccount:2:5ecfbd0c2490cf0c09e2e598,Gerile Tu,resolution,resolution,,Done,,,2020-06-16T11:56:14.484+00:00,"{""ConnectionId"":2,""BoardId"":8}",_raw_jira_api_issues,12446,
jira:JiraIssueChangelogItems:2:11512:status:0,jira:JiraIssue:2:10068,jira:JiraAccount:2:5ecfbd0c2490cf0c09e2e598,Gerile Tu,status,status,Open,Resolved,TODO,DONE,2020-06-16T11:56:14.484+00:00,"{""ConnectionId"":2,""BoardId"":8}",_raw_jira_api_issues,12446,
jira:JiraIssueChangelogItems:2:11537:status:0,jira:JiraIssue:2:10085,jira:JiraAccount:2:5ecfbd0beb77320c1f821a26,Wei Qi,status,status,Resolved,Closed,DONE,DONE,2020-06-17T03:08:17.806+00:00,"{""ConnectionId"":2,""BoardId"":8}",_raw_jira_api_issues,12456,
jira:JiraIssueChangelogItems:2:11559:RemoteIssueLink:0,jira:JiraIssue:2:10065,jira:JiraAccount:2:5e9711ba34f7b90c0fbc37d3,Rankin Zheng,,RemoteIssueLink,"This issue links to ""Commit - Feat(EE-3): add issues grouped chart at quality report page (Web Link)""","This issue links to ""Commit - Feat(EE-3): add issues grouped chart at quality report page (Web Link)""",,,2020-06-17T04:03:42.770+00:00,"{""ConnectionId"":2,""BoardId"":8}",_raw_jira_api_issues,12443,
jira:JiraIssueChangelogItems:2:11560:RemoteIssueLink:0,jira:JiraIssue:2:10066,jira:JiraAccount:2:5e9711ba34f7b90c0fbc37d3,Rankin Zheng,,RemoteIssueLink,"This issue links to ""Commit - Feat(EE-4): preliminarily add issues distribution chart at quality report page (Web Link)""","This issue links to ""Commit - Feat(EE-4): preliminarily add issues distribution chart at quality report page (Web Link)""",,,2020-06-17T04:03:43.430+00:00,"{""ConnectionId"":2,""BoardId"":8}",_raw_jira_api_issues,12444,
jira:JiraIssueChangelogItems:2:11562:RemoteIssueLink:0,jira:JiraIssue:2:10063,jira:JiraAccount:2:5e9711ba34f7b90c0fbc37d3,Rankin Zheng,,RemoteIssueLink,,"This issue links to ""Commit - Feat(EE-1): add modularity metric chart (Web Link)""",,,2020-06-17T05:04:05.111+00:00,"{""ConnectionId"":2,""BoardId"":8}",_raw_jira_api_issues,12441,
jira:JiraIssueChangelogItems:2:11570:RemoteIssueLink:0,jira:JiraIssue:2:10065,jira:JiraAccount:2:5e9711ba34f7b90c0fbc37d3,Rankin Zheng,,RemoteIssueLink,"This issue links to ""Commit - Feat(EE-3): add issues grouped chart at quality report page (Web Link)""","This issue links to ""Commit - Feat(EE-3): add issues grouped chart at quality report page (Web Link)""",,,2020-06-17T06:02:55.253+00:00,"{""ConnectionId"":2,""BoardId"":8}",_raw_jira_api_issues,12443,
jira:JiraIssueChangelogItems:2:11571:RemoteIssueLink:0,jira:JiraIssue:2:10063,jira:JiraAccount:2:5e9711ba34f7b90c0fbc37d3,Rankin Zheng,,RemoteIssueLink,"This issue links to ""Commit - Feat(EE-1): add modularity metric chart (Web Link)""","This issue links to ""Commit - Feat(EE-1): add modularity metric chart (Web Link)""",,,2020-06-17T06:02:55.382+00:00,"{""ConnectionId"":2,""BoardId"":8}",_raw_jira_api_issues,12441,
jira:JiraIssueChangelogItems:2:11573:RemoteIssueLink:0,jira:JiraIssue:2:10066,jira:JiraAccount:2:5e9711ba34f7b90c0fbc37d3,Rankin Zheng,,RemoteIssueLink,"This issue links to ""Commit - Feat(EE-4): preliminarily add issues distribution chart at quality report page (Web Link)""","This issue links to ""Commit - Feat(EE-4): preliminarily add issues distribution chart at quality report page (Web Link)""",,,2020-06-17T06:02:55.531+00:00,"{""ConnectionId"":2,""BoardId"":8}",_raw_jira_api_issues,12444,
jira:JiraIssueChangelogItems:2:11575:RemoteIssueLink:0,jira:JiraIssue:2:10064,jira:JiraAccount:2:5e9711ba34f7b90c0fbc37d3,Rankin Zheng,,RemoteIssueLink,"This issue links to ""Commit - Feat(EE-2): add issues stacked chart at quality report page (Web Link)""","This issue links to ""Commit - Feat(EE-2): add issues stacked chart at quality report page (Web Link)""",,,2020-06-17T06:02:56.238+00:00,"{""ConnectionId"":2,""BoardId"":8}",_raw_jira_api_issues,12442,
jira:JiraIssueChangelogItems:2:11579:Sprint:0,jira:JiraIssue:2:10082,jira:JiraAccount:2:5e9711ba34f7b90c0fbc37d3,Rankin Zheng,customfield_10020,Sprint,jira:JiraSprint:2:9,,,,2020-06-17T07:23:46.098+00:00,"{""ConnectionId"":2,""BoardId"":8}",_raw_jira_api_issues,12455,
jira:JiraIssueChangelogItems:2:11580:Rank:0,jira:JiraIssue:2:10082,jira:JiraAccount:2:5e9711ba34f7b90c0fbc37d3,Rankin Zheng,customfield_10019,Rank,,Ranked lower,,,2020-06-17T07:23:46.207+00:00,"{""ConnectionId"":2,""BoardId"":8}",_raw_jira_api_issues,12455,
jira:JiraIssueChangelogItems:2:11594:timeestimate:0,jira:JiraIssue:2:10082,jira:JiraAccount:2:5e9711ba34f7b90c0fbc37d3,Rankin Zheng,timeestimate,timeestimate,,0,,,2020-06-17T07:25:47.136+00:00,"{""ConnectionId"":2,""BoardId"":8}",_raw_jira_api_issues,12455,
jira:JiraIssueChangelogItems:2:11594:timeoriginalestimate:0,jira:JiraIssue:2:10082,jira:JiraAccount:2:5e9711ba34f7b90c0fbc37d3,Rankin Zheng,timeoriginalestimate,timeoriginalestimate,,0,,,2020-06-17T07:25:47.136+00:00,"{""ConnectionId"":2,""BoardId"":8}",_raw_jira_api_issues,12455,
jira:JiraIssueChangelogItems:2:11595:resolution:0,jira:JiraIssue:2:10082,jira:JiraAccount:2:5e9711ba34f7b90c0fbc37d3,Rankin Zheng,resolution,resolution,,Won't Do,,,2020-06-17T07:25:54.426+00:00,"{""ConnectionId"":2,""BoardId"":8}",_raw_jira_api_issues,12455,
jira:JiraIssueChangelogItems:2:11595:status:0,jira:JiraIssue:2:10082,jira:JiraAccount:2:5e9711ba34f7b90c0fbc37d3,Rankin Zheng,status,status,Open,Closed,TODO,DONE,2020-06-17T07:25:54.426+00:00,"{""ConnectionId"":2,""BoardId"":8}",_raw_jira_api_issues,12455,
jira:JiraIssueChangelogItems:2:11598:Sprint:0,jira:JiraIssue:2:10079,jira:JiraAccount:2:5ecfbd0a47d31e0c2a15fd87,yuxiang,customfield_10020,Sprint,jira:JiraSprint:2:7,jira:JiraSprint:2:9,,,2020-06-17T07:26:56.197+00:00,"{""ConnectionId"":2,""BoardId"":8}",_raw_jira_api_issues,12453,
jira:JiraIssueChangelogItems:2:11599:Rank:0,jira:JiraIssue:2:10079,jira:JiraAccount:2:5ecfbd0a47d31e0c2a15fd87,yuxiang,customfield_10019,Rank,,Ranked lower,,,2020-06-17T07:26:56.257+00:00,"{""ConnectionId"":2,""BoardId"":8}",_raw_jira_api_issues,12453,
jira:JiraIssueChangelogItems:2:11600:Sprint:0,jira:JiraIssue:2:10079,jira:JiraAccount:2:5ecfbd0a47d31e0c2a15fd87,yuxiang,customfield_10020,Sprint,jira:JiraSprint:2:9,,,,2020-06-17T07:27:15.198+00:00,"{""ConnectionId"":2,""BoardId"":8}",_raw_jira_api_issues,12453,
jira:JiraIssueChangelogItems:2:11601:Rank:0,jira:JiraIssue:2:10079,jira:JiraAccount:2:5ecfbd0a47d31e0c2a15fd87,yuxiang,customfield_10019,Rank,,Ranked higher,,,2020-06-17T07:27:15.311+00:00,"{""ConnectionId"":2,""BoardId"":8}",_raw_jira_api_issues,12453,
jira:JiraIssueChangelogItems:2:11615:Sprint:0,jira:JiraIssue:2:10079,jira:JiraAccount:2:5e9711ba34f7b90c0fbc37d3,Rankin Zheng,customfield_10020,Sprint,,jira:JiraSprint:2:9,,,2020-06-17T07:29:43.593+00:00,"{""ConnectionId"":2,""BoardId"":8}",_raw_jira_api_issues,12453,
jira:JiraIssueChangelogItems:2:11616:Rank:0,jira:JiraIssue:2:10079,jira:JiraAccount:2:5e9711ba34f7b90c0fbc37d3,Rankin Zheng,customfield_10019,Rank,,Ranked lower,,,2020-06-17T07:29:43.703+00:00,"{""ConnectionId"":2,""BoardId"":8}",_raw_jira_api_issues,12453,
jira:JiraIssueChangelogItems:2:11619:assignee:0,jira:JiraIssue:2:10079,jira:JiraAccount:2:5e9711ba34f7b90c0fbc37d3,Rankin Zheng,assignee,assignee,jira:JiraAccount:2:5ecfbd0a47d31e0c2a15fd87,,,,2020-06-17T07:30:11.259+00:00,"{""ConnectionId"":2,""BoardId"":8}",_raw_jira_api_issues,12453,
jira:JiraIssueChangelogItems:2:11628:Fix Version:0,jira:JiraIssue:2:10079,jira:JiraAccount:2:5e9711ba34f7b90c0fbc37d3,Rankin Zheng,fixVersions,Fix Version,v2.7.0,,,,2020-06-17T07:32:00.205+00:00,"{""ConnectionId"":2,""BoardId"":8}",_raw_jira_api_issues,12453,
jira:JiraIssueChangelogItems:2:11767:Fix Version:0,jira:JiraIssue:2:10087,jira:JiraAccount:2:5ecfbd0c730ec90c1999cadf,Dingding Zhang,fixVersions,Fix Version,,v2.7.0,,,2020-06-18T04:02:22.406+00:00,"{""ConnectionId"":2,""BoardId"":8}",_raw_jira_api_issues,12458,
jira:JiraIssueChangelogItems:2:11767:resolution:0,jira:JiraIssue:2:10087,jira:JiraAccount:2:5ecfbd0c730ec90c1999cadf,Dingding Zhang,resolution,resolution,,Done,,,2020-06-18T04:02:22.406+00:00,"{""ConnectionId"":2,""BoardId"":8}",_raw_jira_api_issues,12458,
jira:JiraIssueChangelogItems:2:11767:status:0,jira:JiraIssue:2:10087,jira:JiraAccount:2:5ecfbd0c730ec90c1999cadf,Dingding Zhang,status,status,In Progress,Resolved,IN_PROGRESS,DONE,2020-06-18T04:02:22.406+00:00,"{""ConnectionId"":2,""BoardId"":8}",_raw_jira_api_issues,12458,
jira:JiraIssueChangelogItems:2:11768:Fix Version:0,jira:JiraIssue:2:10090,jira:JiraAccount:2:5ecfbd0c730ec90c1999cadf,Dingding Zhang,fixVersions,Fix Version,,v2.7.0,,,2020-06-18T04:03:04.692+00:00,"{""ConnectionId"":2,""BoardId"":8}",_raw_jira_api_issues,12461,
jira:JiraIssueChangelogItems:2:11768:resolution:0,jira:JiraIssue:2:10090,jira:JiraAccount:2:5ecfbd0c730ec90c1999cadf,Dingding Zhang,resolution,resolution,,Done,,,2020-06-18T04:03:04.692+00:00,"{""ConnectionId"":2,""BoardId"":8}",_raw_jira_api_issues,12461,
jira:JiraIssueChangelogItems:2:11768:status:0,jira:JiraIssue:2:10090,jira:JiraAccount:2:5ecfbd0c730ec90c1999cadf,Dingding Zhang,status,status,Open,Resolved,TODO,DONE,2020-06-18T04:03:04.692+00:00,"{""ConnectionId"":2,""BoardId"":8}",_raw_jira_api_issues,12461,
jira:JiraIssueChangelogItems:2:11769:Fix Version:0,jira:JiraIssue:2:10091,jira:JiraAccount:2:5ecfbd0c730ec90c1999cadf,Dingding Zhang,fixVersions,Fix Version,,v2.7.0,,,2020-06-18T04:03:30.821+00:00,"{""ConnectionId"":2,""BoardId"":8}",_raw_jira_api_issues,12462,
jira:JiraIssueChangelogItems:2:11769:resolution:0,jira:JiraIssue:2:10091,jira:JiraAccount:2:5ecfbd0c730ec90c1999cadf,Dingding Zhang,resolution,resolution,,Done,,,2020-06-18T04:03:30.821+00:00,"{""ConnectionId"":2,""BoardId"":8}",_raw_jira_api_issues,12462,
jira:JiraIssueChangelogItems:2:11769:status:0,jira:JiraIssue:2:10091,jira:JiraAccount:2:5ecfbd0c730ec90c1999cadf,Dingding Zhang,status,status,Open,Resolved,TODO,DONE,2020-06-18T04:03:30.821+00:00,"{""ConnectionId"":2,""BoardId"":8}",_raw_jira_api_issues,12462,
jira:JiraIssueChangelogItems:2:11771:Fix Version:0,jira:JiraIssue:2:10094,jira:JiraAccount:2:5ecfbd0c730ec90c1999cadf,Dingding Zhang,fixVersions,Fix Version,,v2.7.0,,,2020-06-18T04:03:48.870+00:00,"{""ConnectionId"":2,""BoardId"":8}",_raw_jira_api_issues,12465,
jira:JiraIssueChangelogItems:2:11771:resolution:0,jira:JiraIssue:2:10094,jira:JiraAccount:2:5ecfbd0c730ec90c1999cadf,Dingding Zhang,resolution,resolution,,Done,,,2020-06-18T04:03:48.870+00:00,"{""ConnectionId"":2,""BoardId"":8}",_raw_jira_api_issues,12465,
jira:JiraIssueChangelogItems:2:11771:status:0,jira:JiraIssue:2:10094,jira:JiraAccount:2:5ecfbd0c730ec90c1999cadf,Dingding Zhang,status,status,Open,Resolved,TODO,DONE,2020-06-18T04:03:48.870+00:00,"{""ConnectionId"":2,""BoardId"":8}",_raw_jira_api_issues,12465,
jira:JiraIssueChangelogItems:2:11772:Fix Version:0,jira:JiraIssue:2:10096,jira:JiraAccount:2:5ecfbd0c730ec90c1999cadf,Dingding Zhang,fixVersions,Fix Version,,v2.7.0,,,2020-06-18T04:04:06.008+00:00,"{""ConnectionId"":2,""BoardId"":8}",_raw_jira_api_issues,12467,
jira:JiraIssueChangelogItems:2:11772:resolution:0,jira:JiraIssue:2:10096,jira:JiraAccount:2:5ecfbd0c730ec90c1999cadf,Dingding Zhang,resolution,resolution,,Done,,,2020-06-18T04:04:06.008+00:00,"{""ConnectionId"":2,""BoardId"":8}",_raw_jira_api_issues,12467,
jira:JiraIssueChangelogItems:2:11772:status:0,jira:JiraIssue:2:10096,jira:JiraAccount:2:5ecfbd0c730ec90c1999cadf,Dingding Zhang,status,status,Open,Resolved,TODO,DONE,2020-06-18T04:04:06.008+00:00,"{""ConnectionId"":2,""BoardId"":8}",_raw_jira_api_issues,12467,
jira:JiraIssueChangelogItems:2:11773:Fix Version:0,jira:JiraIssue:2:10099,jira:JiraAccount:2:5ecfbd0c730ec90c1999cadf,Dingding Zhang,fixVersions,Fix Version,,v2.7.0,,,2020-06-18T04:04:31.375+00:00,"{""ConnectionId"":2,""BoardId"":8}",_raw_jira_api_issues,12470,
jira:JiraIssueChangelogItems:2:11773:resolution:0,jira:JiraIssue:2:10099,jira:JiraAccount:2:5ecfbd0c730ec90c1999cadf,Dingding Zhang,resolution,resolution,,Done,,,2020-06-18T04:04:31.375+00:00,"{""ConnectionId"":2,""BoardId"":8}",_raw_jira_api_issues,12470,
jira:JiraIssueChangelogItems:2:11773:status:0,jira:JiraIssue:2:10099,jira:JiraAccount:2:5ecfbd0c730ec90c1999cadf,Dingding Zhang,status,status,Open,Resolved,TODO,DONE,2020-06-18T04:04:31.375+00:00,"{""ConnectionId"":2,""BoardId"":8}",_raw_jira_api_issues,12470,
jira:JiraIssueChangelogItems:2:11777:resolution:0,jira:JiraIssue:2:10067,jira:JiraAccount:2:5ecfbd0c730ec90c1999cadf,Dingding Zhang,resolution,resolution,,Done,,,2020-06-18T04:06:00.814+00:00,"{""ConnectionId"":2,""BoardId"":8}",_raw_jira_api_issues,12445,
jira:JiraIssueChangelogItems:2:11777:status:0,jira:JiraIssue:2:10067,jira:JiraAccount:2:5ecfbd0c730ec90c1999cadf,Dingding Zhang,status,status,Open,Resolved,TODO,DONE,2020-06-18T04:06:00.814+00:00,"{""ConnectionId"":2,""BoardId"":8}",_raw_jira_api_issues,12445,
jira:JiraIssueChangelogItems:2:11832:resolution:0,jira:JiraIssue:2:10081,jira:JiraAccount:2:5ecfbd0aaa47a00c1997ea8e,chao.cheng,resolution,resolution,,Done,,,2020-06-18T08:34:11.171+00:00,"{""ConnectionId"":2,""BoardId"":8}",_raw_jira_api_issues,12454,
jira:JiraIssueChangelogItems:2:11832:status:0,jira:JiraIssue:2:10081,jira:JiraAccount:2:5ecfbd0aaa47a00c1997ea8e,chao.cheng,status,status,Open,Resolved,TODO,DONE,2020-06-18T08:34:11.171+00:00,"{""ConnectionId"":2,""BoardId"":8}",_raw_jira_api_issues,12454,
jira:JiraIssueChangelogItems:2:11861:RemoteIssueLink:0,jira:JiraIssue:2:10065,jira:JiraAccount:2:5e9711ba34f7b90c0fbc37d3,Rankin Zheng,,RemoteIssueLink,"This issue links to ""Commit - Feat(EE-3): add issues grouped chart at quality report page (Web Link)""","This issue links to ""Commit - Feat(EE-3): add issues grouped chart at quality report page (Web Link)""",,,2020-06-18T13:30:36.370+00:00,"{""ConnectionId"":2,""BoardId"":8}",_raw_jira_api_issues,12443,
jira:JiraIssueChangelogItems:2:11862:RemoteIssueLink:0,jira:JiraIssue:2:10064,jira:JiraAccount:2:5e9711ba34f7b90c0fbc37d3,Rankin Zheng,,RemoteIssueLink,"This issue links to ""Commit - Feat(EE-2): add issues stacked chart at quality report page (Web Link)""","This issue links to ""Commit - Feat(EE-2): add issues stacked chart at quality report page (Web Link)""",,,2020-06-18T13:30:36.375+00:00,"{""ConnectionId"":2,""BoardId"":8}",_raw_jira_api_issues,12442,
jira:JiraIssueChangelogItems:2:11864:RemoteIssueLink:0,jira:JiraIssue:2:10066,jira:JiraAccount:2:5e9711ba34f7b90c0fbc37d3,Rankin Zheng,,RemoteIssueLink,"This issue links to ""Commit - Feat(EE-4): preliminarily add issues distribution chart at quality report page (Web Link)""","This issue links to ""Commit - Feat(EE-4): preliminarily add issues distribution chart at quality report page (Web Link)""",,,2020-06-18T13:30:36.475+00:00,"{""ConnectionId"":2,""BoardId"":8}",_raw_jira_api_issues,12444,
jira:JiraIssueChangelogItems:2:11868:RemoteIssueLink:0,jira:JiraIssue:2:10063,jira:JiraAccount:2:5e9711ba34f7b90c0fbc37d3,Rankin Zheng,,RemoteIssueLink,"This issue links to ""Commit - Feat(EE-1): add modularity metric chart (Web Link)""","This issue links to ""Commit - Feat(EE-1): add modularity metric chart (Web Link)""",,,2020-06-18T13:30:37.106+00:00,"{""ConnectionId"":2,""BoardId"":8}",_raw_jira_api_issues,12441,
jira:JiraIssueChangelogItems:2:12025:resolution:0,jira:JiraIssue:2:10063,jira:JiraAccount:2:5e9711ba34f7b90c0fbc37d3,Rankin Zheng,resolution,resolution,,Done,,,2020-06-19T06:31:18.526+00:00,"{""ConnectionId"":2,""BoardId"":8}",_raw_jira_api_issues,12441,
jira:JiraIssueChangelogItems:2:12025:status:0,jira:JiraIssue:2:10063,jira:JiraAccount:2:5e9711ba34f7b90c0fbc37d3,Rankin Zheng,status,status,Open,Closed,TODO,DONE,2020-06-19T06:31:18.526+00:00,"{""ConnectionId"":2,""BoardId"":8}",_raw_jira_api_issues,12441,
jira:JiraIssueChangelogItems:2:12026:resolution:0,jira:JiraIssue:2:10089,jira:JiraAccount:2:5e9711ba34f7b90c0fbc37d3,Rankin Zheng,resolution,resolution,,Done,,,2020-06-19T06:31:31.696+00:00,"{""ConnectionId"":2,""BoardId"":8}",_raw_jira_api_issues,12460,
jira:JiraIssueChangelogItems:2:12026:status:0,jira:JiraIssue:2:10089,jira:JiraAccount:2:5e9711ba34f7b90c0fbc37d3,Rankin Zheng,status,status,Open,Resolved,TODO,DONE,2020-06-19T06:31:31.696+00:00,"{""ConnectionId"":2,""BoardId"":8}",_raw_jira_api_issues,12460,
jira:JiraIssueChangelogItems:2:12027:resolution:0,jira:JiraIssue:2:10095,jira:JiraAccount:2:5e9711ba34f7b90c0fbc37d3,Rankin Zheng,resolution,resolution,,Done,,,2020-06-19T06:32:19.398+00:00,"{""ConnectionId"":2,""BoardId"":8}",_raw_jira_api_issues,12466,
jira:JiraIssueChangelogItems:2:12027:status:0,jira:JiraIssue:2:10095,jira:JiraAccount:2:5e9711ba34f7b90c0fbc37d3,Rankin Zheng,status,status,Open,Closed,TODO,DONE,2020-06-19T06:32:19.398+00:00,"{""ConnectionId"":2,""BoardId"":8}",_raw_jira_api_issues,12466,
jira:JiraIssueChangelogItems:2:12032:Sprint:0,jira:JiraIssue:2:10081,jira:JiraAccount:2:5e9711ba34f7b90c0fbc37d3,Rankin Zheng,customfield_10020,Sprint,jira:JiraSprint:2:7,,,,2020-06-19T06:44:09.533+00:00,"{""ConnectionId"":2,""BoardId"":8}",_raw_jira_api_issues,12454,
jira:JiraIssueChangelogItems:2:12049:resolution:0,jira:JiraIssue:2:10093,jira:JiraAccount:2:5ecfbd0ba04d9c0c220c18d8,yanghui,resolution,resolution,,Done,,,2020-06-19T07:35:31.796+00:00,"{""ConnectionId"":2,""BoardId"":8}",_raw_jira_api_issues,12464,
jira:JiraIssueChangelogItems:2:12049:status:0,jira:JiraIssue:2:10093,jira:JiraAccount:2:5ecfbd0ba04d9c0c220c18d8,yanghui,status,status,Open,Resolved,TODO,DONE,2020-06-19T07:35:31.796+00:00,"{""ConnectionId"":2,""BoardId"":8}",_raw_jira_api_issues,12464,
jira:JiraIssueChangelogItems:2:12050:resolution:0,jira:JiraIssue:2:10098,jira:JiraAccount:2:5ecfbd0ba04d9c0c220c18d8,yanghui,resolution,resolution,,Done,,,2020-06-19T07:35:44.754+00:00,"{""ConnectionId"":2,""BoardId"":8}",_raw_jira_api_issues,12469,
jira:JiraIssueChangelogItems:2:12050:status:0,jira:JiraIssue:2:10098,jira:JiraAccount:2:5ecfbd0ba04d9c0c220c18d8,yanghui,status,status,Open,Resolved,TODO,DONE,2020-06-19T07:35:44.754+00:00,"{""ConnectionId"":2,""BoardId"":8}",_raw_jira_api_issues,12469,
jira:JiraIssueChangelogItems:2:12135:assignee:0,jira:JiraIssue:2:10079,jira:JiraAccount:2:5ecfbd0a47d31e0c2a15fd87,yuxiang,assignee,assignee,,jira:JiraAccount:2:5ecfbd0a47d31e0c2a15fd87,,,2020-06-19T09:04:15.318+00:00,"{""ConnectionId"":2,""BoardId"":8}",_raw_jira_api_issues,12453,
jira:JiraIssueChangelogItems:2:12308:RemoteIssueLink:0,jira:JiraIssue:2:10064,jira:JiraAccount:2:5e9711ba34f7b90c0fbc37d3,Rankin Zheng,,RemoteIssueLink,"This issue links to ""Commit - Feat(EE-2): add issues stacked chart at quality report page (Web Link)""","This issue links to ""Commit - Feat(EE-2): add issues stacked chart at quality report page (Web Link)""",,,2020-06-22T00:55:48.499+00:00,"{""ConnectionId"":2,""BoardId"":8}",_raw_jira_api_issues,12442,
jira:JiraIssueChangelogItems:2:12311:RemoteIssueLink:0,jira:JiraIssue:2:10066,jira:JiraAccount:2:5e9711ba34f7b90c0fbc37d3,Rankin Zheng,,RemoteIssueLink,"This issue links to ""Commit - Feat(EE-4): preliminarily add issues distribution chart at quality report page (Web Link)""","This issue links to ""Commit - Feat(EE-4): preliminarily add issues distribution chart at quality report page (Web Link)""",,,2020-06-22T00:55:48.608+00:00,"{""ConnectionId"":2,""BoardId"":8}",_raw_jira_api_issues,12444,
jira:JiraIssueChangelogItems:2:12312:RemoteIssueLink:0,jira:JiraIssue:2:10065,jira:JiraAccount:2:5e9711ba34f7b90c0fbc37d3,Rankin Zheng,,RemoteIssueLink,"This issue links to ""Commit - Feat(EE-3): add issues grouped chart at quality report page (Web Link)""","This issue links to ""Commit - Feat(EE-3): add issues grouped chart at quality report page (Web Link)""",,,2020-06-22T00:55:48.699+00:00,"{""ConnectionId"":2,""BoardId"":8}",_raw_jira_api_issues,12443,
jira:JiraIssueChangelogItems:2:12316:RemoteIssueLink:0,jira:JiraIssue:2:10063,jira:JiraAccount:2:5e9711ba34f7b90c0fbc37d3,Rankin Zheng,,RemoteIssueLink,"This issue links to ""Commit - Feat(EE-1): add modularity metric chart (Web Link)""","This issue links to ""Commit - Feat(EE-1): add modularity metric chart (Web Link)""",,,2020-06-22T00:55:50.022+00:00,"{""ConnectionId"":2,""BoardId"":8}",_raw_jira_api_issues,12441,
jira:JiraIssueChangelogItems:2:12326:RemoteIssueLink:0,jira:JiraIssue:2:10065,jira:JiraAccount:2:5e9711ba34f7b90c0fbc37d3,Rankin Zheng,,RemoteIssueLink,"This issue links to ""Commit - Feat(EE-3): add issues grouped chart at quality report page (Web Link)""","This issue links to ""Commit - Feat(EE-3): add issues grouped chart at quality report page (Web Link)""",,,2020-06-22T02:14:46.848+00:00,"{""ConnectionId"":2,""BoardId"":8}",_raw_jira_api_issues,12443,
jira:JiraIssueChangelogItems:2:12328:RemoteIssueLink:0,jira:JiraIssue:2:10063,jira:JiraAccount:2:5e9711ba34f7b90c0fbc37d3,Rankin Zheng,,RemoteIssueLink,"This issue links to ""Commit - Feat(EE-1): add modularity metric chart (Web Link)""","This issue links to ""Commit - Feat(EE-1): add modularity metric chart (Web Link)""",,,2020-06-22T02:14:46.923+00:00,"{""ConnectionId"":2,""BoardId"":8}",_raw_jira_api_issues,12441,
jira:JiraIssueChangelogItems:2:12333:RemoteIssueLink:0,jira:JiraIssue:2:10064,jira:JiraAccount:2:5e9711ba34f7b90c0fbc37d3,Rankin Zheng,,RemoteIssueLink,"This issue links to ""Commit - Feat(EE-2): add issues stacked chart at quality report page (Web Link)""","This issue links to ""Commit - Feat(EE-2): add issues stacked chart at quality report page (Web Link)""",,,2020-06-22T02:14:47.258+00:00,"{""ConnectionId"":2,""BoardId"":8}",_raw_jira_api_issues,12442,
jira:JiraIssueChangelogItems:2:12334:RemoteIssueLink:0,jira:JiraIssue:2:10066,jira:JiraAccount:2:5e9711ba34f7b90c0fbc37d3,Rankin Zheng,,RemoteIssueLink,"This issue links to ""Commit - Feat(EE-4): preliminarily add issues distribution chart at quality report page (Web Link)""","This issue links to ""Commit - Feat(EE-4): preliminarily add issues distribution chart at quality report page (Web Link)""",,,2020-06-22T02:14:47.263+00:00,"{""ConnectionId"":2,""BoardId"":8}",_raw_jira_api_issues,12444,
jira:JiraIssueChangelogItems:2:123813:Workflow:0,jira:JiraIssue:2:10085,jira:JiraAccount:2:5e9711ba34f7b90c0fbc37d3,Rankin Zheng,,Workflow,Software Simplified Workflow for Project EE-story2,Software Simplified Workflow for Project EE-bug2,,,2021-07-04T07:20:04.725+00:00,"{""ConnectionId"":2,""BoardId"":8}",_raw_jira_api_issues,12456,
jira:JiraIssueChangelogItems:2:12453:RemoteIssueLink:0,jira:JiraIssue:2:10063,jira:JiraAccount:2:5e9711ba34f7b90c0fbc37d3,Rankin Zheng,,RemoteIssueLink,"This issue links to ""Commit - Feat(EE-1): add modularity metric chart (Web Link)""","This issue links to ""Commit - Feat(EE-1): add modularity metric chart (Web Link)""",,,2020-06-22T20:13:59.800+00:00,"{""ConnectionId"":2,""BoardId"":8}",_raw_jira_api_issues,12441,
jira:JiraIssueChangelogItems:2:12501:RemoteIssueLink:0,jira:JiraIssue:2:10063,jira:JiraAccount:2:5e9711ba34f7b90c0fbc37d3,Rankin Zheng,,RemoteIssueLink,"This issue links to ""Commit - Feat(EE-1): add modularity metric chart (Web Link)""","This issue links to ""Commit - Feat(EE-1): add modularity metric chart (Web Link)""",,,2020-06-23T05:25:47.592+00:00,"{""ConnectionId"":2,""BoardId"":8}",_raw_jira_api_issues,12441,
jira:JiraIssueChangelogItems:2:12559:resolution:0,jira:JiraIssue:2:10064,jira:JiraAccount:2:5ecfbd0c730ec90c1999cadf,Dingding Zhang,resolution,resolution,,Done,,,2020-06-23T10:20:59.052+00:00,"{""ConnectionId"":2,""BoardId"":8}",_raw_jira_api_issues,12442,
jira:JiraIssueChangelogItems:2:12559:status:0,jira:JiraIssue:2:10064,jira:JiraAccount:2:5ecfbd0c730ec90c1999cadf,Dingding Zhang,status,status,Open,Resolved,TODO,DONE,2020-06-23T10:20:59.052+00:00,"{""ConnectionId"":2,""BoardId"":8}",_raw_jira_api_issues,12442,
jira:JiraIssueChangelogItems:2:12560:resolution:0,jira:JiraIssue:2:10065,jira:JiraAccount:2:5ecfbd0c730ec90c1999cadf,Dingding Zhang,resolution,resolution,,Done,,,2020-06-23T10:21:12.046+00:00,"{""ConnectionId"":2,""BoardId"":8}",_raw_jira_api_issues,12443,
jira:JiraIssueChangelogItems:2:12560:status:0,jira:JiraIssue:2:10065,jira:JiraAccount:2:5ecfbd0c730ec90c1999cadf,Dingding Zhang,status,status,Open,Resolved,TODO,DONE,2020-06-23T10:21:12.046+00:00,"{""ConnectionId"":2,""BoardId"":8}",_raw_jira_api_issues,12443,
jira:JiraIssueChangelogItems:2:12561:resolution:0,jira:JiraIssue:2:10066,jira:JiraAccount:2:5ecfbd0c730ec90c1999cadf,Dingding Zhang,resolution,resolution,,Done,,,2020-06-23T10:21:23.606+00:00,"{""ConnectionId"":2,""BoardId"":8}",_raw_jira_api_issues,12444,
jira:JiraIssueChangelogItems:2:12561:status:0,jira:JiraIssue:2:10066,jira:JiraAccount:2:5ecfbd0c730ec90c1999cadf,Dingding Zhang,status,status,Open,Resolved,TODO,DONE,2020-06-23T10:21:23.606+00:00,"{""ConnectionId"":2,""BoardId"":8}",_raw_jira_api_issues,12444,
jira:JiraIssueChangelogItems:2:12717:RemoteIssueLink:0,jira:JiraIssue:2:10063,jira:JiraAccount:2:5e9711ba34f7b90c0fbc37d3,Rankin Zheng,,RemoteIssueLink,"This issue links to ""Commit - Feat(EE-1): add modularity metric chart (Web Link)""","This issue links to ""Commit - Feat(EE-1): add modularity metric chart (Web Link)""",,,2020-06-25T03:45:28.098+00:00,"{""ConnectionId"":2,""BoardId"":8}",_raw_jira_api_issues,12441,
jira:JiraIssueChangelogItems:2:12719:RemoteIssueLink:0,jira:JiraIssue:2:10065,jira:JiraAccount:2:5e9711ba34f7b90c0fbc37d3,Rankin Zheng,,RemoteIssueLink,"This issue links to ""Commit - Feat(EE-3): add issues grouped chart at quality report page (Web Link)""","This issue links to ""Commit - Feat(EE-3): add issues grouped chart at quality report page (Web Link)""",,,2020-06-25T03:45:28.131+00:00,"{""ConnectionId"":2,""BoardId"":8}",_raw_jira_api_issues,12443,
jira:JiraIssueChangelogItems:2:12720:RemoteIssueLink:0,jira:JiraIssue:2:10066,jira:JiraAccount:2:5e9711ba34f7b90c0fbc37d3,Rankin Zheng,,RemoteIssueLink,"This issue links to ""Commit - Feat(EE-4): preliminarily add issues distribution chart at quality report page (Web Link)""","This issue links to ""Commit - Feat(EE-4): preliminarily add issues distribution chart at quality report page (Web Link)""",,,2020-06-25T03:45:28.141+00:00,"{""ConnectionId"":2,""BoardId"":8}",_raw_jira_api_issues,12444,
jira:JiraIssueChangelogItems:2:12722:RemoteIssueLink:0,jira:JiraIssue:2:10064,jira:JiraAccount:2:5e9711ba34f7b90c0fbc37d3,Rankin Zheng,,RemoteIssueLink,"This issue links to ""Commit - Feat(EE-2): add issues stacked chart at quality report page (Web Link)""","This issue links to ""Commit - Feat(EE-2): add issues stacked chart at quality report page (Web Link)""",,,2020-06-25T03:45:28.709+00:00,"{""ConnectionId"":2,""BoardId"":8}",_raw_jira_api_issues,12442,
jira:JiraIssueChangelogItems:2:12748:RemoteIssueLink:0,jira:JiraIssue:2:10063,jira:JiraAccount:2:5e9711ba34f7b90c0fbc37d3,Rankin Zheng,,RemoteIssueLink,"This issue links to ""Commit - Feat(EE-1): add modularity metric chart (Web Link)""","This issue links to ""Commit - Feat(EE-1): add modularity metric chart (Web Link)""",,,2020-06-27T19:20:53.224+00:00,"{""ConnectionId"":2,""BoardId"":8}",_raw_jira_api_issues,12441,
jira:JiraIssueChangelogItems:2:12790:RemoteIssueLink:0,jira:JiraIssue:2:10063,jira:JiraAccount:2:5e9711ba34f7b90c0fbc37d3,Rankin Zheng,,RemoteIssueLink,"This issue links to ""Commit - Feat(EE-1): add modularity metric chart (Web Link)""","This issue links to ""Commit - Feat(EE-1): add modularity metric chart (Web Link)""",,,2020-06-27T23:48:32.912+00:00,"{""ConnectionId"":2,""BoardId"":8}",_raw_jira_api_issues,12441,
jira:JiraIssueChangelogItems:2:142717:assignee:0,jira:JiraIssue:2:10082,jira:JiraAccount:2:5ecfbd0984083c0c12e5af8f,lin.hao,assignee,assignee,,jira:JiraAccount:2:5ecfbd0984083c0c12e5af8f,,,2021-08-06T06:14:54.654+00:00,"{""ConnectionId"":2,""BoardId"":8}",_raw_jira_api_issues,12455,
jira:JiraIssueChangelogItems:2:16161:resolution:0,jira:JiraIssue:2:10070,jira:JiraAccount:2:5ecfbd0ba04d9c0c220c18d8,yanghui,resolution,resolution,,Done,,,2020-07-08T17:11:45.228+00:00,"{""ConnectionId"":2,""BoardId"":8}",_raw_jira_api_issues,12447,
jira:JiraIssueChangelogItems:2:16161:status:0,jira:JiraIssue:2:10070,jira:JiraAccount:2:5ecfbd0ba04d9c0c220c18d8,yanghui,status,status,Open,Resolved,TODO,DONE,2020-07-08T17:11:45.228+00:00,"{""ConnectionId"":2,""BoardId"":8}",_raw_jira_api_issues,12447,
jira:JiraIssueChangelogItems:2:16162:resolution:0,jira:JiraIssue:2:10072,jira:JiraAccount:2:5ecfbd0ba04d9c0c220c18d8,yanghui,resolution,resolution,,Done,,,2020-07-08T17:11:55.313+00:00,"{""ConnectionId"":2,""BoardId"":8}",_raw_jira_api_issues,12449,
jira:JiraIssueChangelogItems:2:16162:status:0,jira:JiraIssue:2:10072,jira:JiraAccount:2:5ecfbd0ba04d9c0c220c18d8,yanghui,status,status,Open,Resolved,TODO,DONE,2020-07-08T17:11:55.313+00:00,"{""ConnectionId"":2,""BoardId"":8}",_raw_jira_api_issues,12449,
jira:JiraIssueChangelogItems:2:16163:resolution:0,jira:JiraIssue:2:10071,jira:JiraAccount:2:5ecfbd0ba04d9c0c220c18d8,yanghui,resolution,resolution,,Done,,,2020-07-08T17:12:05.716+00:00,"{""ConnectionId"":2,""BoardId"":8}",_raw_jira_api_issues,12448,
jira:JiraIssueChangelogItems:2:16163:status:0,jira:JiraIssue:2:10071,jira:JiraAccount:2:5ecfbd0ba04d9c0c220c18d8,yanghui,status,status,Open,Resolved,TODO,DONE,2020-07-08T17:12:05.716+00:00,"{""ConnectionId"":2,""BoardId"":8}",_raw_jira_api_issues,12448,
jira:JiraIssueChangelogItems:2:16306:Fix Version:0,jira:JiraIssue:2:10079,jira:JiraAccount:2:5e9711ba34f7b90c0fbc37d3,Rankin Zheng,fixVersions,Fix Version,,v2.7.0,,,2020-07-09T03:40:29.208+00:00,"{""ConnectionId"":2,""BoardId"":8}",_raw_jira_api_issues,12453,
jira:JiraIssueChangelogItems:2:16738:Fix Version:0,jira:JiraIssue:2:10079,jira:JiraAccount:2:5e9711ba34f7b90c0fbc37d3,Rankin Zheng,fixVersions,Fix Version,,v2.8.0,,,2020-07-10T06:03:37.127+00:00,"{""ConnectionId"":2,""BoardId"":8}",_raw_jira_api_issues,12453,
jira:JiraIssueChangelogItems:2:16765:Sprint:0,jira:JiraIssue:2:10079,jira:JiraAccount:2:5e9711ba34f7b90c0fbc37d3,Rankin Zheng,customfield_10020,Sprint,jira:JiraSprint:2:9,jira:JiraSprint:2:17,,,2020-07-10T06:37:06.529+00:00,"{""ConnectionId"":2,""BoardId"":8}",_raw_jira_api_issues,12453,
jira:JiraIssueChangelogItems:2:16909:Fix Version:0,jira:JiraIssue:2:10079,jira:JiraAccount:2:5ecfbd0a47d31e0c2a15fd87,yuxiang,fixVersions,Fix Version,v2.8.0,,,,2020-07-10T08:53:19.319+00:00,"{""ConnectionId"":2,""BoardId"":8}",_raw_jira_api_issues,12453,
jira:JiraIssueChangelogItems:2:17309:Workflow:0,jira:JiraIssue:2:10079,jira:JiraAccount:2:5e9711ba34f7b90c0fbc37d3,Rankin Zheng,,Workflow,jira,EE Workflow v0.2,,,2020-07-13T08:39:11.370+00:00,"{""ConnectionId"":2,""BoardId"":8}",_raw_jira_api_issues,12453,
jira:JiraIssueChangelogItems:2:17310:Workflow:0,jira:JiraIssue:2:10065,jira:JiraAccount:2:5e9711ba34f7b90c0fbc37d3,Rankin Zheng,,Workflow,jira,EE Workflow v0.2,,,2020-07-13T08:39:11.399+00:00,"{""ConnectionId"":2,""BoardId"":8}",_raw_jira_api_issues,12443,
jira:JiraIssueChangelogItems:2:17311:Workflow:0,jira:JiraIssue:2:10097,jira:JiraAccount:2:5e9711ba34f7b90c0fbc37d3,Rankin Zheng,,Workflow,jira,EE Workflow v0.2,,,2020-07-13T08:39:11.428+00:00,"{""ConnectionId"":2,""BoardId"":8}",_raw_jira_api_issues,12468,
jira:JiraIssueChangelogItems:2:17312:Workflow:0,jira:JiraIssue:2:10092,jira:JiraAccount:2:5e9711ba34f7b90c0fbc37d3,Rankin Zheng,,Workflow,jira,EE Workflow v0.2,,,2020-07-13T08:39:11.458+00:00,"{""ConnectionId"":2,""BoardId"":8}",_raw_jira_api_issues,12463,
jira:JiraIssueChangelogItems:2:17313:Workflow:0,jira:JiraIssue:2:10091,jira:JiraAccount:2:5e9711ba34f7b90c0fbc37d3,Rankin Zheng,,Workflow,jira,EE Workflow v0.2,,,2020-07-13T08:39:11.487+00:00,"{""ConnectionId"":2,""BoardId"":8}",_raw_jira_api_issues,12462,
jira:JiraIssueChangelogItems:2:17314:Workflow:0,jira:JiraIssue:2:10064,jira:JiraAccount:2:5e9711ba34f7b90c0fbc37d3,Rankin Zheng,,Workflow,jira,EE Workflow v0.2,,,2020-07-13T08:39:11.515+00:00,"{""ConnectionId"":2,""BoardId"":8}",_raw_jira_api_issues,12442,
jira:JiraIssueChangelogItems:2:17315:Workflow:0,jira:JiraIssue:2:10093,jira:JiraAccount:2:5e9711ba34f7b90c0fbc37d3,Rankin Zheng,,Workflow,jira,EE Workflow v0.2,,,2020-07-13T08:39:11.550+00:00,"{""ConnectionId"":2,""BoardId"":8}",_raw_jira_api_issues,12464,
jira:JiraIssueChangelogItems:2:17316:Workflow:0,jira:JiraIssue:2:10088,jira:JiraAccount:2:5e9711ba34f7b90c0fbc37d3,Rankin Zheng,,Workflow,jira,EE Workflow v0.2,,,2020-07-13T08:39:11.579+00:00,"{""ConnectionId"":2,""BoardId"":8}",_raw_jira_api_issues,12459,
jira:JiraIssueChangelogItems:2:17317:Workflow:0,jira:JiraIssue:2:10098,jira:JiraAccount:2:5e9711ba34f7b90c0fbc37d3,Rankin Zheng,,Workflow,jira,EE Workflow v0.2,,,2020-07-13T08:39:11.607+00:00,"{""ConnectionId"":2,""BoardId"":8}",_raw_jira_api_issues,12469,
jira:JiraIssueChangelogItems:2:17320:Workflow:0,jira:JiraIssue:2:10094,jira:JiraAccount:2:5e9711ba34f7b90c0fbc37d3,Rankin Zheng,,Workflow,jira,EE Workflow v0.2,,,2020-07-13T08:39:11.691+00:00,"{""ConnectionId"":2,""BoardId"":8}",_raw_jira_api_issues,12465,
jira:JiraIssueChangelogItems:2:17321:Workflow:0,jira:JiraIssue:2:10099,jira:JiraAccount:2:5e9711ba34f7b90c0fbc37d3,Rankin Zheng,,Workflow,jira,EE Workflow v0.2,,,2020-07-13T08:39:11.719+00:00,"{""ConnectionId"":2,""BoardId"":8}",_raw_jira_api_issues,12470,
jira:JiraIssueChangelogItems:2:17323:Workflow:0,jira:JiraIssue:2:10067,jira:JiraAccount:2:5e9711ba34f7b90c0fbc37d3,Rankin Zheng,,Workflow,jira,EE Workflow v0.2,,,2020-07-13T08:39:11.776+00:00,"{""ConnectionId"":2,""BoardId"":8}",_raw_jira_api_issues,12445,
jira:JiraIssueChangelogItems:2:17327:Workflow:0,jira:JiraIssue:2:10070,jira:JiraAccount:2:5e9711ba34f7b90c0fbc37d3,Rankin Zheng,,Workflow,jira,EE Workflow v0.2,,,2020-07-13T08:39:11.885+00:00,"{""ConnectionId"":2,""BoardId"":8}",_raw_jira_api_issues,12447,
jira:JiraIssueChangelogItems:2:17328:Workflow:0,jira:JiraIssue:2:10072,jira:JiraAccount:2:5e9711ba34f7b90c0fbc37d3,Rankin Zheng,,Workflow,jira,EE Workflow v0.2,,,2020-07-13T08:39:11.913+00:00,"{""ConnectionId"":2,""BoardId"":8}",_raw_jira_api_issues,12449,
jira:JiraIssueChangelogItems:2:17329:Workflow:0,jira:JiraIssue:2:10089,jira:JiraAccount:2:5e9711ba34f7b90c0fbc37d3,Rankin Zheng,,Workflow,jira,EE Workflow v0.2,,,2020-07-13T08:39:11.940+00:00,"{""ConnectionId"":2,""BoardId"":8}",_raw_jira_api_issues,12460,
jira:JiraIssueChangelogItems:2:17330:Workflow:0,jira:JiraIssue:2:10095,jira:JiraAccount:2:5e9711ba34f7b90c0fbc37d3,Rankin Zheng,,Workflow,jira,EE Workflow v0.2,,,2020-07-13T08:39:11.968+00:00,"{""ConnectionId"":2,""BoardId"":8}",_raw_jira_api_issues,12466,
jira:JiraIssueChangelogItems:2:17338:Workflow:0,jira:JiraIssue:2:10078,jira:JiraAccount:2:5e9711ba34f7b90c0fbc37d3,Rankin Zheng,,Workflow,jira,EE Workflow v0.2,,,2020-07-13T08:39:12.190+00:00,"{""ConnectionId"":2,""BoardId"":8}",_raw_jira_api_issues,12452,
jira:JiraIssueChangelogItems:2:17339:Workflow:0,jira:JiraIssue:2:10076,jira:JiraAccount:2:5e9711ba34f7b90c0fbc37d3,Rankin Zheng,,Workflow,jira,EE Workflow v0.2,,,2020-07-13T08:39:12.218+00:00,"{""ConnectionId"":2,""BoardId"":8}",_raw_jira_api_issues,12450,
jira:JiraIssueChangelogItems:2:17348:Workflow:0,jira:JiraIssue:2:10087,jira:JiraAccount:2:5e9711ba34f7b90c0fbc37d3,Rankin Zheng,,Workflow,jira,EE Workflow v0.2,,,2020-07-13T08:39:12.470+00:00,"{""ConnectionId"":2,""BoardId"":8}",_raw_jira_api_issues,12458,
jira:JiraIssueChangelogItems:2:17352:Workflow:0,jira:JiraIssue:2:10068,jira:JiraAccount:2:5e9711ba34f7b90c0fbc37d3,Rankin Zheng,,Workflow,jira,EE Workflow v0.2,,,2020-07-13T08:39:12.582+00:00,"{""ConnectionId"":2,""BoardId"":8}",_raw_jira_api_issues,12446,
jira:JiraIssueChangelogItems:2:17353:Workflow:0,jira:JiraIssue:2:10086,jira:JiraAccount:2:5e9711ba34f7b90c0fbc37d3,Rankin Zheng,,Workflow,jira,EE Workflow v0.2,,,2020-07-13T08:39:12.610+00:00,"{""ConnectionId"":2,""BoardId"":8}",_raw_jira_api_issues,12457,
jira:JiraIssueChangelogItems:2:17354:Workflow:0,jira:JiraIssue:2:10096,jira:JiraAccount:2:5e9711ba34f7b90c0fbc37d3,Rankin Zheng,,Workflow,jira,EE Workflow v0.2,,,2020-07-13T08:39:12.637+00:00,"{""ConnectionId"":2,""BoardId"":8}",_raw_jira_api_issues,12467,
jira:JiraIssueChangelogItems:2:17359:Workflow:0,jira:JiraIssue:2:10085,jira:JiraAccount:2:5e9711ba34f7b90c0fbc37d3,Rankin Zheng,,Workflow,jira,EE Workflow v0.2,,,2020-07-13T08:39:12.774+00:00,"{""ConnectionId"":2,""BoardId"":8}",_raw_jira_api_issues,12456,
jira:JiraIssueChangelogItems:2:17367:Workflow:0,jira:JiraIssue:2:10081,jira:JiraAccount:2:5e9711ba34f7b90c0fbc37d3,Rankin Zheng,,Workflow,jira,EE Workflow v0.2,,,2020-07-13T08:39:12.983+00:00,"{""ConnectionId"":2,""BoardId"":8}",_raw_jira_api_issues,12454,
jira:JiraIssueChangelogItems:2:17369:Workflow:0,jira:JiraIssue:2:10082,jira:JiraAccount:2:5e9711ba34f7b90c0fbc37d3,Rankin Zheng,,Workflow,jira,EE Workflow v0.2,,,2020-07-13T08:39:13.036+00:00,"{""ConnectionId"":2,""BoardId"":8}",_raw_jira_api_issues,12455,
jira:JiraIssueChangelogItems:2:17445:Workflow:0,jira:JiraIssue:2:10077,jira:JiraAccount:2:5e9711ba34f7b90c0fbc37d3,Rankin Zheng,,Workflow,jira,EE Workflow v0.2,,,2020-07-13T08:39:15.143+00:00,"{""ConnectionId"":2,""BoardId"":8}",_raw_jira_api_issues,12451,
jira:JiraIssueChangelogItems:2:17492:Workflow:0,jira:JiraIssue:2:10090,jira:JiraAccount:2:5e9711ba34f7b90c0fbc37d3,Rankin Zheng,,Workflow,jira,EE Workflow v0.2,,,2020-07-13T08:39:16.442+00:00,"{""ConnectionId"":2,""BoardId"":8}",_raw_jira_api_issues,12461,
jira:JiraIssueChangelogItems:2:17555:Workflow:0,jira:JiraIssue:2:10063,jira:JiraAccount:2:5e9711ba34f7b90c0fbc37d3,Rankin Zheng,,Workflow,jira,EE Workflow v0.2,,,2020-07-13T08:39:18.154+00:00,"{""ConnectionId"":2,""BoardId"":8}",_raw_jira_api_issues,12441,
jira:JiraIssueChangelogItems:2:17575:Workflow:0,jira:JiraIssue:2:10066,jira:JiraAccount:2:5e9711ba34f7b90c0fbc37d3,Rankin Zheng,,Workflow,jira,EE Workflow v0.2,,,2020-07-13T08:39:18.703+00:00,"{""ConnectionId"":2,""BoardId"":8}",_raw_jira_api_issues,12444,
jira:JiraIssueChangelogItems:2:17627:Workflow:0,jira:JiraIssue:2:10071,jira:JiraAccount:2:5e9711ba34f7b90c0fbc37d3,Rankin Zheng,,Workflow,jira,EE Workflow v0.2,,,2020-07-13T08:39:20.153+00:00,"{""ConnectionId"":2,""BoardId"":8}",_raw_jira_api_issues,12448,
jira:JiraIssueChangelogItems:2:17909:Workflow:0,jira:JiraIssue:2:10092,jira:JiraAccount:2:5e9711ba34f7b90c0fbc37d3,Rankin Zheng,,Workflow,EE Workflow v0.2,EE Workflow v0.3,,,2020-07-13T08:42:21.869+00:00,"{""ConnectionId"":2,""BoardId"":8}",_raw_jira_api_issues,12463,
jira:JiraIssueChangelogItems:2:17910:Workflow:0,jira:JiraIssue:2:10091,jira:JiraAccount:2:5e9711ba34f7b90c0fbc37d3,Rankin Zheng,,Workflow,EE Workflow v0.2,EE Workflow v0.3,,,2020-07-13T08:42:21.899+00:00,"{""ConnectionId"":2,""BoardId"":8}",_raw_jira_api_issues,12462,
jira:JiraIssueChangelogItems:2:17911:Workflow:0,jira:JiraIssue:2:10064,jira:JiraAccount:2:5e9711ba34f7b90c0fbc37d3,Rankin Zheng,,Workflow,EE Workflow v0.2,EE Workflow v0.3,,,2020-07-13T08:42:21.928+00:00,"{""ConnectionId"":2,""BoardId"":8}",_raw_jira_api_issues,12442,
jira:JiraIssueChangelogItems:2:17912:Workflow:0,jira:JiraIssue:2:10088,jira:JiraAccount:2:5e9711ba34f7b90c0fbc37d3,Rankin Zheng,,Workflow,EE Workflow v0.2,EE Workflow v0.3,,,2020-07-13T08:42:21.957+00:00,"{""ConnectionId"":2,""BoardId"":8}",_raw_jira_api_issues,12459,
jira:JiraIssueChangelogItems:2:17913:Workflow:0,jira:JiraIssue:2:10098,jira:JiraAccount:2:5e9711ba34f7b90c0fbc37d3,Rankin Zheng,,Workflow,EE Workflow v0.2,EE Workflow v0.3,,,2020-07-13T08:42:21.987+00:00,"{""ConnectionId"":2,""BoardId"":8}",_raw_jira_api_issues,12469,
jira:JiraIssueChangelogItems:2:17916:Workflow:0,jira:JiraIssue:2:10094,jira:JiraAccount:2:5e9711ba34f7b90c0fbc37d3,Rankin Zheng,,Workflow,EE Workflow v0.2,EE Workflow v0.3,,,2020-07-13T08:42:22.071+00:00,"{""ConnectionId"":2,""BoardId"":8}",_raw_jira_api_issues,12465,
jira:JiraIssueChangelogItems:2:17917:Workflow:0,jira:JiraIssue:2:10099,jira:JiraAccount:2:5e9711ba34f7b90c0fbc37d3,Rankin Zheng,,Workflow,EE Workflow v0.2,EE Workflow v0.3,,,2020-07-13T08:42:22.098+00:00,"{""ConnectionId"":2,""BoardId"":8}",_raw_jira_api_issues,12470,
jira:JiraIssueChangelogItems:2:17919:Workflow:0,jira:JiraIssue:2:10067,jira:JiraAccount:2:5e9711ba34f7b90c0fbc37d3,Rankin Zheng,,Workflow,EE Workflow v0.2,EE Workflow v0.3,,,2020-07-13T08:42:22.154+00:00,"{""ConnectionId"":2,""BoardId"":8}",_raw_jira_api_issues,12445,
jira:JiraIssueChangelogItems:2:17922:Workflow:0,jira:JiraIssue:2:10072,jira:JiraAccount:2:5e9711ba34f7b90c0fbc37d3,Rankin Zheng,,Workflow,EE Workflow v0.2,EE Workflow v0.3,,,2020-07-13T08:42:22.247+00:00,"{""ConnectionId"":2,""BoardId"":8}",_raw_jira_api_issues,12449,
jira:JiraIssueChangelogItems:2:17923:Workflow:0,jira:JiraIssue:2:10089,jira:JiraAccount:2:5e9711ba34f7b90c0fbc37d3,Rankin Zheng,,Workflow,EE Workflow v0.2,EE Workflow v0.3,,,2020-07-13T08:42:22.274+00:00,"{""ConnectionId"":2,""BoardId"":8}",_raw_jira_api_issues,12460,
jira:JiraIssueChangelogItems:2:17924:Workflow:0,jira:JiraIssue:2:10095,jira:JiraAccount:2:5e9711ba34f7b90c0fbc37d3,Rankin Zheng,,Workflow,EE Workflow v0.2,EE Workflow v0.3,,,2020-07-13T08:42:22.301+00:00,"{""ConnectionId"":2,""BoardId"":8}",_raw_jira_api_issues,12466,
jira:JiraIssueChangelogItems:2:17930:Workflow:0,jira:JiraIssue:2:10079,jira:JiraAccount:2:5e9711ba34f7b90c0fbc37d3,Rankin Zheng,,Workflow,EE Workflow v0.2,EE Workflow v0.3,,,2020-07-13T08:42:22.467+00:00,"{""ConnectionId"":2,""BoardId"":8}",_raw_jira_api_issues,12453,
jira:JiraIssueChangelogItems:2:17931:Workflow:0,jira:JiraIssue:2:10065,jira:JiraAccount:2:5e9711ba34f7b90c0fbc37d3,Rankin Zheng,,Workflow,EE Workflow v0.2,EE Workflow v0.3,,,2020-07-13T08:42:22.494+00:00,"{""ConnectionId"":2,""BoardId"":8}",_raw_jira_api_issues,12443,
jira:JiraIssueChangelogItems:2:17932:Workflow:0,jira:JiraIssue:2:10097,jira:JiraAccount:2:5e9711ba34f7b90c0fbc37d3,Rankin Zheng,,Workflow,EE Workflow v0.2,EE Workflow v0.3,,,2020-07-13T08:42:22.520+00:00,"{""ConnectionId"":2,""BoardId"":8}",_raw_jira_api_issues,12468,
jira:JiraIssueChangelogItems:2:17933:Workflow:0,jira:JiraIssue:2:10093,jira:JiraAccount:2:5e9711ba34f7b90c0fbc37d3,Rankin Zheng,,Workflow,EE Workflow v0.2,EE Workflow v0.3,,,2020-07-13T08:42:22.547+00:00,"{""ConnectionId"":2,""BoardId"":8}",_raw_jira_api_issues,12464,
jira:JiraIssueChangelogItems:2:17935:Workflow:0,jira:JiraIssue:2:10070,jira:JiraAccount:2:5e9711ba34f7b90c0fbc37d3,Rankin Zheng,,Workflow,EE Workflow v0.2,EE Workflow v0.3,,,2020-07-13T08:42:22.599+00:00,"{""ConnectionId"":2,""BoardId"":8}",_raw_jira_api_issues,12447,
jira:JiraIssueChangelogItems:2:17945:Workflow:0,jira:JiraIssue:2:10087,jira:JiraAccount:2:5e9711ba34f7b90c0fbc37d3,Rankin Zheng,,Workflow,EE Workflow v0.2,EE Workflow v0.3,,,2020-07-13T08:42:22.861+00:00,"{""ConnectionId"":2,""BoardId"":8}",_raw_jira_api_issues,12458,
jira:JiraIssueChangelogItems:2:17949:Workflow:0,jira:JiraIssue:2:10068,jira:JiraAccount:2:5e9711ba34f7b90c0fbc37d3,Rankin Zheng,,Workflow,EE Workflow v0.2,EE Workflow v0.3,,,2020-07-13T08:42:22.966+00:00,"{""ConnectionId"":2,""BoardId"":8}",_raw_jira_api_issues,12446,
jira:JiraIssueChangelogItems:2:17950:Workflow:0,jira:JiraIssue:2:10086,jira:JiraAccount:2:5e9711ba34f7b90c0fbc37d3,Rankin Zheng,,Workflow,EE Workflow v0.2,EE Workflow v0.3,,,2020-07-13T08:42:22.992+00:00,"{""ConnectionId"":2,""BoardId"":8}",_raw_jira_api_issues,12457,
jira:JiraIssueChangelogItems:2:17955:Workflow:0,jira:JiraIssue:2:10085,jira:JiraAccount:2:5e9711ba34f7b90c0fbc37d3,Rankin Zheng,,Workflow,EE Workflow v0.2,EE Workflow v0.3,,,2020-07-13T08:42:23.128+00:00,"{""ConnectionId"":2,""BoardId"":8}",_raw_jira_api_issues,12456,
jira:JiraIssueChangelogItems:2:17957:Workflow:0,jira:JiraIssue:2:10078,jira:JiraAccount:2:5e9711ba34f7b90c0fbc37d3,Rankin Zheng,,Workflow,EE Workflow v0.2,EE Workflow v0.3,,,2020-07-13T08:42:23.182+00:00,"{""ConnectionId"":2,""BoardId"":8}",_raw_jira_api_issues,12452,
jira:JiraIssueChangelogItems:2:17958:Workflow:0,jira:JiraIssue:2:10076,jira:JiraAccount:2:5e9711ba34f7b90c0fbc37d3,Rankin Zheng,,Workflow,EE Workflow v0.2,EE Workflow v0.3,,,2020-07-13T08:42:23.222+00:00,"{""ConnectionId"":2,""BoardId"":8}",_raw_jira_api_issues,12450,
jira:JiraIssueChangelogItems:2:17961:Workflow:0,jira:JiraIssue:2:10096,jira:JiraAccount:2:5e9711ba34f7b90c0fbc37d3,Rankin Zheng,,Workflow,EE Workflow v0.2,EE Workflow v0.3,,,2020-07-13T08:42:23.302+00:00,"{""ConnectionId"":2,""BoardId"":8}",_raw_jira_api_issues,12467,
jira:JiraIssueChangelogItems:2:17969:Workflow:0,jira:JiraIssue:2:10081,jira:JiraAccount:2:5e9711ba34f7b90c0fbc37d3,Rankin Zheng,,Workflow,EE Workflow v0.2,EE Workflow v0.3,,,2020-07-13T08:42:23.511+00:00,"{""ConnectionId"":2,""BoardId"":8}",_raw_jira_api_issues,12454,
jira:JiraIssueChangelogItems:2:17979:Workflow:0,jira:JiraIssue:2:10082,jira:JiraAccount:2:5e9711ba34f7b90c0fbc37d3,Rankin Zheng,,Workflow,EE Workflow v0.2,EE Workflow v0.3,,,2020-07-13T08:42:23.774+00:00,"{""ConnectionId"":2,""BoardId"":8}",_raw_jira_api_issues,12455,
jira:JiraIssueChangelogItems:2:18045:Workflow:0,jira:JiraIssue:2:10077,jira:JiraAccount:2:5e9711ba34f7b90c0fbc37d3,Rankin Zheng,,Workflow,EE Workflow v0.2,EE Workflow v0.3,,,2020-07-13T08:42:25.540+00:00,"{""ConnectionId"":2,""BoardId"":8}",_raw_jira_api_issues,12451,
jira:JiraIssueChangelogItems:2:18093:Workflow:0,jira:JiraIssue:2:10090,jira:JiraAccount:2:5e9711ba34f7b90c0fbc37d3,Rankin Zheng,,Workflow,EE Workflow v0.2,EE Workflow v0.3,,,2020-07-13T08:42:26.831+00:00,"{""ConnectionId"":2,""BoardId"":8}",_raw_jira_api_issues,12461,
jira:JiraIssueChangelogItems:2:18148:Workflow:0,jira:JiraIssue:2:10063,jira:JiraAccount:2:5e9711ba34f7b90c0fbc37d3,Rankin Zheng,,Workflow,EE Workflow v0.2,EE Workflow v0.3,,,2020-07-13T08:42:28.329+00:00,"{""ConnectionId"":2,""BoardId"":8}",_raw_jira_api_issues,12441,
jira:JiraIssueChangelogItems:2:18168:Workflow:0,jira:JiraIssue:2:10066,jira:JiraAccount:2:5e9711ba34f7b90c0fbc37d3,Rankin Zheng,,Workflow,EE Workflow v0.2,EE Workflow v0.3,,,2020-07-13T08:42:28.857+00:00,"{""ConnectionId"":2,""BoardId"":8}",_raw_jira_api_issues,12444,
jira:JiraIssueChangelogItems:2:18216:Workflow:0,jira:JiraIssue:2:10071,jira:JiraAccount:2:5e9711ba34f7b90c0fbc37d3,Rankin Zheng,,Workflow,EE Workflow v0.2,EE Workflow v0.3,,,2020-07-13T08:42:30.165+00:00,"{""ConnectionId"":2,""BoardId"":8}",_raw_jira_api_issues,12448,
jira:JiraIssueChangelogItems:2:18876:Fix Version:0,jira:JiraIssue:2:10063,jira:JiraAccount:2:5e9711ba34f7b90c0fbc37d3,Rankin Zheng,fixVersions,Fix Version,,SaaS,,,2020-07-13T21:35:54.638+00:00,"{""ConnectionId"":2,""BoardId"":8}",_raw_jira_api_issues,12441,
jira:JiraIssueChangelogItems:2:18877:Fix Version:0,jira:JiraIssue:2:10064,jira:JiraAccount:2:5e9711ba34f7b90c0fbc37d3,Rankin Zheng,fixVersions,Fix Version,,SaaS,,,2020-07-13T21:35:54.706+00:00,"{""ConnectionId"":2,""BoardId"":8}",_raw_jira_api_issues,12442,
jira:JiraIssueChangelogItems:2:18878:Fix Version:0,jira:JiraIssue:2:10065,jira:JiraAccount:2:5e9711ba34f7b90c0fbc37d3,Rankin Zheng,fixVersions,Fix Version,,SaaS,,,2020-07-13T21:35:54.777+00:00,"{""ConnectionId"":2,""BoardId"":8}",_raw_jira_api_issues,12443,
jira:JiraIssueChangelogItems:2:18879:Fix Version:0,jira:JiraIssue:2:10066,jira:JiraAccount:2:5e9711ba34f7b90c0fbc37d3,Rankin Zheng,fixVersions,Fix Version,,SaaS,,,2020-07-13T21:35:54.842+00:00,"{""ConnectionId"":2,""BoardId"":8}",_raw_jira_api_issues,12444,
jira:JiraIssueChangelogItems:2:18880:Fix Version:0,jira:JiraIssue:2:10067,jira:JiraAccount:2:5e9711ba34f7b90c0fbc37d3,Rankin Zheng,fixVersions,Fix Version,,SaaS,,,2020-07-13T21:35:54.909+00:00,"{""ConnectionId"":2,""BoardId"":8}",_raw_jira_api_issues,12445,
jira:JiraIssueChangelogItems:2:18882:Fix Version:0,jira:JiraIssue:2:10068,jira:JiraAccount:2:5e9711ba34f7b90c0fbc37d3,Rankin Zheng,fixVersions,Fix Version,,SaaS,,,2020-07-13T21:35:55.030+00:00,"{""ConnectionId"":2,""BoardId"":8}",_raw_jira_api_issues,12446,
jira:JiraIssueChangelogItems:2:18885:Fix Version:0,jira:JiraIssue:2:10070,jira:JiraAccount:2:5e9711ba34f7b90c0fbc37d3,Rankin Zheng,fixVersions,Fix Version,,SaaS,,,2020-07-13T21:35:55.193+00:00,"{""ConnectionId"":2,""BoardId"":8}",_raw_jira_api_issues,12447,
jira:JiraIssueChangelogItems:2:18886:Fix Version:0,jira:JiraIssue:2:10071,jira:JiraAccount:2:5e9711ba34f7b90c0fbc37d3,Rankin Zheng,fixVersions,Fix Version,,SaaS,,,2020-07-13T21:35:55.251+00:00,"{""ConnectionId"":2,""BoardId"":8}",_raw_jira_api_issues,12448,
jira:JiraIssueChangelogItems:2:18888:Fix Version:0,jira:JiraIssue:2:10072,jira:JiraAccount:2:5e9711ba34f7b90c0fbc37d3,Rankin Zheng,fixVersions,Fix Version,,SaaS,,,2020-07-13T21:35:55.365+00:00,"{""ConnectionId"":2,""BoardId"":8}",_raw_jira_api_issues,12449,
jira:JiraIssueChangelogItems:2:18893:Fix Version:0,jira:JiraIssue:2:10077,jira:JiraAccount:2:5e9711ba34f7b90c0fbc37d3,Rankin Zheng,fixVersions,Fix Version,,SaaS,,,2020-07-13T21:35:55.630+00:00,"{""ConnectionId"":2,""BoardId"":8}",_raw_jira_api_issues,12451,
jira:JiraIssueChangelogItems:2:18895:Fix Version:0,jira:JiraIssue:2:10078,jira:JiraAccount:2:5e9711ba34f7b90c0fbc37d3,Rankin Zheng,fixVersions,Fix Version,,SaaS,,,2020-07-13T21:35:55.731+00:00,"{""ConnectionId"":2,""BoardId"":8}",_raw_jira_api_issues,12452,
jira:JiraIssueChangelogItems:2:18900:Fix Version:0,jira:JiraIssue:2:10087,jira:JiraAccount:2:5e9711ba34f7b90c0fbc37d3,Rankin Zheng,fixVersions,Fix Version,,SaaS,,,2020-07-13T21:35:56.019+00:00,"{""ConnectionId"":2,""BoardId"":8}",_raw_jira_api_issues,12458,
jira:JiraIssueChangelogItems:2:18904:Fix Version:0,jira:JiraIssue:2:10090,jira:JiraAccount:2:5e9711ba34f7b90c0fbc37d3,Rankin Zheng,fixVersions,Fix Version,,SaaS,,,2020-07-13T21:35:56.252+00:00,"{""ConnectionId"":2,""BoardId"":8}",_raw_jira_api_issues,12461,
jira:JiraIssueChangelogItems:2:18906:Fix Version:0,jira:JiraIssue:2:10091,jira:JiraAccount:2:5e9711ba34f7b90c0fbc37d3,Rankin Zheng,fixVersions,Fix Version,,SaaS,,,2020-07-13T21:35:56.368+00:00,"{""ConnectionId"":2,""BoardId"":8}",_raw_jira_api_issues,12462,
jira:JiraIssueChangelogItems:2:18909:Fix Version:0,jira:JiraIssue:2:10094,jira:JiraAccount:2:5e9711ba34f7b90c0fbc37d3,Rankin Zheng,fixVersions,Fix Version,,SaaS,,,2020-07-13T21:35:56.580+00:00,"{""ConnectionId"":2,""BoardId"":8}",_raw_jira_api_issues,12465,
jira:JiraIssueChangelogItems:2:18910:Fix Version:0,jira:JiraIssue:2:10096,jira:JiraAccount:2:5e9711ba34f7b90c0fbc37d3,Rankin Zheng,fixVersions,Fix Version,,SaaS,,,2020-07-13T21:35:56.632+00:00,"{""ConnectionId"":2,""BoardId"":8}",_raw_jira_api_issues,12467,
jira:JiraIssueChangelogItems:2:18912:Fix Version:0,jira:JiraIssue:2:10099,jira:JiraAccount:2:5e9711ba34f7b90c0fbc37d3,Rankin Zheng,fixVersions,Fix Version,,SaaS,,,2020-07-13T21:35:56.738+00:00,"{""ConnectionId"":2,""BoardId"":8}",_raw_jira_api_issues,12470,
jira:JiraIssueChangelogItems:2:20833:status:0,jira:JiraIssue:2:10079,jira:JiraAccount:2:5ecfbd0a47d31e0c2a15fd87,yuxiang,status,status,Open,In Progress,TODO,IN_PROGRESS,2020-07-22T06:34:22.169+00:00,"{""ConnectionId"":2,""BoardId"":8}",_raw_jira_api_issues,12453,
jira:JiraIssueChangelogItems:2:20839:resolution:0,jira:JiraIssue:2:10079,jira:JiraAccount:2:5ecfbd0a47d31e0c2a15fd87,yuxiang,resolution,resolution,,Done,,,2020-07-22T07:25:29.223+00:00,"{""ConnectionId"":2,""BoardId"":8}",_raw_jira_api_issues,12453,
jira:JiraIssueChangelogItems:2:20839:status:0,jira:JiraIssue:2:10079,jira:JiraAccount:2:5ecfbd0a47d31e0c2a15fd87,yuxiang,status,status,In Progress,Resolved,IN_PROGRESS,DONE,2020-07-22T07:25:29.223+00:00,"{""ConnectionId"":2,""BoardId"":8}",_raw_jira_api_issues,12453,
jira:JiraIssueChangelogItems:2:20839:timeestimate:0,jira:JiraIssue:2:10079,jira:JiraAccount:2:5ecfbd0a47d31e0c2a15fd87,yuxiang,timeestimate,timeestimate,21600,14400,,,2020-07-22T07:25:29.223+00:00,"{""ConnectionId"":2,""BoardId"":8}",_raw_jira_api_issues,12453,
jira:JiraIssueChangelogItems:2:20839:timespent:0,jira:JiraIssue:2:10079,jira:JiraAccount:2:5ecfbd0a47d31e0c2a15fd87,yuxiang,timespent,timespent,,7200,,,2020-07-22T07:25:29.223+00:00,"{""ConnectionId"":2,""BoardId"":8}",_raw_jira_api_issues,12453,
jira:JiraIssueChangelogItems:2:20839:WorklogId:0,jira:JiraIssue:2:10079,jira:JiraAccount:2:5ecfbd0a47d31e0c2a15fd87,yuxiang,,WorklogId,,10218,,,2020-07-22T07:25:29.223+00:00,"{""ConnectionId"":2,""BoardId"":8}",_raw_jira_api_issues,12453,
jira:JiraIssueChangelogItems:2:25212:End date:0,jira:JiraIssue:2:10066,jira:JiraAccount:2:557058:46121f43-e58d-4ff4-83fd-a79fb4b71b45,"BigPicture - for ppm, project management",customfield_10060,End date,,23/Jun/20,,,2020-08-31T04:46:44.334+00:00,"{""ConnectionId"":2,""BoardId"":8}",_raw_jira_api_issues,12444,
jira:JiraIssueChangelogItems:2:25212:Start date:0,jira:JiraIssue:2:10066,jira:JiraAccount:2:557058:46121f43-e58d-4ff4-83fd-a79fb4b71b45,"BigPicture - for ppm, project management",customfield_10015,Start date,,12/Jun/20,,,2020-08-31T04:46:44.334+00:00,"{""ConnectionId"":2,""BoardId"":8}",_raw_jira_api_issues,12444,
jira:JiraIssueChangelogItems:2:25219:End date:0,jira:JiraIssue:2:10077,jira:JiraAccount:2:557058:46121f43-e58d-4ff4-83fd-a79fb4b71b45,"BigPicture - for ppm, project management",customfield_10060,End date,,12/Jun/20,,,2020-08-31T04:46:45.656+00:00,"{""ConnectionId"":2,""BoardId"":8}",_raw_jira_api_issues,12451,
jira:JiraIssueChangelogItems:2:25219:Start date:0,jira:JiraIssue:2:10077,jira:JiraAccount:2:557058:46121f43-e58d-4ff4-83fd-a79fb4b71b45,"BigPicture - for ppm, project management",customfield_10015,Start date,,12/Jun/20,,,2020-08-31T04:46:45.656+00:00,"{""ConnectionId"":2,""BoardId"":8}",_raw_jira_api_issues,12451,
jira:JiraIssueChangelogItems:2:25220:End date:0,jira:JiraIssue:2:10065,jira:JiraAccount:2:557058:46121f43-e58d-4ff4-83fd-a79fb4b71b45,"BigPicture - for ppm, project management",customfield_10060,End date,,23/Jun/20,,,2020-08-31T04:46:45.662+00:00,"{""ConnectionId"":2,""BoardId"":8}",_raw_jira_api_issues,12443,
jira:JiraIssueChangelogItems:2:25220:Start date:0,jira:JiraIssue:2:10065,jira:JiraAccount:2:557058:46121f43-e58d-4ff4-83fd-a79fb4b71b45,"BigPicture - for ppm, project management",customfield_10015,Start date,,12/Jun/20,,,2020-08-31T04:46:45.662+00:00,"{""ConnectionId"":2,""BoardId"":8}",_raw_jira_api_issues,12443,
jira:JiraIssueChangelogItems:2:25226:End date:0,jira:JiraIssue:2:10076,jira:JiraAccount:2:557058:46121f43-e58d-4ff4-83fd-a79fb4b71b45,"BigPicture - for ppm, project management",customfield_10060,End date,,12/Jun/20,,,2020-08-31T04:46:46.655+00:00,"{""ConnectionId"":2,""BoardId"":8}",_raw_jira_api_issues,12450,
jira:JiraIssueChangelogItems:2:25226:Start date:0,jira:JiraIssue:2:10076,jira:JiraAccount:2:557058:46121f43-e58d-4ff4-83fd-a79fb4b71b45,"BigPicture - for ppm, project management",customfield_10015,Start date,,12/Jun/20,,,2020-08-31T04:46:46.655+00:00,"{""ConnectionId"":2,""BoardId"":8}",_raw_jira_api_issues,12450,
jira:JiraIssueChangelogItems:2:25227:End date:0,jira:JiraIssue:2:10068,jira:JiraAccount:2:557058:46121f43-e58d-4ff4-83fd-a79fb4b71b45,"BigPicture - for ppm, project management",customfield_10060,End date,,16/Jun/20,,,2020-08-31T04:46:47.563+00:00,"{""ConnectionId"":2,""BoardId"":8}",_raw_jira_api_issues,12446,
jira:JiraIssueChangelogItems:2:25227:Start date:0,jira:JiraIssue:2:10068,jira:JiraAccount:2:557058:46121f43-e58d-4ff4-83fd-a79fb4b71b45,"BigPicture - for ppm, project management",customfield_10015,Start date,,12/Jun/20,,,2020-08-31T04:46:47.563+00:00,"{""ConnectionId"":2,""BoardId"":8}",_raw_jira_api_issues,12446,
jira:JiraIssueChangelogItems:2:25230:End date:0,jira:JiraIssue:2:10087,jira:JiraAccount:2:557058:46121f43-e58d-4ff4-83fd-a79fb4b71b45,"BigPicture - for ppm, project management",customfield_10060,End date,,12/Jun/20,,,2020-08-31T04:46:48.012+00:00,"{""ConnectionId"":2,""BoardId"":8}",_raw_jira_api_issues,12458,
jira:JiraIssueChangelogItems:2:25230:Start date:0,jira:JiraIssue:2:10087,jira:JiraAccount:2:557058:46121f43-e58d-4ff4-83fd-a79fb4b71b45,"BigPicture - for ppm, project management",customfield_10015,Start date,,12/Jun/20,,,2020-08-31T04:46:48.012+00:00,"{""ConnectionId"":2,""BoardId"":8}",_raw_jira_api_issues,12458,
jira:JiraIssueChangelogItems:2:25232:End date:0,jira:JiraIssue:2:10079,jira:JiraAccount:2:557058:46121f43-e58d-4ff4-83fd-a79fb4b71b45,"BigPicture - for ppm, project management",customfield_10060,End date,,12/Jun/20,,,2020-08-31T04:46:48.772+00:00,"{""ConnectionId"":2,""BoardId"":8}",_raw_jira_api_issues,12453,
jira:JiraIssueChangelogItems:2:25232:Start date:0,jira:JiraIssue:2:10079,jira:JiraAccount:2:557058:46121f43-e58d-4ff4-83fd-a79fb4b71b45,"BigPicture - for ppm, project management",customfield_10015,Start date,,12/Jun/20,,,2020-08-31T04:46:48.772+00:00,"{""ConnectionId"":2,""BoardId"":8}",_raw_jira_api_issues,12453,
jira:JiraIssueChangelogItems:2:25233:End date:0,jira:JiraIssue:2:10067,jira:JiraAccount:2:557058:46121f43-e58d-4ff4-83fd-a79fb4b71b45,"BigPicture - for ppm, project management",customfield_10060,End date,,18/Jun/20,,,2020-08-31T04:46:48.781+00:00,"{""ConnectionId"":2,""BoardId"":8}",_raw_jira_api_issues,12445,
jira:JiraIssueChangelogItems:2:25233:Start date:0,jira:JiraIssue:2:10067,jira:JiraAccount:2:557058:46121f43-e58d-4ff4-83fd-a79fb4b71b45,"BigPicture - for ppm, project management",customfield_10015,Start date,,12/Jun/20,,,2020-08-31T04:46:48.781+00:00,"{""ConnectionId"":2,""BoardId"":8}",_raw_jira_api_issues,12445,
jira:JiraIssueChangelogItems:2:25236:End date:0,jira:JiraIssue:2:10078,jira:JiraAccount:2:557058:46121f43-e58d-4ff4-83fd-a79fb4b71b45,"BigPicture - for ppm, project management",customfield_10060,End date,,15/Jun/20,,,2020-08-31T04:46:50.258+00:00,"{""ConnectionId"":2,""BoardId"":8}",_raw_jira_api_issues,12452,
jira:JiraIssueChangelogItems:2:25236:Start date:0,jira:JiraIssue:2:10078,jira:JiraAccount:2:557058:46121f43-e58d-4ff4-83fd-a79fb4b71b45,"BigPicture - for ppm, project management",customfield_10015,Start date,,12/Jun/20,,,2020-08-31T04:46:50.258+00:00,"{""ConnectionId"":2,""BoardId"":8}",_raw_jira_api_issues,12452,
jira:JiraIssueChangelogItems:2:25240:End date:0,jira:JiraIssue:2:10089,jira:JiraAccount:2:557058:46121f43-e58d-4ff4-83fd-a79fb4b71b45,"BigPicture - for ppm, project management",customfield_10060,End date,,15/Jun/20,,,2020-08-31T04:46:51.282+00:00,"{""ConnectionId"":2,""BoardId"":8}",_raw_jira_api_issues,12460,
jira:JiraIssueChangelogItems:2:25240:Start date:0,jira:JiraIssue:2:10089,jira:JiraAccount:2:557058:46121f43-e58d-4ff4-83fd-a79fb4b71b45,"BigPicture - for ppm, project management",customfield_10015,Start date,,12/Jun/20,,,2020-08-31T04:46:51.282+00:00,"{""ConnectionId"":2,""BoardId"":8}",_raw_jira_api_issues,12460,
jira:JiraIssueChangelogItems:2:25243:End date:0,jira:JiraIssue:2:10071,jira:JiraAccount:2:557058:46121f43-e58d-4ff4-83fd-a79fb4b71b45,"BigPicture - for ppm, project management",customfield_10060,End date,,17/Jun/20,,,2020-08-31T04:46:51.870+00:00,"{""ConnectionId"":2,""BoardId"":8}",_raw_jira_api_issues,12448,
jira:JiraIssueChangelogItems:2:25243:Start date:0,jira:JiraIssue:2:10071,jira:JiraAccount:2:557058:46121f43-e58d-4ff4-83fd-a79fb4b71b45,"BigPicture - for ppm, project management",customfield_10015,Start date,,12/Jun/20,,,2020-08-31T04:46:51.870+00:00,"{""ConnectionId"":2,""BoardId"":8}",_raw_jira_api_issues,12448,
jira:JiraIssueChangelogItems:2:25245:End date:0,jira:JiraIssue:2:10081,jira:JiraAccount:2:557058:46121f43-e58d-4ff4-83fd-a79fb4b71b45,"BigPicture - for ppm, project management",customfield_10060,End date,,18/Jun/20,,,2020-08-31T04:46:53.091+00:00,"{""ConnectionId"":2,""BoardId"":8}",_raw_jira_api_issues,12454,
jira:JiraIssueChangelogItems:2:25245:Start date:0,jira:JiraIssue:2:10081,jira:JiraAccount:2:557058:46121f43-e58d-4ff4-83fd-a79fb4b71b45,"BigPicture - for ppm, project management",customfield_10015,Start date,,12/Jun/20,,,2020-08-31T04:46:53.091+00:00,"{""ConnectionId"":2,""BoardId"":8}",_raw_jira_api_issues,12454,
jira:JiraIssueChangelogItems:2:25253:End date:0,jira:JiraIssue:2:10070,jira:JiraAccount:2:557058:46121f43-e58d-4ff4-83fd-a79fb4b71b45,"BigPicture - for ppm, project management",customfield_10060,End date,,8/Jul/20,,,2020-08-31T04:46:54.067+00:00,"{""ConnectionId"":2,""BoardId"":8}",_raw_jira_api_issues,12447,
jira:JiraIssueChangelogItems:2:25253:Start date:0,jira:JiraIssue:2:10070,jira:JiraAccount:2:557058:46121f43-e58d-4ff4-83fd-a79fb4b71b45,"BigPicture - for ppm, project management",customfield_10015,Start date,,12/Jun/20,,,2020-08-31T04:46:54.067+00:00,"{""ConnectionId"":2,""BoardId"":8}",_raw_jira_api_issues,12447,
jira:JiraIssueChangelogItems:2:25264:End date:0,jira:JiraIssue:2:10072,jira:JiraAccount:2:557058:46121f43-e58d-4ff4-83fd-a79fb4b71b45,"BigPicture - for ppm, project management",customfield_10060,End date,,8/Jul/20,,,2020-08-31T04:46:56.591+00:00,"{""ConnectionId"":2,""BoardId"":8}",_raw_jira_api_issues,12449,
jira:JiraIssueChangelogItems:2:25264:Start date:0,jira:JiraIssue:2:10072,jira:JiraAccount:2:557058:46121f43-e58d-4ff4-83fd-a79fb4b71b45,"BigPicture - for ppm, project management",customfield_10015,Start date,,12/Jun/20,,,2020-08-31T04:46:56.591+00:00,"{""ConnectionId"":2,""BoardId"":8}",_raw_jira_api_issues,12449,
jira:JiraIssueChangelogItems:2:25328:End date:0,jira:JiraIssue:2:10064,jira:JiraAccount:2:557058:46121f43-e58d-4ff4-83fd-a79fb4b71b45,"BigPicture - for ppm, project management",customfield_10060,End date,,23/Jun/20,,,2020-08-31T04:47:08.082+00:00,"{""ConnectionId"":2,""BoardId"":8}",_raw_jira_api_issues,12442,
jira:JiraIssueChangelogItems:2:25328:Start date:0,jira:JiraIssue:2:10064,jira:JiraAccount:2:557058:46121f43-e58d-4ff4-83fd-a79fb4b71b45,"BigPicture - for ppm, project management",customfield_10015,Start date,,12/Jun/20,,,2020-08-31T04:47:08.082+00:00,"{""ConnectionId"":2,""BoardId"":8}",_raw_jira_api_issues,12442,
jira:JiraIssueChangelogItems:2:25405:End date:0,jira:JiraIssue:2:10091,jira:JiraAccount:2:557058:46121f43-e58d-4ff4-83fd-a79fb4b71b45,"BigPicture - for ppm, project management",customfield_10060,End date,,12/Jun/20,,,2020-08-31T04:47:26.849+00:00,"{""ConnectionId"":2,""BoardId"":8}",_raw_jira_api_issues,12462,
jira:JiraIssueChangelogItems:2:25405:Start date:0,jira:JiraIssue:2:10091,jira:JiraAccount:2:557058:46121f43-e58d-4ff4-83fd-a79fb4b71b45,"BigPicture - for ppm, project management",customfield_10015,Start date,,12/Jun/20,,,2020-08-31T04:47:26.849+00:00,"{""ConnectionId"":2,""BoardId"":8}",_raw_jira_api_issues,12462,
jira:JiraIssueChangelogItems:2:25408:End date:0,jira:JiraIssue:2:10090,jira:JiraAccount:2:557058:46121f43-e58d-4ff4-83fd-a79fb4b71b45,"BigPicture - for ppm, project management",customfield_10060,End date,,12/Jun/20,,,2020-08-31T04:47:27.769+00:00,"{""ConnectionId"":2,""BoardId"":8}",_raw_jira_api_issues,12461,
jira:JiraIssueChangelogItems:2:25408:Start date:0,jira:JiraIssue:2:10090,jira:JiraAccount:2:557058:46121f43-e58d-4ff4-83fd-a79fb4b71b45,"BigPicture - for ppm, project management",customfield_10015,Start date,,12/Jun/20,,,2020-08-31T04:47:27.769+00:00,"{""ConnectionId"":2,""BoardId"":8}",_raw_jira_api_issues,12461,
jira:JiraIssueChangelogItems:2:25409:End date:0,jira:JiraIssue:2:10093,jira:JiraAccount:2:557058:46121f43-e58d-4ff4-83fd-a79fb4b71b45,"BigPicture - for ppm, project management",customfield_10060,End date,,12/Jun/20,,,2020-08-31T04:47:27.774+00:00,"{""ConnectionId"":2,""BoardId"":8}",_raw_jira_api_issues,12464,
jira:JiraIssueChangelogItems:2:25409:Start date:0,jira:JiraIssue:2:10093,jira:JiraAccount:2:557058:46121f43-e58d-4ff4-83fd-a79fb4b71b45,"BigPicture - for ppm, project management",customfield_10015,Start date,,12/Jun/20,,,2020-08-31T04:47:27.774+00:00,"{""ConnectionId"":2,""BoardId"":8}",_raw_jira_api_issues,12464,
jira:JiraIssueChangelogItems:2:25412:End date:0,jira:JiraIssue:2:10096,jira:JiraAccount:2:557058:46121f43-e58d-4ff4-83fd-a79fb4b71b45,"BigPicture - for ppm, project management",customfield_10060,End date,,12/Jun/20,,,2020-08-31T04:47:28.081+00:00,"{""ConnectionId"":2,""BoardId"":8}",_raw_jira_api_issues,12467,
jira:JiraIssueChangelogItems:2:25412:Start date:0,jira:JiraIssue:2:10096,jira:JiraAccount:2:557058:46121f43-e58d-4ff4-83fd-a79fb4b71b45,"BigPicture - for ppm, project management",customfield_10015,Start date,,12/Jun/20,,,2020-08-31T04:47:28.081+00:00,"{""ConnectionId"":2,""BoardId"":8}",_raw_jira_api_issues,12467,
jira:JiraIssueChangelogItems:2:25413:End date:0,jira:JiraIssue:2:10099,jira:JiraAccount:2:557058:46121f43-e58d-4ff4-83fd-a79fb4b71b45,"BigPicture - for ppm, project management",customfield_10060,End date,,18/Jun/20,,,2020-08-31T04:47:28.407+00:00,"{""ConnectionId"":2,""BoardId"":8}",_raw_jira_api_issues,12470,
jira:JiraIssueChangelogItems:2:25413:Start date:0,jira:JiraIssue:2:10099,jira:JiraAccount:2:557058:46121f43-e58d-4ff4-83fd-a79fb4b71b45,"BigPicture - for ppm, project management",customfield_10015,Start date,,12/Jun/20,,,2020-08-31T04:47:28.407+00:00,"{""ConnectionId"":2,""BoardId"":8}",_raw_jira_api_issues,12470,
jira:JiraIssueChangelogItems:2:25418:End date:0,jira:JiraIssue:2:10094,jira:JiraAccount:2:557058:46121f43-e58d-4ff4-83fd-a79fb4b71b45,"BigPicture - for ppm, project management",customfield_10060,End date,,12/Jun/20,,,2020-08-31T04:47:29.194+00:00,"{""ConnectionId"":2,""BoardId"":8}",_raw_jira_api_issues,12465,
jira:JiraIssueChangelogItems:2:25418:Start date:0,jira:JiraIssue:2:10094,jira:JiraAccount:2:557058:46121f43-e58d-4ff4-83fd-a79fb4b71b45,"BigPicture - for ppm, project management",customfield_10015,Start date,,12/Jun/20,,,2020-08-31T04:47:29.194+00:00,"{""ConnectionId"":2,""BoardId"":8}",_raw_jira_api_issues,12465,
jira:JiraIssueChangelogItems:2:25420:End date:0,jira:JiraIssue:2:10098,jira:JiraAccount:2:557058:46121f43-e58d-4ff4-83fd-a79fb4b71b45,"BigPicture - for ppm, project management",customfield_10060,End date,,12/Jun/20,,,2020-08-31T04:47:29.230+00:00,"{""ConnectionId"":2,""BoardId"":8}",_raw_jira_api_issues,12469,
jira:JiraIssueChangelogItems:2:25420:Start date:0,jira:JiraIssue:2:10098,jira:JiraAccount:2:557058:46121f43-e58d-4ff4-83fd-a79fb4b71b45,"BigPicture - for ppm, project management",customfield_10015,Start date,,12/Jun/20,,,2020-08-31T04:47:29.230+00:00,"{""ConnectionId"":2,""BoardId"":8}",_raw_jira_api_issues,12469,
jira:JiraIssueChangelogItems:2:295892:Workflow:0,jira:JiraIssue:2:10070,jira:JiraAccount:2:5ecfbd0c2490cf0c09e2e598,Gerile Tu,,Workflow,Software Simplified Workflow for Project EE-story2,Software Simplified Workflow for Project EE-task,,,2022-03-28T07:29:25.649+00:00,"{""ConnectionId"":2,""BoardId"":8}",_raw_jira_api_issues,12447,
jira:JiraIssueChangelogItems:2:295894:Workflow:0,jira:JiraIssue:2:10072,jira:JiraAccount:2:5ecfbd0c2490cf0c09e2e598,Gerile Tu,,Workflow,Software Simplified Workflow for Project EE-story2,Software Simplified Workflow for Project EE-task,,,2022-03-28T07:29:25.786+00:00,"{""ConnectionId"":2,""BoardId"":8}",_raw_jira_api_issues,12449,
jira:JiraIssueChangelogItems:2:295895:Workflow:0,jira:JiraIssue:2:10067,jira:JiraAccount:2:5ecfbd0c2490cf0c09e2e598,Gerile Tu,,Workflow,Software Simplified Workflow for Project EE-story2,Software Simplified Workflow for Project EE-task,,,2022-03-28T07:29:25.823+00:00,"{""ConnectionId"":2,""BoardId"":8}",_raw_jira_api_issues,12445,
jira:JiraIssueChangelogItems:2:295897:Workflow:0,jira:JiraIssue:2:10076,jira:JiraAccount:2:5ecfbd0c2490cf0c09e2e598,Gerile Tu,,Workflow,Software Simplified Workflow for Project EE-story2,Software Simplified Workflow for Project EE-task,,,2022-03-28T07:29:25.956+00:00,"{""ConnectionId"":2,""BoardId"":8}",_raw_jira_api_issues,12450,
jira:JiraIssueChangelogItems:2:295898:Workflow:0,jira:JiraIssue:2:10078,jira:JiraAccount:2:5ecfbd0c2490cf0c09e2e598,Gerile Tu,,Workflow,Software Simplified Workflow for Project EE-story2,Software Simplified Workflow for Project EE-task,,,2022-03-28T07:29:26.002+00:00,"{""ConnectionId"":2,""BoardId"":8}",_raw_jira_api_issues,12452,
jira:JiraIssueChangelogItems:2:296002:Workflow:0,jira:JiraIssue:2:10071,jira:JiraAccount:2:5ecfbd0c2490cf0c09e2e598,Gerile Tu,,Workflow,Software Simplified Workflow for Project EE-story2,Software Simplified Workflow for Project EE-task,,,2022-03-28T07:29:31.201+00:00,"{""ConnectionId"":2,""BoardId"":8}",_raw_jira_api_issues,12448,
jira:JiraIssueChangelogItems:2:296102:Workflow:0,jira:JiraIssue:2:10077,jira:JiraAccount:2:5ecfbd0c2490cf0c09e2e598,Gerile Tu,,Workflow,Software Simplified Workflow for Project EE-story2,Software Simplified Workflow for Project EE-task,,,2022-03-28T07:29:36.530+00:00,"{""ConnectionId"":2,""BoardId"":8}",_raw_jira_api_issues,12451,
jira:JiraIssueChangelogItems:2:296582:Workflow:0,jira:JiraIssue:2:10079,jira:JiraAccount:2:5ecfbd0c2490cf0c09e2e598,Gerile Tu,,Workflow,Software Simplified Workflow for Project EE-story2,Software Simplified Workflow for Project EE-task,,,2022-03-28T07:29:59.350+00:00,"{""ConnectionId"":2,""BoardId"":8}",_raw_jira_api_issues,12453,
jira:JiraIssueChangelogItems:2:33511:Workflow:0,jira:JiraIssue:2:10065,jira:JiraAccount:2:5e9711ba34f7b90c0fbc37d3,Rankin Zheng,,Workflow,EE Workflow v0.3,Software Simplified Workflow for Project EE,,,2020-11-09T08:52:12.696+00:00,"{""ConnectionId"":2,""BoardId"":8}",_raw_jira_api_issues,12443,
jira:JiraIssueChangelogItems:2:33512:Workflow:0,jira:JiraIssue:2:10079,jira:JiraAccount:2:5e9711ba34f7b90c0fbc37d3,Rankin Zheng,,Workflow,EE Workflow v0.3,Software Simplified Workflow for Project EE,,,2020-11-09T08:52:12.725+00:00,"{""ConnectionId"":2,""BoardId"":8}",_raw_jira_api_issues,12453,
jira:JiraIssueChangelogItems:2:33513:Workflow:0,jira:JiraIssue:2:10067,jira:JiraAccount:2:5e9711ba34f7b90c0fbc37d3,Rankin Zheng,,Workflow,EE Workflow v0.3,Software Simplified Workflow for Project EE,,,2020-11-09T08:52:12.752+00:00,"{""ConnectionId"":2,""BoardId"":8}",_raw_jira_api_issues,12445,
jira:JiraIssueChangelogItems:2:33514:Workflow:0,jira:JiraIssue:2:10089,jira:JiraAccount:2:5e9711ba34f7b90c0fbc37d3,Rankin Zheng,,Workflow,EE Workflow v0.3,Software Simplified Workflow for Project EE,,,2020-11-09T08:52:12.779+00:00,"{""ConnectionId"":2,""BoardId"":8}",_raw_jira_api_issues,12460,
jira:JiraIssueChangelogItems:2:33515:Workflow:0,jira:JiraIssue:2:10070,jira:JiraAccount:2:5e9711ba34f7b90c0fbc37d3,Rankin Zheng,,Workflow,EE Workflow v0.3,Software Simplified Workflow for Project EE,,,2020-11-09T08:52:12.806+00:00,"{""ConnectionId"":2,""BoardId"":8}",_raw_jira_api_issues,12447,
jira:JiraIssueChangelogItems:2:33516:Workflow:0,jira:JiraIssue:2:10072,jira:JiraAccount:2:5e9711ba34f7b90c0fbc37d3,Rankin Zheng,,Workflow,EE Workflow v0.3,Software Simplified Workflow for Project EE,,,2020-11-09T08:52:12.833+00:00,"{""ConnectionId"":2,""BoardId"":8}",_raw_jira_api_issues,12449,
jira:JiraIssueChangelogItems:2:33518:Workflow:0,jira:JiraIssue:2:10064,jira:JiraAccount:2:5e9711ba34f7b90c0fbc37d3,Rankin Zheng,,Workflow,EE Workflow v0.3,Software Simplified Workflow for Project EE,,,2020-11-09T08:52:12.887+00:00,"{""ConnectionId"":2,""BoardId"":8}",_raw_jira_api_issues,12442,
jira:JiraIssueChangelogItems:2:33520:Workflow:0,jira:JiraIssue:2:10091,jira:JiraAccount:2:5e9711ba34f7b90c0fbc37d3,Rankin Zheng,,Workflow,EE Workflow v0.3,Software Simplified Workflow for Project EE,,,2020-11-09T08:52:12.944+00:00,"{""ConnectionId"":2,""BoardId"":8}",_raw_jira_api_issues,12462,
jira:JiraIssueChangelogItems:2:33521:Workflow:0,jira:JiraIssue:2:10093,jira:JiraAccount:2:5e9711ba34f7b90c0fbc37d3,Rankin Zheng,,Workflow,EE Workflow v0.3,Software Simplified Workflow for Project EE,,,2020-11-09T08:52:12.971+00:00,"{""ConnectionId"":2,""BoardId"":8}",_raw_jira_api_issues,12464,
jira:JiraIssueChangelogItems:2:33522:Workflow:0,jira:JiraIssue:2:10099,jira:JiraAccount:2:5e9711ba34f7b90c0fbc37d3,Rankin Zheng,,Workflow,EE Workflow v0.3,Software Simplified Workflow for Project EE,,,2020-11-09T08:52:12.997+00:00,"{""ConnectionId"":2,""BoardId"":8}",_raw_jira_api_issues,12470,
jira:JiraIssueChangelogItems:2:33523:Workflow:0,jira:JiraIssue:2:10094,jira:JiraAccount:2:5e9711ba34f7b90c0fbc37d3,Rankin Zheng,,Workflow,EE Workflow v0.3,Software Simplified Workflow for Project EE,,,2020-11-09T08:52:13.026+00:00,"{""ConnectionId"":2,""BoardId"":8}",_raw_jira_api_issues,12465,
jira:JiraIssueChangelogItems:2:33524:Workflow:0,jira:JiraIssue:2:10098,jira:JiraAccount:2:5e9711ba34f7b90c0fbc37d3,Rankin Zheng,,Workflow,EE Workflow v0.3,Software Simplified Workflow for Project EE,,,2020-11-09T08:52:13.053+00:00,"{""ConnectionId"":2,""BoardId"":8}",_raw_jira_api_issues,12469,
jira:JiraIssueChangelogItems:2:33525:Workflow:0,jira:JiraIssue:2:10092,jira:JiraAccount:2:5e9711ba34f7b90c0fbc37d3,Rankin Zheng,,Workflow,EE Workflow v0.3,Software Simplified Workflow for Project EE,,,2020-11-09T08:52:13.079+00:00,"{""ConnectionId"":2,""BoardId"":8}",_raw_jira_api_issues,12463,
jira:JiraIssueChangelogItems:2:33526:Workflow:0,jira:JiraIssue:2:10088,jira:JiraAccount:2:5e9711ba34f7b90c0fbc37d3,Rankin Zheng,,Workflow,EE Workflow v0.3,Software Simplified Workflow for Project EE,,,2020-11-09T08:52:13.105+00:00,"{""ConnectionId"":2,""BoardId"":8}",_raw_jira_api_issues,12459,
jira:JiraIssueChangelogItems:2:33527:Workflow:0,jira:JiraIssue:2:10095,jira:JiraAccount:2:5e9711ba34f7b90c0fbc37d3,Rankin Zheng,,Workflow,EE Workflow v0.3,Software Simplified Workflow for Project EE,,,2020-11-09T08:52:13.132+00:00,"{""ConnectionId"":2,""BoardId"":8}",_raw_jira_api_issues,12466,
jira:JiraIssueChangelogItems:2:33529:Workflow:0,jira:JiraIssue:2:10097,jira:JiraAccount:2:5e9711ba34f7b90c0fbc37d3,Rankin Zheng,,Workflow,EE Workflow v0.3,Software Simplified Workflow for Project EE,,,2020-11-09T08:52:13.192+00:00,"{""ConnectionId"":2,""BoardId"":8}",_raw_jira_api_issues,12468,
jira:JiraIssueChangelogItems:2:33552:Workflow:0,jira:JiraIssue:2:10076,jira:JiraAccount:2:5e9711ba34f7b90c0fbc37d3,Rankin Zheng,,Workflow,EE Workflow v0.3,Software Simplified Workflow for Project EE,,,2020-11-09T08:52:13.815+00:00,"{""ConnectionId"":2,""BoardId"":8}",_raw_jira_api_issues,12450,
jira:JiraIssueChangelogItems:2:33553:Workflow:0,jira:JiraIssue:2:10068,jira:JiraAccount:2:5e9711ba34f7b90c0fbc37d3,Rankin Zheng,,Workflow,EE Workflow v0.3,Software Simplified Workflow for Project EE,,,2020-11-09T08:52:13.842+00:00,"{""ConnectionId"":2,""BoardId"":8}",_raw_jira_api_issues,12446,
jira:JiraIssueChangelogItems:2:33554:Workflow:0,jira:JiraIssue:2:10087,jira:JiraAccount:2:5e9711ba34f7b90c0fbc37d3,Rankin Zheng,,Workflow,EE Workflow v0.3,Software Simplified Workflow for Project EE,,,2020-11-09T08:52:13.868+00:00,"{""ConnectionId"":2,""BoardId"":8}",_raw_jira_api_issues,12458,
jira:JiraIssueChangelogItems:2:33555:Workflow:0,jira:JiraIssue:2:10078,jira:JiraAccount:2:5e9711ba34f7b90c0fbc37d3,Rankin Zheng,,Workflow,EE Workflow v0.3,Software Simplified Workflow for Project EE,,,2020-11-09T08:52:13.895+00:00,"{""ConnectionId"":2,""BoardId"":8}",_raw_jira_api_issues,12452,
jira:JiraIssueChangelogItems:2:33556:Workflow:0,jira:JiraIssue:2:10096,jira:JiraAccount:2:5e9711ba34f7b90c0fbc37d3,Rankin Zheng,,Workflow,EE Workflow v0.3,Software Simplified Workflow for Project EE,,,2020-11-09T08:52:13.922+00:00,"{""ConnectionId"":2,""BoardId"":8}",_raw_jira_api_issues,12467,
jira:JiraIssueChangelogItems:2:33560:Workflow:0,jira:JiraIssue:2:10086,jira:JiraAccount:2:5e9711ba34f7b90c0fbc37d3,Rankin Zheng,,Workflow,EE Workflow v0.3,Software Simplified Workflow for Project EE,,,2020-11-09T08:52:14.030+00:00,"{""ConnectionId"":2,""BoardId"":8}",_raw_jira_api_issues,12457,
jira:JiraIssueChangelogItems:2:33561:Workflow:0,jira:JiraIssue:2:10085,jira:JiraAccount:2:5e9711ba34f7b90c0fbc37d3,Rankin Zheng,,Workflow,EE Workflow v0.3,Software Simplified Workflow for Project EE,,,2020-11-09T08:52:14.059+00:00,"{""ConnectionId"":2,""BoardId"":8}",_raw_jira_api_issues,12456,
jira:JiraIssueChangelogItems:2:33568:Workflow:0,jira:JiraIssue:2:10081,jira:JiraAccount:2:5e9711ba34f7b90c0fbc37d3,Rankin Zheng,,Workflow,EE Workflow v0.3,Software Simplified Workflow for Project EE,,,2020-11-09T08:52:14.251+00:00,"{""ConnectionId"":2,""BoardId"":8}",_raw_jira_api_issues,12454,
jira:JiraIssueChangelogItems:2:33583:Workflow:0,jira:JiraIssue:2:10082,jira:JiraAccount:2:5e9711ba34f7b90c0fbc37d3,Rankin Zheng,,Workflow,EE Workflow v0.3,Software Simplified Workflow for Project EE,,,2020-11-09T08:52:14.657+00:00,"{""ConnectionId"":2,""BoardId"":8}",_raw_jira_api_issues,12455,
jira:JiraIssueChangelogItems:2:33643:Workflow:0,jira:JiraIssue:2:10077,jira:JiraAccount:2:5e9711ba34f7b90c0fbc37d3,Rankin Zheng,,Workflow,EE Workflow v0.3,Software Simplified Workflow for Project EE,,,2020-11-09T08:52:16.301+00:00,"{""ConnectionId"":2,""BoardId"":8}",_raw_jira_api_issues,12451,
jira:JiraIssueChangelogItems:2:33711:Workflow:0,jira:JiraIssue:2:10090,jira:JiraAccount:2:5e9711ba34f7b90c0fbc37d3,Rankin Zheng,,Workflow,EE Workflow v0.3,Software Simplified Workflow for Project EE,,,2020-11-09T08:52:18.170+00:00,"{""ConnectionId"":2,""BoardId"":8}",_raw_jira_api_issues,12461,
jira:JiraIssueChangelogItems:2:33772:Workflow:0,jira:JiraIssue:2:10063,jira:JiraAccount:2:5e9711ba34f7b90c0fbc37d3,Rankin Zheng,,Workflow,EE Workflow v0.3,Software Simplified Workflow for Project EE,,,2020-11-09T08:52:19.835+00:00,"{""ConnectionId"":2,""BoardId"":8}",_raw_jira_api_issues,12441,
jira:JiraIssueChangelogItems:2:33795:Workflow:0,jira:JiraIssue:2:10066,jira:JiraAccount:2:5e9711ba34f7b90c0fbc37d3,Rankin Zheng,,Workflow,EE Workflow v0.3,Software Simplified Workflow for Project EE,,,2020-11-09T08:52:20.456+00:00,"{""ConnectionId"":2,""BoardId"":8}",_raw_jira_api_issues,12444,
jira:JiraIssueChangelogItems:2:33861:Workflow:0,jira:JiraIssue:2:10071,jira:JiraAccount:2:5e9711ba34f7b90c0fbc37d3,Rankin Zheng,,Workflow,EE Workflow v0.3,Software Simplified Workflow for Project EE,,,2020-11-09T08:52:22.258+00:00,"{""ConnectionId"":2,""BoardId"":8}",_raw_jira_api_issues,12448,
jira:JiraIssueChangelogItems:2:35059:status:0,jira:JiraIssue:2:10068,jira:JiraAccount:2:5e9711ba34f7b90c0fbc37d3,Rankin Zheng,status,status,Resolved,Closed,DONE,DONE,2020-11-10T01:43:00.248+00:00,"{""ConnectionId"":2,""BoardId"":8}",_raw_jira_api_issues,12446,
jira:JiraIssueChangelogItems:2:35068:status:0,jira:JiraIssue:2:10066,jira:JiraAccount:2:5e9711ba34f7b90c0fbc37d3,Rankin Zheng,status,status,Resolved,Closed,DONE,DONE,2020-11-10T01:43:01.715+00:00,"{""ConnectionId"":2,""BoardId"":8}",_raw_jira_api_issues,12444,
jira:JiraIssueChangelogItems:2:35071:status:0,jira:JiraIssue:2:10067,jira:JiraAccount:2:5e9711ba34f7b90c0fbc37d3,Rankin Zheng,status,status,Resolved,Closed,DONE,DONE,2020-11-10T01:43:02.257+00:00,"{""ConnectionId"":2,""BoardId"":8}",_raw_jira_api_issues,12445,
jira:JiraIssueChangelogItems:2:35073:status:0,jira:JiraIssue:2:10064,jira:JiraAccount:2:5e9711ba34f7b90c0fbc37d3,Rankin Zheng,status,status,Resolved,Closed,DONE,DONE,2020-11-10T01:43:02.579+00:00,"{""ConnectionId"":2,""BoardId"":8}",_raw_jira_api_issues,12442,
jira:JiraIssueChangelogItems:2:35075:status:0,jira:JiraIssue:2:10065,jira:JiraAccount:2:5e9711ba34f7b90c0fbc37d3,Rankin Zheng,status,status,Resolved,Closed,DONE,DONE,2020-11-10T01:43:02.920+00:00,"{""ConnectionId"":2,""BoardId"":8}",_raw_jira_api_issues,12443,
jira:JiraIssueChangelogItems:2:35078:status:0,jira:JiraIssue:2:10079,jira:JiraAccount:2:5e9711ba34f7b90c0fbc37d3,Rankin Zheng,status,status,Resolved,Closed,DONE,DONE,2020-11-10T01:43:03.405+00:00,"{""ConnectionId"":2,""BoardId"":8}",_raw_jira_api_issues,12453,
jira:JiraIssueChangelogItems:2:35084:status:0,jira:JiraIssue:2:10071,jira:JiraAccount:2:5e9711ba34f7b90c0fbc37d3,Rankin Zheng,status,status,Resolved,Closed,DONE,DONE,2020-11-10T01:43:04.395+00:00,"{""ConnectionId"":2,""BoardId"":8}",_raw_jira_api_issues,12448,
jira:JiraIssueChangelogItems:2:35085:status:0,jira:JiraIssue:2:10072,jira:JiraAccount:2:5e9711ba34f7b90c0fbc37d3,Rankin Zheng,status,status,Resolved,Closed,DONE,DONE,2020-11-10T01:43:04.546+00:00,"{""ConnectionId"":2,""BoardId"":8}",_raw_jira_api_issues,12449,
jira:JiraIssueChangelogItems:2:35087:status:0,jira:JiraIssue:2:10077,jira:JiraAccount:2:5e9711ba34f7b90c0fbc37d3,Rankin Zheng,status,status,Resolved,Closed,DONE,DONE,2020-11-10T01:43:04.856+00:00,"{""ConnectionId"":2,""BoardId"":8}",_raw_jira_api_issues,12451,
jira:JiraIssueChangelogItems:2:35089:status:0,jira:JiraIssue:2:10078,jira:JiraAccount:2:5e9711ba34f7b90c0fbc37d3,Rankin Zheng,status,status,Resolved,Closed,DONE,DONE,2020-11-10T01:43:05.191+00:00,"{""ConnectionId"":2,""BoardId"":8}",_raw_jira_api_issues,12452,
jira:JiraIssueChangelogItems:2:35090:status:0,jira:JiraIssue:2:10076,jira:JiraAccount:2:5e9711ba34f7b90c0fbc37d3,Rankin Zheng,status,status,Resolved,Closed,DONE,DONE,2020-11-10T01:43:05.342+00:00,"{""ConnectionId"":2,""BoardId"":8}",_raw_jira_api_issues,12450,
jira:JiraIssueChangelogItems:2:35091:status:0,jira:JiraIssue:2:10070,jira:JiraAccount:2:5e9711ba34f7b90c0fbc37d3,Rankin Zheng,status,status,Resolved,Closed,DONE,DONE,2020-11-10T01:43:05.504+00:00,"{""ConnectionId"":2,""BoardId"":8}",_raw_jira_api_issues,12447,
jira:JiraIssueChangelogItems:2:35105:status:0,jira:JiraIssue:2:10089,jira:JiraAccount:2:5e9711ba34f7b90c0fbc37d3,Rankin Zheng,status,status,Resolved,Closed,DONE,DONE,2020-11-10T01:43:07.931+00:00,"{""ConnectionId"":2,""BoardId"":8}",_raw_jira_api_issues,12460,
jira:JiraIssueChangelogItems:2:35107:status:0,jira:JiraIssue:2:10087,jira:JiraAccount:2:5e9711ba34f7b90c0fbc37d3,Rankin Zheng,status,status,Resolved,Closed,DONE,DONE,2020-11-10T01:43:08.243+00:00,"{""ConnectionId"":2,""BoardId"":8}",_raw_jira_api_issues,12458,
jira:JiraIssueChangelogItems:2:35109:status:0,jira:JiraIssue:2:10081,jira:JiraAccount:2:5e9711ba34f7b90c0fbc37d3,Rankin Zheng,status,status,Resolved,Closed,DONE,DONE,2020-11-10T01:43:08.611+00:00,"{""ConnectionId"":2,""BoardId"":8}",_raw_jira_api_issues,12454,
jira:JiraIssueChangelogItems:2:35114:status:0,jira:JiraIssue:2:10096,jira:JiraAccount:2:5e9711ba34f7b90c0fbc37d3,Rankin Zheng,status,status,Resolved,Closed,DONE,DONE,2020-11-10T01:43:09.436+00:00,"{""ConnectionId"":2,""BoardId"":8}",_raw_jira_api_issues,12467,
jira:JiraIssueChangelogItems:2:35115:status:0,jira:JiraIssue:2:10093,jira:JiraAccount:2:5e9711ba34f7b90c0fbc37d3,Rankin Zheng,status,status,Resolved,Closed,DONE,DONE,2020-11-10T01:43:09.596+00:00,"{""ConnectionId"":2,""BoardId"":8}",_raw_jira_api_issues,12464,
jira:JiraIssueChangelogItems:2:35116:status:0,jira:JiraIssue:2:10094,jira:JiraAccount:2:5e9711ba34f7b90c0fbc37d3,Rankin Zheng,status,status,Resolved,Closed,DONE,DONE,2020-11-10T01:43:09.775+00:00,"{""ConnectionId"":2,""BoardId"":8}",_raw_jira_api_issues,12465,
jira:JiraIssueChangelogItems:2:35118:status:0,jira:JiraIssue:2:10099,jira:JiraAccount:2:5e9711ba34f7b90c0fbc37d3,Rankin Zheng,status,status,Resolved,Closed,DONE,DONE,2020-11-10T01:43:10.084+00:00,"{""ConnectionId"":2,""BoardId"":8}",_raw_jira_api_issues,12470,
jira:JiraIssueChangelogItems:2:35122:status:0,jira:JiraIssue:2:10098,jira:JiraAccount:2:5e9711ba34f7b90c0fbc37d3,Rankin Zheng,status,status,Resolved,Closed,DONE,DONE,2020-11-10T01:43:10.712+00:00,"{""ConnectionId"":2,""BoardId"":8}",_raw_jira_api_issues,12469,
jira:JiraIssueChangelogItems:2:35123:status:0,jira:JiraIssue:2:10091,jira:JiraAccount:2:5e9711ba34f7b90c0fbc37d3,Rankin Zheng,status,status,Resolved,Closed,DONE,DONE,2020-11-10T01:43:10.893+00:00,"{""ConnectionId"":2,""BoardId"":8}",_raw_jira_api_issues,12462,
jira:JiraIssueChangelogItems:2:35125:status:0,jira:JiraIssue:2:10090,jira:JiraAccount:2:5e9711ba34f7b90c0fbc37d3,Rankin Zheng,status,status,Resolved,Closed,DONE,DONE,2020-11-10T01:43:11.228+00:00,"{""ConnectionId"":2,""BoardId"":8}",_raw_jira_api_issues,12461,
jira:JiraIssueChangelogItems:2:35316:issuetype:0,jira:JiraIssue:2:10079,jira:JiraAccount:2:5e9711ba34f7b90c0fbc37d3,Rankin Zheng,issuetype,issuetype,Technical-Debt,Task,,,2020-11-10T02:11:30.721+00:00,"{""ConnectionId"":2,""BoardId"":8}",_raw_jira_api_issues,12453,
jira:JiraIssueChangelogItems:2:35317:issuetype:0,jira:JiraIssue:2:10078,jira:JiraAccount:2:5e9711ba34f7b90c0fbc37d3,Rankin Zheng,issuetype,issuetype,Technical-Debt,Task,,,2020-11-10T02:11:30.827+00:00,"{""ConnectionId"":2,""BoardId"":8}",_raw_jira_api_issues,12452,
jira:JiraIssueChangelogItems:2:35318:issuetype:0,jira:JiraIssue:2:10077,jira:JiraAccount:2:5e9711ba34f7b90c0fbc37d3,Rankin Zheng,issuetype,issuetype,Technical-Debt,Task,,,2020-11-10T02:11:30.934+00:00,"{""ConnectionId"":2,""BoardId"":8}",_raw_jira_api_issues,12451,
jira:JiraIssueChangelogItems:2:35319:issuetype:0,jira:JiraIssue:2:10076,jira:JiraAccount:2:5e9711ba34f7b90c0fbc37d3,Rankin Zheng,issuetype,issuetype,Technical-Debt,Task,,,2020-11-10T02:11:31.036+00:00,"{""ConnectionId"":2,""BoardId"":8}",_raw_jira_api_issues,12450,
jira:JiraIssueChangelogItems:2:35320:issuetype:0,jira:JiraIssue:2:10072,jira:JiraAccount:2:5e9711ba34f7b90c0fbc37d3,Rankin Zheng,issuetype,issuetype,Technical-Debt,Task,,,2020-11-10T02:11:31.144+00:00,"{""ConnectionId"":2,""BoardId"":8}",_raw_jira_api_issues,12449,
jira:JiraIssueChangelogItems:2:35321:issuetype:0,jira:JiraIssue:2:10071,jira:JiraAccount:2:5e9711ba34f7b90c0fbc37d3,Rankin Zheng,issuetype,issuetype,Technical-Debt,Task,,,2020-11-10T02:11:31.265+00:00,"{""ConnectionId"":2,""BoardId"":8}",_raw_jira_api_issues,12448,
jira:JiraIssueChangelogItems:2:35322:issuetype:0,jira:JiraIssue:2:10070,jira:JiraAccount:2:5e9711ba34f7b90c0fbc37d3,Rankin Zheng,issuetype,issuetype,Technical-Debt,Task,,,2020-11-10T02:11:31.366+00:00,"{""ConnectionId"":2,""BoardId"":8}",_raw_jira_api_issues,12447,
jira:JiraIssueChangelogItems:2:35323:issuetype:0,jira:JiraIssue:2:10067,jira:JiraAccount:2:5e9711ba34f7b90c0fbc37d3,Rankin Zheng,issuetype,issuetype,Technical-Debt,Task,,,2020-11-10T02:11:31.537+00:00,"{""ConnectionId"":2,""BoardId"":8}",_raw_jira_api_issues,12445,
jira:JiraIssueChangelogItems:2:86125:status:0,jira:JiraIssue:2:10079,jira:JiraAccount:2:5e9711ba34f7b90c0fbc37d3,Rankin Zheng,status,status,Closed,已完成,DONE,,2021-03-28T08:05:54.428+00:00,"{""ConnectionId"":2,""BoardId"":8}",_raw_jira_api_issues,12453,
jira:JiraIssueChangelogItems:2:86125:Workflow:0,jira:JiraIssue:2:10079,jira:JiraAccount:2:5e9711ba34f7b90c0fbc37d3,Rankin Zheng,,Workflow,Software Simplified Workflow for Project EE,Software Simplified Workflow for Project EE-story,,,2021-03-28T08:05:54.428+00:00,"{""ConnectionId"":2,""BoardId"":8}",_raw_jira_api_issues,12453,
jira:JiraIssueChangelogItems:2:86126:status:0,jira:JiraIssue:2:10072,jira:JiraAccount:2:5e9711ba34f7b90c0fbc37d3,Rankin Zheng,status,status,Closed,已完成,DONE,,2021-03-28T08:05:54.475+00:00,"{""ConnectionId"":2,""BoardId"":8}",_raw_jira_api_issues,12449,
jira:JiraIssueChangelogItems:2:86126:Workflow:0,jira:JiraIssue:2:10072,jira:JiraAccount:2:5e9711ba34f7b90c0fbc37d3,Rankin Zheng,,Workflow,Software Simplified Workflow for Project EE,Software Simplified Workflow for Project EE-story,,,2021-03-28T08:05:54.475+00:00,"{""ConnectionId"":2,""BoardId"":8}",_raw_jira_api_issues,12449,
jira:JiraIssueChangelogItems:2:86128:status:0,jira:JiraIssue:2:10070,jira:JiraAccount:2:5e9711ba34f7b90c0fbc37d3,Rankin Zheng,status,status,Closed,已完成,DONE,,2021-03-28T08:05:54.578+00:00,"{""ConnectionId"":2,""BoardId"":8}",_raw_jira_api_issues,12447,
jira:JiraIssueChangelogItems:2:86128:Workflow:0,jira:JiraIssue:2:10070,jira:JiraAccount:2:5e9711ba34f7b90c0fbc37d3,Rankin Zheng,,Workflow,Software Simplified Workflow for Project EE,Software Simplified Workflow for Project EE-story,,,2021-03-28T08:05:54.578+00:00,"{""ConnectionId"":2,""BoardId"":8}",_raw_jira_api_issues,12447,
jira:JiraIssueChangelogItems:2:86129:status:0,jira:JiraIssue:2:10067,jira:JiraAccount:2:5e9711ba34f7b90c0fbc37d3,Rankin Zheng,status,status,Closed,已完成,DONE,,2021-03-28T08:05:54.624+00:00,"{""ConnectionId"":2,""BoardId"":8}",_raw_jira_api_issues,12445,
jira:JiraIssueChangelogItems:2:86129:Workflow:0,jira:JiraIssue:2:10067,jira:JiraAccount:2:5e9711ba34f7b90c0fbc37d3,Rankin Zheng,,Workflow,Software Simplified Workflow for Project EE,Software Simplified Workflow for Project EE-story,,,2021-03-28T08:05:54.624+00:00,"{""ConnectionId"":2,""BoardId"":8}",_raw_jira_api_issues,12445,
jira:JiraIssueChangelogItems:2:86135:status:0,jira:JiraIssue:2:10064,jira:JiraAccount:2:5e9711ba34f7b90c0fbc37d3,Rankin Zheng,status,status,Closed,已完成,DONE,,2021-03-28T08:05:55.017+00:00,"{""ConnectionId"":2,""BoardId"":8}",_raw_jira_api_issues,12442,
jira:JiraIssueChangelogItems:2:86135:Workflow:0,jira:JiraIssue:2:10064,jira:JiraAccount:2:5e9711ba34f7b90c0fbc37d3,Rankin Zheng,,Workflow,Software Simplified Workflow for Project EE,Software Simplified Workflow for Project EE-story,,,2021-03-28T08:05:55.017+00:00,"{""ConnectionId"":2,""BoardId"":8}",_raw_jira_api_issues,12442,
jira:JiraIssueChangelogItems:2:86136:status:0,jira:JiraIssue:2:10065,jira:JiraAccount:2:5e9711ba34f7b90c0fbc37d3,Rankin Zheng,status,status,Closed,已完成,DONE,,2021-03-28T08:05:55.063+00:00,"{""ConnectionId"":2,""BoardId"":8}",_raw_jira_api_issues,12443,
jira:JiraIssueChangelogItems:2:86136:Workflow:0,jira:JiraIssue:2:10065,jira:JiraAccount:2:5e9711ba34f7b90c0fbc37d3,Rankin Zheng,,Workflow,Software Simplified Workflow for Project EE,Software Simplified Workflow for Project EE-story,,,2021-03-28T08:05:55.063+00:00,"{""ConnectionId"":2,""BoardId"":8}",_raw_jira_api_issues,12443,
jira:JiraIssueChangelogItems:2:86138:status:0,jira:JiraIssue:2:10092,jira:JiraAccount:2:5e9711ba34f7b90c0fbc37d3,Rankin Zheng,status,status,Closed,已完成,DONE,,2021-03-28T08:05:55.162+00:00,"{""ConnectionId"":2,""BoardId"":8}",_raw_jira_api_issues,12463,
jira:JiraIssueChangelogItems:2:86138:Workflow:0,jira:JiraIssue:2:10092,jira:JiraAccount:2:5e9711ba34f7b90c0fbc37d3,Rankin Zheng,,Workflow,Software Simplified Workflow for Project EE,Software Simplified Workflow for Project EE-subtask,,,2021-03-28T08:05:55.162+00:00,"{""ConnectionId"":2,""BoardId"":8}",_raw_jira_api_issues,12463,
jira:JiraIssueChangelogItems:2:86139:status:0,jira:JiraIssue:2:10088,jira:JiraAccount:2:5e9711ba34f7b90c0fbc37d3,Rankin Zheng,status,status,Closed,已完成,DONE,,2021-03-28T08:05:55.210+00:00,"{""ConnectionId"":2,""BoardId"":8}",_raw_jira_api_issues,12459,
jira:JiraIssueChangelogItems:2:86139:Workflow:0,jira:JiraIssue:2:10088,jira:JiraAccount:2:5e9711ba34f7b90c0fbc37d3,Rankin Zheng,,Workflow,Software Simplified Workflow for Project EE,Software Simplified Workflow for Project EE-subtask,,,2021-03-28T08:05:55.210+00:00,"{""ConnectionId"":2,""BoardId"":8}",_raw_jira_api_issues,12459,
jira:JiraIssueChangelogItems:2:86140:status:0,jira:JiraIssue:2:10095,jira:JiraAccount:2:5e9711ba34f7b90c0fbc37d3,Rankin Zheng,status,status,Closed,已完成,DONE,,2021-03-28T08:05:55.255+00:00,"{""ConnectionId"":2,""BoardId"":8}",_raw_jira_api_issues,12466,
jira:JiraIssueChangelogItems:2:86140:Workflow:0,jira:JiraIssue:2:10095,jira:JiraAccount:2:5e9711ba34f7b90c0fbc37d3,Rankin Zheng,,Workflow,Software Simplified Workflow for Project EE,Software Simplified Workflow for Project EE-subtask,,,2021-03-28T08:05:55.255+00:00,"{""ConnectionId"":2,""BoardId"":8}",_raw_jira_api_issues,12466,
jira:JiraIssueChangelogItems:2:86142:status:0,jira:JiraIssue:2:10097,jira:JiraAccount:2:5e9711ba34f7b90c0fbc37d3,Rankin Zheng,status,status,Closed,已完成,DONE,,2021-03-28T08:05:55.354+00:00,"{""ConnectionId"":2,""BoardId"":8}",_raw_jira_api_issues,12468,
jira:JiraIssueChangelogItems:2:86142:Workflow:0,jira:JiraIssue:2:10097,jira:JiraAccount:2:5e9711ba34f7b90c0fbc37d3,Rankin Zheng,,Workflow,Software Simplified Workflow for Project EE,Software Simplified Workflow for Project EE-subtask,,,2021-03-28T08:05:55.354+00:00,"{""ConnectionId"":2,""BoardId"":8}",_raw_jira_api_issues,12468,
jira:JiraIssueChangelogItems:2:86145:status:0,jira:JiraIssue:2:10089,jira:JiraAccount:2:5e9711ba34f7b90c0fbc37d3,Rankin Zheng,status,status,Closed,已完成,DONE,,2021-03-28T08:05:55.499+00:00,"{""ConnectionId"":2,""BoardId"":8}",_raw_jira_api_issues,12460,
jira:JiraIssueChangelogItems:2:86145:Workflow:0,jira:JiraIssue:2:10089,jira:JiraAccount:2:5e9711ba34f7b90c0fbc37d3,Rankin Zheng,,Workflow,Software Simplified Workflow for Project EE,Software Simplified Workflow for Project EE-subtask,,,2021-03-28T08:05:55.499+00:00,"{""ConnectionId"":2,""BoardId"":8}",_raw_jira_api_issues,12460,
jira:JiraIssueChangelogItems:2:86146:status:0,jira:JiraIssue:2:10093,jira:JiraAccount:2:5e9711ba34f7b90c0fbc37d3,Rankin Zheng,status,status,Closed,已完成,DONE,,2021-03-28T08:05:55.546+00:00,"{""ConnectionId"":2,""BoardId"":8}",_raw_jira_api_issues,12464,
jira:JiraIssueChangelogItems:2:86146:Workflow:0,jira:JiraIssue:2:10093,jira:JiraAccount:2:5e9711ba34f7b90c0fbc37d3,Rankin Zheng,,Workflow,Software Simplified Workflow for Project EE,Software Simplified Workflow for Project EE-subtask,,,2021-03-28T08:05:55.546+00:00,"{""ConnectionId"":2,""BoardId"":8}",_raw_jira_api_issues,12464,
jira:JiraIssueChangelogItems:2:86147:status:0,jira:JiraIssue:2:10094,jira:JiraAccount:2:5e9711ba34f7b90c0fbc37d3,Rankin Zheng,status,status,Closed,已完成,DONE,,2021-03-28T08:05:55.593+00:00,"{""ConnectionId"":2,""BoardId"":8}",_raw_jira_api_issues,12465,
jira:JiraIssueChangelogItems:2:86147:Workflow:0,jira:JiraIssue:2:10094,jira:JiraAccount:2:5e9711ba34f7b90c0fbc37d3,Rankin Zheng,,Workflow,Software Simplified Workflow for Project EE,Software Simplified Workflow for Project EE-subtask,,,2021-03-28T08:05:55.593+00:00,"{""ConnectionId"":2,""BoardId"":8}",_raw_jira_api_issues,12465,
jira:JiraIssueChangelogItems:2:86148:status:0,jira:JiraIssue:2:10099,jira:JiraAccount:2:5e9711ba34f7b90c0fbc37d3,Rankin Zheng,status,status,Closed,已完成,DONE,,2021-03-28T08:05:55.640+00:00,"{""ConnectionId"":2,""BoardId"":8}",_raw_jira_api_issues,12470,
jira:JiraIssueChangelogItems:2:86148:Workflow:0,jira:JiraIssue:2:10099,jira:JiraAccount:2:5e9711ba34f7b90c0fbc37d3,Rankin Zheng,,Workflow,Software Simplified Workflow for Project EE,Software Simplified Workflow for Project EE-subtask,,,2021-03-28T08:05:55.640+00:00,"{""ConnectionId"":2,""BoardId"":8}",_raw_jira_api_issues,12470,
jira:JiraIssueChangelogItems:2:86149:status:0,jira:JiraIssue:2:10098,jira:JiraAccount:2:5e9711ba34f7b90c0fbc37d3,Rankin Zheng,status,status,Closed,已完成,DONE,,2021-03-28T08:05:55.687+00:00,"{""ConnectionId"":2,""BoardId"":8}",_raw_jira_api_issues,12469,
jira:JiraIssueChangelogItems:2:86149:Workflow:0,jira:JiraIssue:2:10098,jira:JiraAccount:2:5e9711ba34f7b90c0fbc37d3,Rankin Zheng,,Workflow,Software Simplified Workflow for Project EE,Software Simplified Workflow for Project EE-subtask,,,2021-03-28T08:05:55.687+00:00,"{""ConnectionId"":2,""BoardId"":8}",_raw_jira_api_issues,12469,
jira:JiraIssueChangelogItems:2:86150:status:0,jira:JiraIssue:2:10091,jira:JiraAccount:2:5e9711ba34f7b90c0fbc37d3,Rankin Zheng,status,status,Closed,已完成,DONE,,2021-03-28T08:05:55.733+00:00,"{""ConnectionId"":2,""BoardId"":8}",_raw_jira_api_issues,12462,
jira:JiraIssueChangelogItems:2:86150:Workflow:0,jira:JiraIssue:2:10091,jira:JiraAccount:2:5e9711ba34f7b90c0fbc37d3,Rankin Zheng,,Workflow,Software Simplified Workflow for Project EE,Software Simplified Workflow for Project EE-subtask,,,2021-03-28T08:05:55.733+00:00,"{""ConnectionId"":2,""BoardId"":8}",_raw_jira_api_issues,12462,
jira:JiraIssueChangelogItems:2:86152:status:0,jira:JiraIssue:2:10086,jira:JiraAccount:2:5e9711ba34f7b90c0fbc37d3,Rankin Zheng,status,status,Closed,已完成,DONE,,2021-03-28T08:05:55.821+00:00,"{""ConnectionId"":2,""BoardId"":8}",_raw_jira_api_issues,12457,
jira:JiraIssueChangelogItems:2:86152:Workflow:0,jira:JiraIssue:2:10086,jira:JiraAccount:2:5e9711ba34f7b90c0fbc37d3,Rankin Zheng,,Workflow,Software Simplified Workflow for Project EE,Software Simplified Workflow for Project EE-story,,,2021-03-28T08:05:55.821+00:00,"{""ConnectionId"":2,""BoardId"":8}",_raw_jira_api_issues,12457,
jira:JiraIssueChangelogItems:2:86153:status:0,jira:JiraIssue:2:10078,jira:JiraAccount:2:5e9711ba34f7b90c0fbc37d3,Rankin Zheng,status,status,Closed,已完成,DONE,,2021-03-28T08:05:55.864+00:00,"{""ConnectionId"":2,""BoardId"":8}",_raw_jira_api_issues,12452,
jira:JiraIssueChangelogItems:2:86153:Workflow:0,jira:JiraIssue:2:10078,jira:JiraAccount:2:5e9711ba34f7b90c0fbc37d3,Rankin Zheng,,Workflow,Software Simplified Workflow for Project EE,Software Simplified Workflow for Project EE-story,,,2021-03-28T08:05:55.864+00:00,"{""ConnectionId"":2,""BoardId"":8}",_raw_jira_api_issues,12452,
jira:JiraIssueChangelogItems:2:86159:status:0,jira:JiraIssue:2:10076,jira:JiraAccount:2:5e9711ba34f7b90c0fbc37d3,Rankin Zheng,status,status,Closed,已完成,DONE,,2021-03-28T08:05:56.154+00:00,"{""ConnectionId"":2,""BoardId"":8}",_raw_jira_api_issues,12450,
jira:JiraIssueChangelogItems:2:86159:Workflow:0,jira:JiraIssue:2:10076,jira:JiraAccount:2:5e9711ba34f7b90c0fbc37d3,Rankin Zheng,,Workflow,Software Simplified Workflow for Project EE,Software Simplified Workflow for Project EE-story,,,2021-03-28T08:05:56.154+00:00,"{""ConnectionId"":2,""BoardId"":8}",_raw_jira_api_issues,12450,
jira:JiraIssueChangelogItems:2:86171:status:0,jira:JiraIssue:2:10068,jira:JiraAccount:2:5e9711ba34f7b90c0fbc37d3,Rankin Zheng,status,status,Closed,已完成,DONE,,2021-03-28T08:05:56.751+00:00,"{""ConnectionId"":2,""BoardId"":8}",_raw_jira_api_issues,12446,
jira:JiraIssueChangelogItems:2:86171:Workflow:0,jira:JiraIssue:2:10068,jira:JiraAccount:2:5e9711ba34f7b90c0fbc37d3,Rankin Zheng,,Workflow,Software Simplified Workflow for Project EE,Software Simplified Workflow for Project EE-story,,,2021-03-28T08:05:56.751+00:00,"{""ConnectionId"":2,""BoardId"":8}",_raw_jira_api_issues,12446,
jira:JiraIssueChangelogItems:2:86178:status:0,jira:JiraIssue:2:10085,jira:JiraAccount:2:5e9711ba34f7b90c0fbc37d3,Rankin Zheng,status,status,Closed,已完成,DONE,,2021-03-28T08:05:57.097+00:00,"{""ConnectionId"":2,""BoardId"":8}",_raw_jira_api_issues,12456,
jira:JiraIssueChangelogItems:2:86178:Workflow:0,jira:JiraIssue:2:10085,jira:JiraAccount:2:5e9711ba34f7b90c0fbc37d3,Rankin Zheng,,Workflow,Software Simplified Workflow for Project EE,Software Simplified Workflow for Project EE-story,,,2021-03-28T08:05:57.097+00:00,"{""ConnectionId"":2,""BoardId"":8}",_raw_jira_api_issues,12456,
jira:JiraIssueChangelogItems:2:86180:status:0,jira:JiraIssue:2:10087,jira:JiraAccount:2:5e9711ba34f7b90c0fbc37d3,Rankin Zheng,status,status,Closed,已完成,DONE,,2021-03-28T08:05:57.190+00:00,"{""ConnectionId"":2,""BoardId"":8}",_raw_jira_api_issues,12458,
jira:JiraIssueChangelogItems:2:86180:Workflow:0,jira:JiraIssue:2:10087,jira:JiraAccount:2:5e9711ba34f7b90c0fbc37d3,Rankin Zheng,,Workflow,Software Simplified Workflow for Project EE,Software Simplified Workflow for Project EE-subtask,,,2021-03-28T08:05:57.190+00:00,"{""ConnectionId"":2,""BoardId"":8}",_raw_jira_api_issues,12458,
jira:JiraIssueChangelogItems:2:86181:status:0,jira:JiraIssue:2:10096,jira:JiraAccount:2:5e9711ba34f7b90c0fbc37d3,Rankin Zheng,status,status,Closed,已完成,DONE,,2021-03-28T08:05:57.234+00:00,"{""ConnectionId"":2,""BoardId"":8}",_raw_jira_api_issues,12467,
jira:JiraIssueChangelogItems:2:86181:Workflow:0,jira:JiraIssue:2:10096,jira:JiraAccount:2:5e9711ba34f7b90c0fbc37d3,Rankin Zheng,,Workflow,Software Simplified Workflow for Project EE,Software Simplified Workflow for Project EE-subtask,,,2021-03-28T08:05:57.234+00:00,"{""ConnectionId"":2,""BoardId"":8}",_raw_jira_api_issues,12467,
jira:JiraIssueChangelogItems:2:86183:status:0,jira:JiraIssue:2:10081,jira:JiraAccount:2:5e9711ba34f7b90c0fbc37d3,Rankin Zheng,status,status,Closed,已完成,DONE,,2021-03-28T08:05:57.327+00:00,"{""ConnectionId"":2,""BoardId"":8}",_raw_jira_api_issues,12454,
jira:JiraIssueChangelogItems:2:86183:Workflow:0,jira:JiraIssue:2:10081,jira:JiraAccount:2:5e9711ba34f7b90c0fbc37d3,Rankin Zheng,,Workflow,Software Simplified Workflow for Project EE,Software Simplified Workflow for Project EE-story,,,2021-03-28T08:05:57.327+00:00,"{""ConnectionId"":2,""BoardId"":8}",_raw_jira_api_issues,12454,
jira:JiraIssueChangelogItems:2:86193:status:0,jira:JiraIssue:2:10082,jira:JiraAccount:2:5e9711ba34f7b90c0fbc37d3,Rankin Zheng,status,status,Closed,已完成,DONE,,2021-03-28T08:05:57.832+00:00,"{""ConnectionId"":2,""BoardId"":8}",_raw_jira_api_issues,12455,
jira:JiraIssueChangelogItems:2:86193:Workflow:0,jira:JiraIssue:2:10082,jira:JiraAccount:2:5e9711ba34f7b90c0fbc37d3,Rankin Zheng,,Workflow,Software Simplified Workflow for Project EE,Software Simplified Workflow for Project EE-story,,,2021-03-28T08:05:57.832+00:00,"{""ConnectionId"":2,""BoardId"":8}",_raw_jira_api_issues,12455,
jira:JiraIssueChangelogItems:2:86275:status:0,jira:JiraIssue:2:10077,jira:JiraAccount:2:5e9711ba34f7b90c0fbc37d3,Rankin Zheng,status,status,Closed,已完成,DONE,,2021-03-28T08:06:01.998+00:00,"{""ConnectionId"":2,""BoardId"":8}",_raw_jira_api_issues,12451,
jira:JiraIssueChangelogItems:2:86275:Workflow:0,jira:JiraIssue:2:10077,jira:JiraAccount:2:5e9711ba34f7b90c0fbc37d3,Rankin Zheng,,Workflow,Software Simplified Workflow for Project EE,Software Simplified Workflow for Project EE-story,,,2021-03-28T08:06:01.998+00:00,"{""ConnectionId"":2,""BoardId"":8}",_raw_jira_api_issues,12451,
jira:JiraIssueChangelogItems:2:86344:status:0,jira:JiraIssue:2:10090,jira:JiraAccount:2:5e9711ba34f7b90c0fbc37d3,Rankin Zheng,status,status,Closed,已完成,DONE,,2021-03-28T08:06:05.447+00:00,"{""ConnectionId"":2,""BoardId"":8}",_raw_jira_api_issues,12461,
jira:JiraIssueChangelogItems:2:86344:Workflow:0,jira:JiraIssue:2:10090,jira:JiraAccount:2:5e9711ba34f7b90c0fbc37d3,Rankin Zheng,,Workflow,Software Simplified Workflow for Project EE,Software Simplified Workflow for Project EE-subtask,,,2021-03-28T08:06:05.447+00:00,"{""ConnectionId"":2,""BoardId"":8}",_raw_jira_api_issues,12461,
jira:JiraIssueChangelogItems:2:86412:status:0,jira:JiraIssue:2:10063,jira:JiraAccount:2:5e9711ba34f7b90c0fbc37d3,Rankin Zheng,status,status,Closed,已完成,DONE,,2021-03-28T08:06:08.715+00:00,"{""ConnectionId"":2,""BoardId"":8}",_raw_jira_api_issues,12441,
jira:JiraIssueChangelogItems:2:86412:Workflow:0,jira:JiraIssue:2:10063,jira:JiraAccount:2:5e9711ba34f7b90c0fbc37d3,Rankin Zheng,,Workflow,Software Simplified Workflow for Project EE,Software Simplified Workflow for Project EE-story,,,2021-03-28T08:06:08.715+00:00,"{""ConnectionId"":2,""BoardId"":8}",_raw_jira_api_issues,12441,
jira:JiraIssueChangelogItems:2:86429:status:0,jira:JiraIssue:2:10066,jira:JiraAccount:2:5e9711ba34f7b90c0fbc37d3,Rankin Zheng,status,status,Closed,已完成,DONE,,2021-03-28T08:06:09.537+00:00,"{""ConnectionId"":2,""BoardId"":8}",_raw_jira_api_issues,12444,
jira:JiraIssueChangelogItems:2:86429:Workflow:0,jira:JiraIssue:2:10066,jira:JiraAccount:2:5e9711ba34f7b90c0fbc37d3,Rankin Zheng,,Workflow,Software Simplified Workflow for Project EE,Software Simplified Workflow for Project EE-story,,,2021-03-28T08:06:09.537+00:00,"{""ConnectionId"":2,""BoardId"":8}",_raw_jira_api_issues,12444,
jira:JiraIssueChangelogItems:2:86652:status:0,jira:JiraIssue:2:10071,jira:JiraAccount:2:5e9711ba34f7b90c0fbc37d3,Rankin Zheng,status,status,Closed,已完成,DONE,,2021-03-28T08:06:20.166+00:00,"{""ConnectionId"":2,""BoardId"":8}",_raw_jira_api_issues,12448,
jira:JiraIssueChangelogItems:2:86652:Workflow:0,jira:JiraIssue:2:10071,jira:JiraAccount:2:5e9711ba34f7b90c0fbc37d3,Rankin Zheng,,Workflow,Software Simplified Workflow for Project EE,Software Simplified Workflow for Project EE-story,,,2021-03-28T08:06:20.166+00:00,"{""ConnectionId"":2,""BoardId"":8}",_raw_jira_api_issues,12448,
jira:JiraIssueChangelogItems:2:90429:Workflow:0,jira:JiraIssue:2:10064,jira:JiraAccount:2:5e9711ba34f7b90c0fbc37d3,Rankin Zheng,,Workflow,Software Simplified Workflow for Project EE-story,Software Simplified Workflow for Project EE-story2,,,2021-04-01T00:52:14.397+00:00,"{""ConnectionId"":2,""BoardId"":8}",_raw_jira_api_issues,12442,
jira:JiraIssueChangelogItems:2:90430:Workflow:0,jira:JiraIssue:2:10065,jira:JiraAccount:2:5e9711ba34f7b90c0fbc37d3,Rankin Zheng,,Workflow,Software Simplified Workflow for Project EE-story,Software Simplified Workflow for Project EE-story2,,,2021-04-01T00:52:14.443+00:00,"{""ConnectionId"":2,""BoardId"":8}",_raw_jira_api_issues,12443,
jira:JiraIssueChangelogItems:2:90434:Workflow:0,jira:JiraIssue:2:10092,jira:JiraAccount:2:5e9711ba34f7b90c0fbc37d3,Rankin Zheng,,Workflow,Software Simplified Workflow for Project EE-subtask,Software Simplified Workflow for Project EE-subtask2,,,2021-04-01T00:52:14.635+00:00,"{""ConnectionId"":2,""BoardId"":8}",_raw_jira_api_issues,12463,
jira:JiraIssueChangelogItems:2:90435:Workflow:0,jira:JiraIssue:2:10079,jira:JiraAccount:2:5e9711ba34f7b90c0fbc37d3,Rankin Zheng,,Workflow,Software Simplified Workflow for Project EE-story,Software Simplified Workflow for Project EE-story2,,,2021-04-01T00:52:14.681+00:00,"{""ConnectionId"":2,""BoardId"":8}",_raw_jira_api_issues,12453,
jira:JiraIssueChangelogItems:2:90436:Workflow:0,jira:JiraIssue:2:10072,jira:JiraAccount:2:5e9711ba34f7b90c0fbc37d3,Rankin Zheng,,Workflow,Software Simplified Workflow for Project EE-story,Software Simplified Workflow for Project EE-story2,,,2021-04-01T00:52:14.722+00:00,"{""ConnectionId"":2,""BoardId"":8}",_raw_jira_api_issues,12449,
jira:JiraIssueChangelogItems:2:90437:Workflow:0,jira:JiraIssue:2:10070,jira:JiraAccount:2:5e9711ba34f7b90c0fbc37d3,Rankin Zheng,,Workflow,Software Simplified Workflow for Project EE-story,Software Simplified Workflow for Project EE-story2,,,2021-04-01T00:52:14.769+00:00,"{""ConnectionId"":2,""BoardId"":8}",_raw_jira_api_issues,12447,
jira:JiraIssueChangelogItems:2:90438:Workflow:0,jira:JiraIssue:2:10067,jira:JiraAccount:2:5e9711ba34f7b90c0fbc37d3,Rankin Zheng,,Workflow,Software Simplified Workflow for Project EE-story,Software Simplified Workflow for Project EE-story2,,,2021-04-01T00:52:14.815+00:00,"{""ConnectionId"":2,""BoardId"":8}",_raw_jira_api_issues,12445,
jira:JiraIssueChangelogItems:2:90439:Workflow:0,jira:JiraIssue:2:10093,jira:JiraAccount:2:5e9711ba34f7b90c0fbc37d3,Rankin Zheng,,Workflow,Software Simplified Workflow for Project EE-subtask,Software Simplified Workflow for Project EE-subtask2,,,2021-04-01T00:52:14.858+00:00,"{""ConnectionId"":2,""BoardId"":8}",_raw_jira_api_issues,12464,
jira:JiraIssueChangelogItems:2:90440:Workflow:0,jira:JiraIssue:2:10094,jira:JiraAccount:2:5e9711ba34f7b90c0fbc37d3,Rankin Zheng,,Workflow,Software Simplified Workflow for Project EE-subtask,Software Simplified Workflow for Project EE-subtask2,,,2021-04-01T00:52:14.900+00:00,"{""ConnectionId"":2,""BoardId"":8}",_raw_jira_api_issues,12465,
jira:JiraIssueChangelogItems:2:90441:Workflow:0,jira:JiraIssue:2:10099,jira:JiraAccount:2:5e9711ba34f7b90c0fbc37d3,Rankin Zheng,,Workflow,Software Simplified Workflow for Project EE-subtask,Software Simplified Workflow for Project EE-subtask2,,,2021-04-01T00:52:14.944+00:00,"{""ConnectionId"":2,""BoardId"":8}",_raw_jira_api_issues,12470,
jira:JiraIssueChangelogItems:2:90442:Workflow:0,jira:JiraIssue:2:10098,jira:JiraAccount:2:5e9711ba34f7b90c0fbc37d3,Rankin Zheng,,Workflow,Software Simplified Workflow for Project EE-subtask,Software Simplified Workflow for Project EE-subtask2,,,2021-04-01T00:52:14.994+00:00,"{""ConnectionId"":2,""BoardId"":8}",_raw_jira_api_issues,12469,
jira:JiraIssueChangelogItems:2:90443:Workflow:0,jira:JiraIssue:2:10091,jira:JiraAccount:2:5e9711ba34f7b90c0fbc37d3,Rankin Zheng,,Workflow,Software Simplified Workflow for Project EE-subtask,Software Simplified Workflow for Project EE-subtask2,,,2021-04-01T00:52:15.041+00:00,"{""ConnectionId"":2,""BoardId"":8}",_raw_jira_api_issues,12462,
jira:JiraIssueChangelogItems:2:90445:Workflow:0,jira:JiraIssue:2:10088,jira:JiraAccount:2:5e9711ba34f7b90c0fbc37d3,Rankin Zheng,,Workflow,Software Simplified Workflow for Project EE-subtask,Software Simplified Workflow for Project EE-subtask2,,,2021-04-01T00:52:15.165+00:00,"{""ConnectionId"":2,""BoardId"":8}",_raw_jira_api_issues,12459,
jira:JiraIssueChangelogItems:2:90446:Workflow:0,jira:JiraIssue:2:10095,jira:JiraAccount:2:5e9711ba34f7b90c0fbc37d3,Rankin Zheng,,Workflow,Software Simplified Workflow for Project EE-subtask,Software Simplified Workflow for Project EE-subtask2,,,2021-04-01T00:52:15.209+00:00,"{""ConnectionId"":2,""BoardId"":8}",_raw_jira_api_issues,12466,
jira:JiraIssueChangelogItems:2:90448:Workflow:0,jira:JiraIssue:2:10097,jira:JiraAccount:2:5e9711ba34f7b90c0fbc37d3,Rankin Zheng,,Workflow,Software Simplified Workflow for Project EE-subtask,Software Simplified Workflow for Project EE-subtask2,,,2021-04-01T00:52:15.307+00:00,"{""ConnectionId"":2,""BoardId"":8}",_raw_jira_api_issues,12468,
jira:JiraIssueChangelogItems:2:90451:Workflow:0,jira:JiraIssue:2:10089,jira:JiraAccount:2:5e9711ba34f7b90c0fbc37d3,Rankin Zheng,,Workflow,Software Simplified Workflow for Project EE-subtask,Software Simplified Workflow for Project EE-subtask2,,,2021-04-01T00:52:15.451+00:00,"{""ConnectionId"":2,""BoardId"":8}",_raw_jira_api_issues,12460,
jira:JiraIssueChangelogItems:2:90454:Workflow:0,jira:JiraIssue:2:10086,jira:JiraAccount:2:5e9711ba34f7b90c0fbc37d3,Rankin Zheng,,Workflow,Software Simplified Workflow for Project EE-story,Software Simplified Workflow for Project EE-story2,,,2021-04-01T00:52:15.588+00:00,"{""ConnectionId"":2,""BoardId"":8}",_raw_jira_api_issues,12457,
jira:JiraIssueChangelogItems:2:90455:Workflow:0,jira:JiraIssue:2:10078,jira:JiraAccount:2:5e9711ba34f7b90c0fbc37d3,Rankin Zheng,,Workflow,Software Simplified Workflow for Project EE-story,Software Simplified Workflow for Project EE-story2,,,2021-04-01T00:52:15.629+00:00,"{""ConnectionId"":2,""BoardId"":8}",_raw_jira_api_issues,12452,
jira:JiraIssueChangelogItems:2:90461:Workflow:0,jira:JiraIssue:2:10076,jira:JiraAccount:2:5e9711ba34f7b90c0fbc37d3,Rankin Zheng,,Workflow,Software Simplified Workflow for Project EE-story,Software Simplified Workflow for Project EE-story2,,,2021-04-01T00:52:15.905+00:00,"{""ConnectionId"":2,""BoardId"":8}",_raw_jira_api_issues,12450,
jira:JiraIssueChangelogItems:2:90473:Workflow:0,jira:JiraIssue:2:10068,jira:JiraAccount:2:5e9711ba34f7b90c0fbc37d3,Rankin Zheng,,Workflow,Software Simplified Workflow for Project EE-story,Software Simplified Workflow for Project EE-story2,,,2021-04-01T00:52:16.448+00:00,"{""ConnectionId"":2,""BoardId"":8}",_raw_jira_api_issues,12446,
jira:JiraIssueChangelogItems:2:90479:Workflow:0,jira:JiraIssue:2:10085,jira:JiraAccount:2:5e9711ba34f7b90c0fbc37d3,Rankin Zheng,,Workflow,Software Simplified Workflow for Project EE-story,Software Simplified Workflow for Project EE-story2,,,2021-04-01T00:52:16.734+00:00,"{""ConnectionId"":2,""BoardId"":8}",_raw_jira_api_issues,12456,
jira:JiraIssueChangelogItems:2:90481:Workflow:0,jira:JiraIssue:2:10087,jira:JiraAccount:2:5e9711ba34f7b90c0fbc37d3,Rankin Zheng,,Workflow,Software Simplified Workflow for Project EE-subtask,Software Simplified Workflow for Project EE-subtask2,,,2021-04-01T00:52:16.821+00:00,"{""ConnectionId"":2,""BoardId"":8}",_raw_jira_api_issues,12458,
jira:JiraIssueChangelogItems:2:90482:Workflow:0,jira:JiraIssue:2:10096,jira:JiraAccount:2:5e9711ba34f7b90c0fbc37d3,Rankin Zheng,,Workflow,Software Simplified Workflow for Project EE-subtask,Software Simplified Workflow for Project EE-subtask2,,,2021-04-01T00:52:16.863+00:00,"{""ConnectionId"":2,""BoardId"":8}",_raw_jira_api_issues,12467,
jira:JiraIssueChangelogItems:2:90485:Workflow:0,jira:JiraIssue:2:10081,jira:JiraAccount:2:5e9711ba34f7b90c0fbc37d3,Rankin Zheng,,Workflow,Software Simplified Workflow for Project EE-story,Software Simplified Workflow for Project EE-story2,,,2021-04-01T00:52:17.010+00:00,"{""ConnectionId"":2,""BoardId"":8}",_raw_jira_api_issues,12454,
jira:JiraIssueChangelogItems:2:90497:Workflow:0,jira:JiraIssue:2:10082,jira:JiraAccount:2:5e9711ba34f7b90c0fbc37d3,Rankin Zheng,,Workflow,Software Simplified Workflow for Project EE-story,Software Simplified Workflow for Project EE-story2,,,2021-04-01T00:52:17.572+00:00,"{""ConnectionId"":2,""BoardId"":8}",_raw_jira_api_issues,12455,
jira:JiraIssueChangelogItems:2:90572:Workflow:0,jira:JiraIssue:2:10077,jira:JiraAccount:2:5e9711ba34f7b90c0fbc37d3,Rankin Zheng,,Workflow,Software Simplified Workflow for Project EE-story,Software Simplified Workflow for Project EE-story2,,,2021-04-01T00:52:21.034+00:00,"{""ConnectionId"":2,""BoardId"":8}",_raw_jira_api_issues,12451,
jira:JiraIssueChangelogItems:2:90642:Workflow:0,jira:JiraIssue:2:10090,jira:JiraAccount:2:5e9711ba34f7b90c0fbc37d3,Rankin Zheng,,Workflow,Software Simplified Workflow for Project EE-subtask,Software Simplified Workflow for Project EE-subtask2,,,2021-04-01T00:52:24.201+00:00,"{""ConnectionId"":2,""BoardId"":8}",_raw_jira_api_issues,12461,
jira:JiraIssueChangelogItems:2:90706:Workflow:0,jira:JiraIssue:2:10063,jira:JiraAccount:2:5e9711ba34f7b90c0fbc37d3,Rankin Zheng,,Workflow,Software Simplified Workflow for Project EE-story,Software Simplified Workflow for Project EE-story2,,,2021-04-01T00:52:27.109+00:00,"{""ConnectionId"":2,""BoardId"":8}",_raw_jira_api_issues,12441,
jira:JiraIssueChangelogItems:2:90722:Workflow:0,jira:JiraIssue:2:10066,jira:JiraAccount:2:5e9711ba34f7b90c0fbc37d3,Rankin Zheng,,Workflow,Software Simplified Workflow for Project EE-story,Software Simplified Workflow for Project EE-story2,,,2021-04-01T00:52:27.832+00:00,"{""ConnectionId"":2,""BoardId"":8}",_raw_jira_api_issues,12444,
jira:JiraIssueChangelogItems:2:90931:Workflow:0,jira:JiraIssue:2:10071,jira:JiraAccount:2:5e9711ba34f7b90c0fbc37d3,Rankin Zheng,,Workflow,Software Simplified Workflow for Project EE-story,Software Simplified Workflow for Project EE-story2,,,2021-04-01T00:52:37.382+00:00,"{""ConnectionId"":2,""BoardId"":8}",_raw_jira_api_issues,12448,
jira:JiraIssueChangelogItems:2:18876:Fix Version:1,jira:JiraIssue:2:10063,jira:JiraAccount:2:5e9711ba34f7b90c0fbc37d3,Rankin Zheng,fixVersions,Fix Version,v2.7.0,,,,2020-07-13T21:35:54.638+00:00,"{""ConnectionId"":2,""BoardId"":8}",_raw_jira_api_issues,12441,
jira:JiraIssueChangelogItems:2:18877:Fix Version:1,jira:JiraIssue:2:10064,jira:JiraAccount:2:5e9711ba34f7b90c0fbc37d3,Rankin Zheng,fixVersions,Fix Version,v2.7.0,,,,2020-07-13T21:35:54.706+00:00,"{""ConnectionId"":2,""BoardId"":8}",_raw_jira_api_issues,12442,
jira:JiraIssueChangelogItems:2:18878:Fix Version:1,jira:JiraIssue:2:10065,jira:JiraAccount:2:5e9711ba34f7b90c0fbc37d3,Rankin Zheng,fixVersions,Fix Version,v2.7.0,,,,2020-07-13T21:35:54.777+00:00,"{""ConnectionId"":2,""BoardId"":8}",_raw_jira_api_issues,12443,
jira:JiraIssueChangelogItems:2:18879:Fix Version:1,jira:JiraIssue:2:10066,jira:JiraAccount:2:5e9711ba34f7b90c0fbc37d3,Rankin Zheng,fixVersions,Fix Version,v2.7.0,,,,2020-07-13T21:35:54.842+00:00,"{""ConnectionId"":2,""BoardId"":8}",_raw_jira_api_issues,12444,
jira:JiraIssueChangelogItems:2:18880:Fix Version:1,jira:JiraIssue:2:10067,jira:JiraAccount:2:5e9711ba34f7b90c0fbc37d3,Rankin Zheng,fixVersions,Fix Version,v2.7.0,,,,2020-07-13T21:35:54.909+00:00,"{""ConnectionId"":2,""BoardId"":8}",_raw_jira_api_issues,12445,
jira:JiraIssueChangelogItems:2:18882:Fix Version:1,jira:JiraIssue:2:10068,jira:JiraAccount:2:5e9711ba34f7b90c0fbc37d3,Rankin Zheng,fixVersions,Fix Version,v2.7.0,,,,2020-07-13T21:35:55.030+00:00,"{""ConnectionId"":2,""BoardId"":8}",_raw_jira_api_issues,12446,
jira:JiraIssueChangelogItems:2:18885:Fix Version:1,jira:JiraIssue:2:10070,jira:JiraAccount:2:5e9711ba34f7b90c0fbc37d3,Rankin Zheng,fixVersions,Fix Version,v2.7.0,,,,2020-07-13T21:35:55.193+00:00,"{""ConnectionId"":2,""BoardId"":8}",_raw_jira_api_issues,12447,
jira:JiraIssueChangelogItems:2:18886:Fix Version:1,jira:JiraIssue:2:10071,jira:JiraAccount:2:5e9711ba34f7b90c0fbc37d3,Rankin Zheng,fixVersions,Fix Version,v2.7.0,,,,2020-07-13T21:35:55.251+00:00,"{""ConnectionId"":2,""BoardId"":8}",_raw_jira_api_issues,12448,
jira:JiraIssueChangelogItems:2:18888:Fix Version:1,jira:JiraIssue:2:10072,jira:JiraAccount:2:5e9711ba34f7b90c0fbc37d3,Rankin Zheng,fixVersions,Fix Version,v2.7.0,,,,2020-07-13T21:35:55.365+00:00,"{""ConnectionId"":2,""BoardId"":8}",_raw_jira_api_issues,12449,
jira:JiraIssueChangelogItems:2:11441:Fix Version:1,jira:JiraIssue:2:10076,jira:JiraAccount:2:5ecfbd0a47d31e0c2a15fd87,yuxiang,fixVersions,Fix Version,v2.7.0,,,,2020-06-15T08:59:51.341+00:00,"{""ConnectionId"":2,""BoardId"":8}",_raw_jira_api_issues,12450,
jira:JiraIssueChangelogItems:2:18893:Fix Version:1,jira:JiraIssue:2:10077,jira:JiraAccount:2:5e9711ba34f7b90c0fbc37d3,Rankin Zheng,fixVersions,Fix Version,v2.7.0,,,,2020-07-13T21:35:55.630+00:00,"{""ConnectionId"":2,""BoardId"":8}",_raw_jira_api_issues,12451,
jira:JiraIssueChangelogItems:2:18895:Fix Version:1,jira:JiraIssue:2:10078,jira:JiraAccount:2:5e9711ba34f7b90c0fbc37d3,Rankin Zheng,fixVersions,Fix Version,v2.7.0,,,,2020-07-13T21:35:55.731+00:00,"{""ConnectionId"":2,""BoardId"":8}",_raw_jira_api_issues,12452,
jira:JiraIssueChangelogItems:2:16738:Fix Version:1,jira:JiraIssue:2:10079,jira:JiraAccount:2:5e9711ba34f7b90c0fbc37d3,Rankin Zheng,fixVersions,Fix Version,v2.7.0,,,,2020-07-10T06:03:37.127+00:00,"{""ConnectionId"":2,""BoardId"":8}",_raw_jira_api_issues,12453,
jira:JiraIssueChangelogItems:2:11157:Fix Version:1,jira:JiraIssue:2:10085,jira:JiraAccount:2:5e9711ba34f7b90c0fbc37d3,Rankin Zheng,fixVersions,Fix Version,v2.5.5,,,,2020-06-12T07:48:04.999+00:00,"{""ConnectionId"":2,""BoardId"":8}",_raw_jira_api_issues,12456,
jira:JiraIssueChangelogItems:2:18900:Fix Version:1,jira:JiraIssue:2:10087,jira:JiraAccount:2:5e9711ba34f7b90c0fbc37d3,Rankin Zheng,fixVersions,Fix Version,v2.7.0,,,,2020-07-13T21:35:56.019+00:00,"{""ConnectionId"":2,""BoardId"":8}",_raw_jira_api_issues,12458,
jira:JiraIssueChangelogItems:2:18904:Fix Version:1,jira:JiraIssue:2:10090,jira:JiraAccount:2:5e9711ba34f7b90c0fbc37d3,Rankin Zheng,fixVersions,Fix Version,v2.7.0,,,,2020-07-13T21:35:56.252+00:00,"{""ConnectionId"":2,""BoardId"":8}",_raw_jira_api_issues,12461,
jira:JiraIssueChangelogItems:2:18906:Fix Version:1,jira:JiraIssue:2:10091,jira:JiraAccount:2:5e9711ba34f7b90c0fbc37d3,Rankin Zheng,fixVersions,Fix Version,v2.7.0,,,,2020-07-13T21:35:56.368+00:00,"{""ConnectionId"":2,""BoardId"":8}",_raw_jira_api_issues,12462,
jira:JiraIssueChangelogItems:2:18909:Fix Version:1,jira:JiraIssue:2:10094,jira:JiraAccount:2:5e9711ba34f7b90c0fbc37d3,Rankin Zheng,fixVersions,Fix Version,v2.7.0,,,,2020-07-13T21:35:56.580+00:00,"{""ConnectionId"":2,""BoardId"":8}",_raw_jira_api_issues,12465,
jira:JiraIssueChangelogItems:2:18910:Fix Version:1,jira:JiraIssue:2:10096,jira:JiraAccount:2:5e9711ba34f7b90c0fbc37d3,Rankin Zheng,fixVersions,Fix Version,v2.7.0,,,,2020-07-13T21:35:56.632+00:00,"{""ConnectionId"":2,""BoardId"":8}",_raw_jira_api_issues,12467,
jira:JiraIssueChangelogItems:2:18912:Fix Version:1,jira:JiraIssue:2:10099,jira:JiraAccount:2:5e9711ba34f7b90c0fbc37d3,Rankin Zheng,fixVersions,Fix Version,v2.7.0,,,,2020-07-13T21:35:56.738+00:00,"{""ConnectionId"":2,""BoardId"":8}",_raw_jira_api_issues,12470,
